image_id,person_id,digit,session,replicate,split_main,split_writer
1,1,0,1,1,train,train
2,1,0,1,2,train,train
3,1,0,1,3,train,train
4,1,0,1,4,train,train
5,1,0,1,5,train,train
6,1,0,1,6,train,train
7,1,0,1,7,train,train
8,1,0,1,8,train,train
9,1,0,1,9,train,train
10,1,0,1,10,train,train
11,1,0,1,11,train,train
12,1,0,1,12,train,train
13,1,0,1,13,train,train
14,1,0,1,14,train,train
15,1,0,1,15,train,train
16,1,0,1,16,train,train
17,1,0,1,17,train,train
18,1,0,1,18,train,train
19,1,0,1,19,train,train
20,1,0,1,20,train,train
21,1,0,1,21,train,train
22,1,0,1,22,train,train
23,1,0,1,23,train,train
24,1,0,1,24,train,train
25,1,0,1,25,train,train
26,1,0,1,26,train,train
27,1,0,1,27,train,train
28,1,0,1,28,train,train
29,1,0,1,29,train,train
30,1,0,1,30,train,train
31,1,0,1,31,train,train
32,1,0,1,32,train,train
33,1,0,1,33,train,train
34,1,0,1,34,train,train
35,1,0,1,35,train,train
36,1,0,1,36,train,train
37,1,0,1,37,train,train
38,1,0,1,38,train,train
39,1,0,1,39,train,train
40,1,0,1,40,train,train
41,1,0,1,41,train,train
42,1,0,1,42,train,train
43,1,0,1,43,train,train
44,1,0,1,44,train,train
45,1,0,1,45,train,train
46,1,0,1,46,train,train
47,1,0,1,47,train,train
48,1,0,1,48,train,train
49,1,0,1,49,train,train
50,1,0,1,50,train,train
51,1,0,2,1,train,train
52,1,0,2,2,train,train
53,1,0,2,3,train,train
54,1,0,2,4,train,train
55,1,0,2,5,train,train
56,1,0,2,6,train,train
57,1,0,2,7,train,train
58,1,0,2,8,train,train
59,1,0,2,9,train,train
60,1,0,2,10,train,train
61,1,0,2,11,train,train
62,1,0,2,12,train,train
63,1,0,2,13,train,train
64,1,0,2,14,train,train
65,1,0,2,15,train,train
66,1,0,2,16,train,train
67,1,0,2,17,train,train
68,1,0,2,18,train,train
69,1,0,2,19,train,train
70,1,0,2,20,train,train
71,1,0,2,21,train,train
72,1,0,2,22,train,train
73,1,0,2,23,train,train
74,1,0,2,24,train,train
75,1,0,2,25,train,train
76,1,0,2,26,train,train
77,1,0,2,27,train,train
78,1,0,2,28,train,train
79,1,0,2,29,train,train
80,1,0,2,30,train,train
81,1,0,2,31,train,train
82,1,0,2,32,train,train
83,1,0,2,33,train,train
84,1,0,2,34,train,train
85,1,0,2,35,train,train
86,1,0,2,36,train,train
87,1,0,2,37,train,train
88,1,0,2,38,train,train
89,1,0,2,39,train,train
90,1,0,2,40,train,train
91,1,0,2,41,train,train
92,1,0,2,42,train,train
93,1,0,2,43,train,train
94,1,0,2,44,train,train
95,1,0,2,45,train,train
96,1,0,2,46,train,train
97,1,0,2,47,train,train
98,1,0,2,48,train,train
99,1,0,2,49,train,train
100,1,0,2,50,train,train
101,1,0,3,1,train,train
102,1,0,3,2,train,train
103,1,0,3,3,train,train
104,1,0,3,4,train,train
105,1,0,3,5,train,train
106,1,0,3,6,train,train
107,1,0,3,7,train,train
108,1,0,3,8,train,train
109,1,0,3,9,train,train
110,1,0,3,10,train,train
111,1,0,3,11,train,train
112,1,0,3,12,train,train
113,1,0,3,13,train,train
114,1,0,3,14,train,train
115,1,0,3,15,train,train
116,1,0,3,16,train,train
117,1,0,3,17,train,train
118,1,0,3,18,train,train
119,1,0,3,19,train,train
120,1,0,3,20,train,train
121,1,0,3,21,train,train
122,1,0,3,22,train,train
123,1,0,3,23,train,train
124,1,0,3,24,train,train
125,1,0,3,25,train,train
126,1,0,3,26,train,train
127,1,0,3,27,train,train
128,1,0,3,28,train,train
129,1,0,3,29,train,train
130,1,0,3,30,train,train
131,1,0,3,31,train,train
132,1,0,3,32,train,train
133,1,0,3,33,train,train
134,1,0,3,34,train,train
135,1,0,3,35,train,train
136,1,0,3,36,train,train
137,1,0,3,37,train,train
138,1,0,3,38,train,train
139,1,0,3,39,train,train
140,1,0,3,40,train,train
141,1,0,3,41,train,train
142,1,0,3,42,train,train
143,1,0,3,43,train,train
144,1,0,3,44,train,train
145,1,0,3,45,train,train
146,1,0,3,46,train,train
147,1,0,3,47,train,train
148,1,0,3,48,train,train
149,1,0,3,49,train,train
150,1,0,3,50,train,train
151,1,0,4,1,val,train
152,1,0,4,2,val,train
153,1,0,4,3,val,train
154,1,0,4,4,val,train
155,1,0,4,5,val,train
156,1,0,4,6,val,train
157,1,0,4,7,val,train
158,1,0,4,8,val,train
159,1,0,4,9,val,train
160,1,0,4,10,val,train
161,1,0,4,11,val,train
162,1,0,4,12,val,train
163,1,0,4,13,val,train
164,1,0,4,14,val,train
165,1,0,4,15,val,train
166,1,0,4,16,val,train
167,1,0,4,17,val,train
168,1,0,4,18,val,train
169,1,0,4,19,val,train
170,1,0,4,20,val,train
171,1,0,4,21,val,train
172,1,0,4,22,val,train
173,1,0,4,23,val,train
174,1,0,4,24,val,train
175,1,0,4,25,val,train
176,1,0,4,26,val,train
177,1,0,4,27,val,train
178,1,0,4,28,val,train
179,1,0,4,29,val,train
180,1,0,4,30,val,train
181,1,0,4,31,val,train
182,1,0,4,32,val,train
183,1,0,4,33,val,train
184,1,0,4,34,val,train
185,1,0,4,35,val,train
186,1,0,4,36,val,train
187,1,0,4,37,val,train
188,1,0,4,38,val,train
189,1,0,4,39,val,train
190,1,0,4,40,val,train
191,1,0,4,41,val,train
192,1,0,4,42,val,train
193,1,0,4,43,val,train
194,1,0,4,44,val,train
195,1,0,4,45,val,train
196,1,0,4,46,val,train
197,1,0,4,47,val,train
198,1,0,4,48,val,train
199,1,0,4,49,val,train
200,1,0,4,50,val,train
201,1,0,5,1,test,train
202,1,0,5,2,test,train
203,1,0,5,3,test,train
204,1,0,5,4,test,train
205,1,0,5,5,test,train
206,1,0,5,6,test,train
207,1,0,5,7,test,train
208,1,0,5,8,test,train
209,1,0,5,9,test,train
210,1,0,5,10,test,train
211,1,0,5,11,test,train
212,1,0,5,12,test,train
213,1,0,5,13,test,train
214,1,0,5,14,test,train
215,1,0,5,15,test,train
216,1,0,5,16,test,train
217,1,0,5,17,test,train
218,1,0,5,18,test,train
219,1,0,5,19,test,train
220,1,0,5,20,test,train
221,1,0,5,21,test,train
222,1,0,5,22,test,train
223,1,0,5,23,test,train
224,1,0,5,24,test,train
225,1,0,5,25,test,train
226,1,0,5,26,test,train
227,1,0,5,27,test,train
228,1,0,5,28,test,train
229,1,0,5,29,test,train
230,1,0,5,30,test,train
231,1,0,5,31,test,train
232,1,0,5,32,test,train
233,1,0,5,33,test,train
234,1,0,5,34,test,train
235,1,0,5,35,test,train
236,1,0,5,36,test,train
237,1,0,5,37,test,train
238,1,0,5,38,test,train
239,1,0,5,39,test,train
240,1,0,5,40,test,train
241,1,0,5,41,test,train
242,1,0,5,42,test,train
243,1,0,5,43,test,train
244,1,0,5,44,test,train
245,1,0,5,45,test,train
246,1,0,5,46,test,train
247,1,0,5,47,test,train
248,1,0,5,48,test,train
249,1,0,5,49,test,train
250,1,0,5,50,test,train
251,1,1,1,1,train,train
252,1,1,1,2,train,train
253,1,1,1,3,train,train
254,1,1,1,4,train,train
255,1,1,1,5,train,train
256,1,1,1,6,train,train
257,1,1,1,7,train,train
258,1,1,1,8,train,train
259,1,1,1,9,train,train
260,1,1,1,10,train,train
261,1,1,1,11,train,train
262,1,1,1,12,train,train
263,1,1,1,13,train,train
264,1,1,1,14,train,train
265,1,1,1,15,train,train
266,1,1,1,16,train,train
267,1,1,1,17,train,train
268,1,1,1,18,train,train
269,1,1,1,19,train,train
270,1,1,1,20,train,train
271,1,1,1,21,train,train
272,1,1,1,22,train,train
273,1,1,1,23,train,train
274,1,1,1,24,train,train
275,1,1,1,25,train,train
276,1,1,1,26,train,train
277,1,1,1,27,train,train
278,1,1,1,28,train,train
279,1,1,1,29,train,train
280,1,1,1,30,train,train
281,1,1,1,31,train,train
282,1,1,1,32,train,train
283,1,1,1,33,train,train
284,1,1,1,34,train,train
285,1,1,1,35,train,train
286,1,1,1,36,train,train
287,1,1,1,37,train,train
288,1,1,1,38,train,train
289,1,1,1,39,train,train
290,1,1,1,40,train,train
291,1,1,1,41,train,train
292,1,1,1,42,train,train
293,1,1,1,43,train,train
294,1,1,1,44,train,train
295,1,1,1,45,train,train
296,1,1,1,46,train,train
297,1,1,1,47,train,train
298,1,1,1,48,train,train
299,1,1,1,49,train,train
300,1,1,1,50,train,train
301,1,1,2,1,train,train
302,1,1,2,2,train,train
303,1,1,2,3,train,train
304,1,1,2,4,train,train
305,1,1,2,5,train,train
306,1,1,2,6,train,train
307,1,1,2,7,train,train
308,1,1,2,8,train,train
309,1,1,2,9,train,train
310,1,1,2,10,train,train
311,1,1,2,11,train,train
312,1,1,2,12,train,train
313,1,1,2,13,train,train
314,1,1,2,14,train,train
315,1,1,2,15,train,train
316,1,1,2,16,train,train
317,1,1,2,17,train,train
318,1,1,2,18,train,train
319,1,1,2,19,train,train
320,1,1,2,20,train,train
321,1,1,2,21,train,train
322,1,1,2,22,train,train
323,1,1,2,23,train,train
324,1,1,2,24,train,train
325,1,1,2,25,train,train
326,1,1,2,26,train,train
327,1,1,2,27,train,train
328,1,1,2,28,train,train
329,1,1,2,29,train,train
330,1,1,2,30,train,train
331,1,1,2,31,train,train
332,1,1,2,32,train,train
333,1,1,2,33,train,train
334,1,1,2,34,train,train
335,1,1,2,35,train,train
336,1,1,2,36,train,train
337,1,1,2,37,train,train
338,1,1,2,38,train,train
339,1,1,2,39,train,train
340,1,1,2,40,train,train
341,1,1,2,41,train,train
342,1,1,2,42,train,train
343,1,1,2,43,train,train
344,1,1,2,44,train,train
345,1,1,2,45,train,train
346,1,1,2,46,train,train
347,1,1,2,47,train,train
348,1,1,2,48,train,train
349,1,1,2,49,train,train
350,1,1,2,50,train,train
351,1,1,3,1,train,train
352,1,1,3,2,train,train
353,1,1,3,3,train,train
354,1,1,3,4,train,train
355,1,1,3,5,train,train
356,1,1,3,6,train,train
357,1,1,3,7,train,train
358,1,1,3,8,train,train
359,1,1,3,9,train,train
360,1,1,3,10,train,train
361,1,1,3,11,train,train
362,1,1,3,12,train,train
363,1,1,3,13,train,train
364,1,1,3,14,train,train
365,1,1,3,15,train,train
366,1,1,3,16,train,train
367,1,1,3,17,train,train
368,1,1,3,18,train,train
369,1,1,3,19,train,train
370,1,1,3,20,train,train
371,1,1,3,21,train,train
372,1,1,3,22,train,train
373,1,1,3,23,train,train
374,1,1,3,24,train,train
375,1,1,3,25,train,train
376,1,1,3,26,train,train
377,1,1,3,27,train,train
378,1,1,3,28,train,train
379,1,1,3,29,train,train
380,1,1,3,30,train,train
381,1,1,3,31,train,train
382,1,1,3,32,train,train
383,1,1,3,33,train,train
384,1,1,3,34,train,train
385,1,1,3,35,train,train
386,1,1,3,36,train,train
387,1,1,3,37,train,train
388,1,1,3,38,train,train
389,1,1,3,39,train,train
390,1,1,3,40,train,train
391,1,1,3,41,train,train
392,1,1,3,42,train,train
393,1,1,3,43,train,train
394,1,1,3,44,train,train
395,1,1,3,45,train,train
396,1,1,3,46,train,train
397,1,1,3,47,train,train
398,1,1,3,48,train,train
399,1,1,3,49,train,train
400,1,1,3,50,train,train
401,1,1,4,1,val,train
402,1,1,4,2,val,train
403,1,1,4,3,val,train
404,1,1,4,4,val,train
405,1,1,4,5,val,train
406,1,1,4,6,val,train
407,1,1,4,7,val,train
408,1,1,4,8,val,train
409,1,1,4,9,val,train
410,1,1,4,10,val,train
411,1,1,4,11,val,train
412,1,1,4,12,val,train
413,1,1,4,13,val,train
414,1,1,4,14,val,train
415,1,1,4,15,val,train
416,1,1,4,16,val,train
417,1,1,4,17,val,train
418,1,1,4,18,val,train
419,1,1,4,19,val,train
420,1,1,4,20,val,train
421,1,1,4,21,val,train
422,1,1,4,22,val,train
423,1,1,4,23,val,train
424,1,1,4,24,val,train
425,1,1,4,25,val,train
426,1,1,4,26,val,train
427,1,1,4,27,val,train
428,1,1,4,28,val,train
429,1,1,4,29,val,train
430,1,1,4,30,val,train
431,1,1,4,31,val,train
432,1,1,4,32,val,train
433,1,1,4,33,val,train
434,1,1,4,34,val,train
435,1,1,4,35,val,train
436,1,1,4,36,val,train
437,1,1,4,37,val,train
438,1,1,4,38,val,train
439,1,1,4,39,val,train
440,1,1,4,40,val,train
441,1,1,4,41,val,train
442,1,1,4,42,val,train
443,1,1,4,43,val,train
444,1,1,4,44,val,train
445,1,1,4,45,val,train
446,1,1,4,46,val,train
447,1,1,4,47,val,train
448,1,1,4,48,val,train
449,1,1,4,49,val,train
450,1,1,4,50,val,train
451,1,1,5,1,test,train
452,1,1,5,2,test,train
453,1,1,5,3,test,train
454,1,1,5,4,test,train
455,1,1,5,5,test,train
456,1,1,5,6,test,train
457,1,1,5,7,test,train
458,1,1,5,8,test,train
459,1,1,5,9,test,train
460,1,1,5,10,test,train
461,1,1,5,11,test,train
462,1,1,5,12,test,train
463,1,1,5,13,test,train
464,1,1,5,14,test,train
465,1,1,5,15,test,train
466,1,1,5,16,test,train
467,1,1,5,17,test,train
468,1,1,5,18,test,train
469,1,1,5,19,test,train
470,1,1,5,20,test,train
471,1,1,5,21,test,train
472,1,1,5,22,test,train
473,1,1,5,23,test,train
474,1,1,5,24,test,train
475,1,1,5,25,test,train
476,1,1,5,26,test,train
477,1,1,5,27,test,train
478,1,1,5,28,test,train
479,1,1,5,29,test,train
480,1,1,5,30,test,train
481,1,1,5,31,test,train
482,1,1,5,32,test,train
483,1,1,5,33,test,train
484,1,1,5,34,test,train
485,1,1,5,35,test,train
486,1,1,5,36,test,train
487,1,1,5,37,test,train
488,1,1,5,38,test,train
489,1,1,5,39,test,train
490,1,1,5,40,test,train
491,1,1,5,41,test,train
492,1,1,5,42,test,train
493,1,1,5,43,test,train
494,1,1,5,44,test,train
495,1,1,5,45,test,train
496,1,1,5,46,test,train
497,1,1,5,47,test,train
498,1,1,5,48,test,train
499,1,1,5,49,test,train
500,1,1,5,50,test,train
501,1,2,1,1,train,train
502,1,2,1,2,train,train
503,1,2,1,3,train,train
504,1,2,1,4,train,train
505,1,2,1,5,train,train
506,1,2,1,6,train,train
507,1,2,1,7,train,train
508,1,2,1,8,train,train
509,1,2,1,9,train,train
510,1,2,1,10,train,train
511,1,2,1,11,train,train
512,1,2,1,12,train,train
513,1,2,1,13,train,train
514,1,2,1,14,train,train
515,1,2,1,15,train,train
516,1,2,1,16,train,train
517,1,2,1,17,train,train
518,1,2,1,18,train,train
519,1,2,1,19,train,train
520,1,2,1,20,train,train
521,1,2,1,21,train,train
522,1,2,1,22,train,train
523,1,2,1,23,train,train
524,1,2,1,24,train,train
525,1,2,1,25,train,train
526,1,2,1,26,train,train
527,1,2,1,27,train,train
528,1,2,1,28,train,train
529,1,2,1,29,train,train
530,1,2,1,30,train,train
531,1,2,1,31,train,train
532,1,2,1,32,train,train
533,1,2,1,33,train,train
534,1,2,1,34,train,train
535,1,2,1,35,train,train
536,1,2,1,36,train,train
537,1,2,1,37,train,train
538,1,2,1,38,train,train
539,1,2,1,39,train,train
540,1,2,1,40,train,train
541,1,2,1,41,train,train
542,1,2,1,42,train,train
543,1,2,1,43,train,train
544,1,2,1,44,train,train
545,1,2,1,45,train,train
546,1,2,1,46,train,train
547,1,2,1,47,train,train
548,1,2,1,48,train,train
549,1,2,1,49,train,train
550,1,2,1,50,train,train
551,1,2,2,1,train,train
552,1,2,2,2,train,train
553,1,2,2,3,train,train
554,1,2,2,4,train,train
555,1,2,2,5,train,train
556,1,2,2,6,train,train
557,1,2,2,7,train,train
558,1,2,2,8,train,train
559,1,2,2,9,train,train
560,1,2,2,10,train,train
561,1,2,2,11,train,train
562,1,2,2,12,train,train
563,1,2,2,13,train,train
564,1,2,2,14,train,train
565,1,2,2,15,train,train
566,1,2,2,16,train,train
567,1,2,2,17,train,train
568,1,2,2,18,train,train
569,1,2,2,19,train,train
570,1,2,2,20,train,train
571,1,2,2,21,train,train
572,1,2,2,22,train,train
573,1,2,2,23,train,train
574,1,2,2,24,train,train
575,1,2,2,25,train,train
576,1,2,2,26,train,train
577,1,2,2,27,train,train
578,1,2,2,28,train,train
579,1,2,2,29,train,train
580,1,2,2,30,train,train
581,1,2,2,31,train,train
582,1,2,2,32,train,train
583,1,2,2,33,train,train
584,1,2,2,34,train,train
585,1,2,2,35,train,train
586,1,2,2,36,train,train
587,1,2,2,37,train,train
588,1,2,2,38,train,train
589,1,2,2,39,train,train
590,1,2,2,40,train,train
591,1,2,2,41,train,train
592,1,2,2,42,train,train
593,1,2,2,43,train,train
594,1,2,2,44,train,train
595,1,2,2,45,train,train
596,1,2,2,46,train,train
597,1,2,2,47,train,train
598,1,2,2,48,train,train
599,1,2,2,49,train,train
600,1,2,2,50,train,train
601,1,2,3,1,train,train
602,1,2,3,2,train,train
603,1,2,3,3,train,train
604,1,2,3,4,train,train
605,1,2,3,5,train,train
606,1,2,3,6,train,train
607,1,2,3,7,train,train
608,1,2,3,8,train,train
609,1,2,3,9,train,train
610,1,2,3,10,train,train
611,1,2,3,11,train,train
612,1,2,3,12,train,train
613,1,2,3,13,train,train
614,1,2,3,14,train,train
615,1,2,3,15,train,train
616,1,2,3,16,train,train
617,1,2,3,17,train,train
618,1,2,3,18,train,train
619,1,2,3,19,train,train
620,1,2,3,20,train,train
621,1,2,3,21,train,train
622,1,2,3,22,train,train
623,1,2,3,23,train,train
624,1,2,3,24,train,train
625,1,2,3,25,train,train
626,1,2,3,26,train,train
627,1,2,3,27,train,train
628,1,2,3,28,train,train
629,1,2,3,29,train,train
630,1,2,3,30,train,train
631,1,2,3,31,train,train
632,1,2,3,32,train,train
633,1,2,3,33,train,train
634,1,2,3,34,train,train
635,1,2,3,35,train,train
636,1,2,3,36,train,train
637,1,2,3,37,train,train
638,1,2,3,38,train,train
639,1,2,3,39,train,train
640,1,2,3,40,train,train
641,1,2,3,41,train,train
642,1,2,3,42,train,train
643,1,2,3,43,train,train
644,1,2,3,44,train,train
645,1,2,3,45,train,train
646,1,2,3,46,train,train
647,1,2,3,47,train,train
648,1,2,3,48,train,train
649,1,2,3,49,train,train
650,1,2,3,50,train,train
651,1,2,4,1,val,train
652,1,2,4,2,val,train
653,1,2,4,3,val,train
654,1,2,4,4,val,train
655,1,2,4,5,val,train
656,1,2,4,6,val,train
657,1,2,4,7,val,train
658,1,2,4,8,val,train
659,1,2,4,9,val,train
660,1,2,4,10,val,train
661,1,2,4,11,val,train
662,1,2,4,12,val,train
663,1,2,4,13,val,train
664,1,2,4,14,val,train
665,1,2,4,15,val,train
666,1,2,4,16,val,train
667,1,2,4,17,val,train
668,1,2,4,18,val,train
669,1,2,4,19,val,train
670,1,2,4,20,val,train
671,1,2,4,21,val,train
672,1,2,4,22,val,train
673,1,2,4,23,val,train
674,1,2,4,24,val,train
675,1,2,4,25,val,train
676,1,2,4,26,val,train
677,1,2,4,27,val,train
678,1,2,4,28,val,train
679,1,2,4,29,val,train
680,1,2,4,30,val,train
681,1,2,4,31,val,train
682,1,2,4,32,val,train
683,1,2,4,33,val,train
684,1,2,4,34,val,train
685,1,2,4,35,val,train
686,1,2,4,36,val,train
687,1,2,4,37,val,train
688,1,2,4,38,val,train
689,1,2,4,39,val,train
690,1,2,4,40,val,train
691,1,2,4,41,val,train
692,1,2,4,42,val,train
693,1,2,4,43,val,train
694,1,2,4,44,val,train
695,1,2,4,45,val,train
696,1,2,4,46,val,train
697,1,2,4,47,val,train
698,1,2,4,48,val,train
699,1,2,4,49,val,train
700,1,2,4,50,val,train
701,1,2,5,1,test,train
702,1,2,5,2,test,train
703,1,2,5,3,test,train
704,1,2,5,4,test,train
705,1,2,5,5,test,train
706,1,2,5,6,test,train
707,1,2,5,7,test,train
708,1,2,5,8,test,train
709,1,2,5,9,test,train
710,1,2,5,10,test,train
711,1,2,5,11,test,train
712,1,2,5,12,test,train
713,1,2,5,13,test,train
714,1,2,5,14,test,train
715,1,2,5,15,test,train
716,1,2,5,16,test,train
717,1,2,5,17,test,train
718,1,2,5,18,test,train
719,1,2,5,19,test,train
720,1,2,5,20,test,train
721,1,2,5,21,test,train
722,1,2,5,22,test,train
723,1,2,5,23,test,train
724,1,2,5,24,test,train
725,1,2,5,25,test,train
726,1,2,5,26,test,train
727,1,2,5,27,test,train
728,1,2,5,28,test,train
729,1,2,5,29,test,train
730,1,2,5,30,test,train
731,1,2,5,31,test,train
732,1,2,5,32,test,train
733,1,2,5,33,test,train
734,1,2,5,34,test,train
735,1,2,5,35,test,train
736,1,2,5,36,test,train
737,1,2,5,37,test,train
738,1,2,5,38,test,train
739,1,2,5,39,test,train
740,1,2,5,40,test,train
741,1,2,5,41,test,train
742,1,2,5,42,test,train
743,1,2,5,43,test,train
744,1,2,5,44,test,train
745,1,2,5,45,test,train
746,1,2,5,46,test,train
747,1,2,5,47,test,train
748,1,2,5,48,test,train
749,1,2,5,49,test,train
750,1,2,5,50,test,train
751,1,3,1,1,train,train
752,1,3,1,2,train,train
753,1,3,1,3,train,train
754,1,3,1,4,train,train
755,1,3,1,5,train,train
756,1,3,1,6,train,train
757,1,3,1,7,train,train
758,1,3,1,8,train,train
759,1,3,1,9,train,train
760,1,3,1,10,train,train
761,1,3,1,11,train,train
762,1,3,1,12,train,train
763,1,3,1,13,train,train
764,1,3,1,14,train,train
765,1,3,1,15,train,train
766,1,3,1,16,train,train
767,1,3,1,17,train,train
768,1,3,1,18,train,train
769,1,3,1,19,train,train
770,1,3,1,20,train,train
771,1,3,1,21,train,train
772,1,3,1,22,train,train
773,1,3,1,23,train,train
774,1,3,1,24,train,train
775,1,3,1,25,train,train
776,1,3,1,26,train,train
777,1,3,1,27,train,train
778,1,3,1,28,train,train
779,1,3,1,29,train,train
780,1,3,1,30,train,train
781,1,3,1,31,train,train
782,1,3,1,32,train,train
783,1,3,1,33,train,train
784,1,3,1,34,train,train
785,1,3,1,35,train,train
786,1,3,1,36,train,train
787,1,3,1,37,train,train
788,1,3,1,38,train,train
789,1,3,1,39,train,train
790,1,3,1,40,train,train
791,1,3,1,41,train,train
792,1,3,1,42,train,train
793,1,3,1,43,train,train
794,1,3,1,44,train,train
795,1,3,1,45,train,train
796,1,3,1,46,train,train
797,1,3,1,47,train,train
798,1,3,1,48,train,train
799,1,3,1,49,train,train
800,1,3,1,50,train,train
801,1,3,2,1,train,train
802,1,3,2,2,train,train
803,1,3,2,3,train,train
804,1,3,2,4,train,train
805,1,3,2,5,train,train
806,1,3,2,6,train,train
807,1,3,2,7,train,train
808,1,3,2,8,train,train
809,1,3,2,9,train,train
810,1,3,2,10,train,train
811,1,3,2,11,train,train
812,1,3,2,12,train,train
813,1,3,2,13,train,train
814,1,3,2,14,train,train
815,1,3,2,15,train,train
816,1,3,2,16,train,train
817,1,3,2,17,train,train
818,1,3,2,18,train,train
819,1,3,2,19,train,train
820,1,3,2,20,train,train
821,1,3,2,21,train,train
822,1,3,2,22,train,train
823,1,3,2,23,train,train
824,1,3,2,24,train,train
825,1,3,2,25,train,train
826,1,3,2,26,train,train
827,1,3,2,27,train,train
828,1,3,2,28,train,train
829,1,3,2,29,train,train
830,1,3,2,30,train,train
831,1,3,2,31,train,train
832,1,3,2,32,train,train
833,1,3,2,33,train,train
834,1,3,2,34,train,train
835,1,3,2,35,train,train
836,1,3,2,36,train,train
837,1,3,2,37,train,train
838,1,3,2,38,train,train
839,1,3,2,39,train,train
840,1,3,2,40,train,train
841,1,3,2,41,train,train
842,1,3,2,42,train,train
843,1,3,2,43,train,train
844,1,3,2,44,train,train
845,1,3,2,45,train,train
846,1,3,2,46,train,train
847,1,3,2,47,train,train
848,1,3,2,48,train,train
849,1,3,2,49,train,train
850,1,3,2,50,train,train
851,1,3,3,1,train,train
852,1,3,3,2,train,train
853,1,3,3,3,train,train
854,1,3,3,4,train,train
855,1,3,3,5,train,train
856,1,3,3,6,train,train
857,1,3,3,7,train,train
858,1,3,3,8,train,train
859,1,3,3,9,train,train
860,1,3,3,10,train,train
861,1,3,3,11,train,train
862,1,3,3,12,train,train
863,1,3,3,13,train,train
864,1,3,3,14,train,train
865,1,3,3,15,train,train
866,1,3,3,16,train,train
867,1,3,3,17,train,train
868,1,3,3,18,train,train
869,1,3,3,19,train,train
870,1,3,3,20,train,train
871,1,3,3,21,train,train
872,1,3,3,22,train,train
873,1,3,3,23,train,train
874,1,3,3,24,train,train
875,1,3,3,25,train,train
876,1,3,3,26,train,train
877,1,3,3,27,train,train
878,1,3,3,28,train,train
879,1,3,3,29,train,train
880,1,3,3,30,train,train
881,1,3,3,31,train,train
882,1,3,3,32,train,train
883,1,3,3,33,train,train
884,1,3,3,34,train,train
885,1,3,3,35,train,train
886,1,3,3,36,train,train
887,1,3,3,37,train,train
888,1,3,3,38,train,train
889,1,3,3,39,train,train
890,1,3,3,40,train,train
891,1,3,3,41,train,train
892,1,3,3,42,train,train
893,1,3,3,43,train,train
894,1,3,3,44,train,train
895,1,3,3,45,train,train
896,1,3,3,46,train,train
897,1,3,3,47,train,train
898,1,3,3,48,train,train
899,1,3,3,49,train,train
900,1,3,3,50,train,train
901,1,3,4,1,val,train
902,1,3,4,2,val,train
903,1,3,4,3,val,train
904,1,3,4,4,val,train
905,1,3,4,5,val,train
906,1,3,4,6,val,train
907,1,3,4,7,val,train
908,1,3,4,8,val,train
909,1,3,4,9,val,train
910,1,3,4,10,val,train
911,1,3,4,11,val,train
912,1,3,4,12,val,train
913,1,3,4,13,val,train
914,1,3,4,14,val,train
915,1,3,4,15,val,train
916,1,3,4,16,val,train
917,1,3,4,17,val,train
918,1,3,4,18,val,train
919,1,3,4,19,val,train
920,1,3,4,20,val,train
921,1,3,4,21,val,train
922,1,3,4,22,val,train
923,1,3,4,23,val,train
924,1,3,4,24,val,train
925,1,3,4,25,val,train
926,1,3,4,26,val,train
927,1,3,4,27,val,train
928,1,3,4,28,val,train
929,1,3,4,29,val,train
930,1,3,4,30,val,train
931,1,3,4,31,val,train
932,1,3,4,32,val,train
933,1,3,4,33,val,train
934,1,3,4,34,val,train
935,1,3,4,35,val,train
936,1,3,4,36,val,train
937,1,3,4,37,val,train
938,1,3,4,38,val,train
939,1,3,4,39,val,train
940,1,3,4,40,val,train
941,1,3,4,41,val,train
942,1,3,4,42,val,train
943,1,3,4,43,val,train
944,1,3,4,44,val,train
945,1,3,4,45,val,train
946,1,3,4,46,val,train
947,1,3,4,47,val,train
948,1,3,4,48,val,train
949,1,3,4,49,val,train
950,1,3,4,50,val,train
951,1,3,5,1,test,train
952,1,3,5,2,test,train
953,1,3,5,3,test,train
954,1,3,5,4,test,train
955,1,3,5,5,test,train
956,1,3,5,6,test,train
957,1,3,5,7,test,train
958,1,3,5,8,test,train
959,1,3,5,9,test,train
960,1,3,5,10,test,train
961,1,3,5,11,test,train
962,1,3,5,12,test,train
963,1,3,5,13,test,train
964,1,3,5,14,test,train
965,1,3,5,15,test,train
966,1,3,5,16,test,train
967,1,3,5,17,test,train
968,1,3,5,18,test,train
969,1,3,5,19,test,train
970,1,3,5,20,test,train
971,1,3,5,21,test,train
972,1,3,5,22,test,train
973,1,3,5,23,test,train
974,1,3,5,24,test,train
975,1,3,5,25,test,train
976,1,3,5,26,test,train
977,1,3,5,27,test,train
978,1,3,5,28,test,train
979,1,3,5,29,test,train
980,1,3,5,30,test,train
981,1,3,5,31,test,train
982,1,3,5,32,test,train
983,1,3,5,33,test,train
984,1,3,5,34,test,train
985,1,3,5,35,test,train
986,1,3,5,36,test,train
987,1,3,5,37,test,train
988,1,3,5,38,test,train
989,1,3,5,39,test,train
990,1,3,5,40,test,train
991,1,3,5,41,test,train
992,1,3,5,42,test,train
993,1,3,5,43,test,train
994,1,3,5,44,test,train
995,1,3,5,45,test,train
996,1,3,5,46,test,train
997,1,3,5,47,test,train
998,1,3,5,48,test,train
999,1,3,5,49,test,train
1000,1,3,5,50,test,train
1001,1,4,1,1,train,train
1002,1,4,1,2,train,train
1003,1,4,1,3,train,train
1004,1,4,1,4,train,train
1005,1,4,1,5,train,train
1006,1,4,1,6,train,train
1007,1,4,1,7,train,train
1008,1,4,1,8,train,train
1009,1,4,1,9,train,train
1010,1,4,1,10,train,train
1011,1,4,1,11,train,train
1012,1,4,1,12,train,train
1013,1,4,1,13,train,train
1014,1,4,1,14,train,train
1015,1,4,1,15,train,train
1016,1,4,1,16,train,train
1017,1,4,1,17,train,train
1018,1,4,1,18,train,train
1019,1,4,1,19,train,train
1020,1,4,1,20,train,train
1021,1,4,1,21,train,train
1022,1,4,1,22,train,train
1023,1,4,1,23,train,train
1024,1,4,1,24,train,train
1025,1,4,1,25,train,train
1026,1,4,1,26,train,train
1027,1,4,1,27,train,train
1028,1,4,1,28,train,train
1029,1,4,1,29,train,train
1030,1,4,1,30,train,train
1031,1,4,1,31,train,train
1032,1,4,1,32,train,train
1033,1,4,1,33,train,train
1034,1,4,1,34,train,train
1035,1,4,1,35,train,train
1036,1,4,1,36,train,train
1037,1,4,1,37,train,train
1038,1,4,1,38,train,train
1039,1,4,1,39,train,train
1040,1,4,1,40,train,train
1041,1,4,1,41,train,train
1042,1,4,1,42,train,train
1043,1,4,1,43,train,train
1044,1,4,1,44,train,train
1045,1,4,1,45,train,train
1046,1,4,1,46,train,train
1047,1,4,1,47,train,train
1048,1,4,1,48,train,train
1049,1,4,1,49,train,train
1050,1,4,1,50,train,train
1051,1,4,2,1,train,train
1052,1,4,2,2,train,train
1053,1,4,2,3,train,train
1054,1,4,2,4,train,train
1055,1,4,2,5,train,train
1056,1,4,2,6,train,train
1057,1,4,2,7,train,train
1058,1,4,2,8,train,train
1059,1,4,2,9,train,train
1060,1,4,2,10,train,train
1061,1,4,2,11,train,train
1062,1,4,2,12,train,train
1063,1,4,2,13,train,train
1064,1,4,2,14,train,train
1065,1,4,2,15,train,train
1066,1,4,2,16,train,train
1067,1,4,2,17,train,train
1068,1,4,2,18,train,train
1069,1,4,2,19,train,train
1070,1,4,2,20,train,train
1071,1,4,2,21,train,train
1072,1,4,2,22,train,train
1073,1,4,2,23,train,train
1074,1,4,2,24,train,train
1075,1,4,2,25,train,train
1076,1,4,2,26,train,train
1077,1,4,2,27,train,train
1078,1,4,2,28,train,train
1079,1,4,2,29,train,train
1080,1,4,2,30,train,train
1081,1,4,2,31,train,train
1082,1,4,2,32,train,train
1083,1,4,2,33,train,train
1084,1,4,2,34,train,train
1085,1,4,2,35,train,train
1086,1,4,2,36,train,train
1087,1,4,2,37,train,train
1088,1,4,2,38,train,train
1089,1,4,2,39,train,train
1090,1,4,2,40,train,train
1091,1,4,2,41,train,train
1092,1,4,2,42,train,train
1093,1,4,2,43,train,train
1094,1,4,2,44,train,train
1095,1,4,2,45,train,train
1096,1,4,2,46,train,train
1097,1,4,2,47,train,train
1098,1,4,2,48,train,train
1099,1,4,2,49,train,train
1100,1,4,2,50,train,train
1101,1,4,3,1,train,train
1102,1,4,3,2,train,train
1103,1,4,3,3,train,train
1104,1,4,3,4,train,train
1105,1,4,3,5,train,train
1106,1,4,3,6,train,train
1107,1,4,3,7,train,train
1108,1,4,3,8,train,train
1109,1,4,3,9,train,train
1110,1,4,3,10,train,train
1111,1,4,3,11,train,train
1112,1,4,3,12,train,train
1113,1,4,3,13,train,train
1114,1,4,3,14,train,train
1115,1,4,3,15,train,train
1116,1,4,3,16,train,train
1117,1,4,3,17,train,train
1118,1,4,3,18,train,train
1119,1,4,3,19,train,train
1120,1,4,3,20,train,train
1121,1,4,3,21,train,train
1122,1,4,3,22,train,train
1123,1,4,3,23,train,train
1124,1,4,3,24,train,train
1125,1,4,3,25,train,train
1126,1,4,3,26,train,train
1127,1,4,3,27,train,train
1128,1,4,3,28,train,train
1129,1,4,3,29,train,train
1130,1,4,3,30,train,train
1131,1,4,3,31,train,train
1132,1,4,3,32,train,train
1133,1,4,3,33,train,train
1134,1,4,3,34,train,train
1135,1,4,3,35,train,train
1136,1,4,3,36,train,train
1137,1,4,3,37,train,train
1138,1,4,3,38,train,train
1139,1,4,3,39,train,train
1140,1,4,3,40,train,train
1141,1,4,3,41,train,train
1142,1,4,3,42,train,train
1143,1,4,3,43,train,train
1144,1,4,3,44,train,train
1145,1,4,3,45,train,train
1146,1,4,3,46,train,train
1147,1,4,3,47,train,train
1148,1,4,3,48,train,train
1149,1,4,3,49,train,train
1150,1,4,3,50,train,train
1151,1,4,4,1,val,train
1152,1,4,4,2,val,train
1153,1,4,4,3,val,train
1154,1,4,4,4,val,train
1155,1,4,4,5,val,train
1156,1,4,4,6,val,train
1157,1,4,4,7,val,train
1158,1,4,4,8,val,train
1159,1,4,4,9,val,train
1160,1,4,4,10,val,train
1161,1,4,4,11,val,train
1162,1,4,4,12,val,train
1163,1,4,4,13,val,train
1164,1,4,4,14,val,train
1165,1,4,4,15,val,train
1166,1,4,4,16,val,train
1167,1,4,4,17,val,train
1168,1,4,4,18,val,train
1169,1,4,4,19,val,train
1170,1,4,4,20,val,train
1171,1,4,4,21,val,train
1172,1,4,4,22,val,train
1173,1,4,4,23,val,train
1174,1,4,4,24,val,train
1175,1,4,4,25,val,train
1176,1,4,4,26,val,train
1177,1,4,4,27,val,train
1178,1,4,4,28,val,train
1179,1,4,4,29,val,train
1180,1,4,4,30,val,train
1181,1,4,4,31,val,train
1182,1,4,4,32,val,train
1183,1,4,4,33,val,train
1184,1,4,4,34,val,train
1185,1,4,4,35,val,train
1186,1,4,4,36,val,train
1187,1,4,4,37,val,train
1188,1,4,4,38,val,train
1189,1,4,4,39,val,train
1190,1,4,4,40,val,train
1191,1,4,4,41,val,train
1192,1,4,4,42,val,train
1193,1,4,4,43,val,train
1194,1,4,4,44,val,train
1195,1,4,4,45,val,train
1196,1,4,4,46,val,train
1197,1,4,4,47,val,train
1198,1,4,4,48,val,train
1199,1,4,4,49,val,train
1200,1,4,4,50,val,train
1201,1,4,5,1,test,train
1202,1,4,5,2,test,train
1203,1,4,5,3,test,train
1204,1,4,5,4,test,train
1205,1,4,5,5,test,train
1206,1,4,5,6,test,train
1207,1,4,5,7,test,train
1208,1,4,5,8,test,train
1209,1,4,5,9,test,train
1210,1,4,5,10,test,train
1211,1,4,5,11,test,train
1212,1,4,5,12,test,train
1213,1,4,5,13,test,train
1214,1,4,5,14,test,train
1215,1,4,5,15,test,train
1216,1,4,5,16,test,train
1217,1,4,5,17,test,train
1218,1,4,5,18,test,train
1219,1,4,5,19,test,train
1220,1,4,5,20,test,train
1221,1,4,5,21,test,train
1222,1,4,5,22,test,train
1223,1,4,5,23,test,train
1224,1,4,5,24,test,train
1225,1,4,5,25,test,train
1226,1,4,5,26,test,train
1227,1,4,5,27,test,train
1228,1,4,5,28,test,train
1229,1,4,5,29,test,train
1230,1,4,5,30,test,train
1231,1,4,5,31,test,train
1232,1,4,5,32,test,train
1233,1,4,5,33,test,train
1234,1,4,5,34,test,train
1235,1,4,5,35,test,train
1236,1,4,5,36,test,train
1237,1,4,5,37,test,train
1238,1,4,5,38,test,train
1239,1,4,5,39,test,train
1240,1,4,5,40,test,train
1241,1,4,5,41,test,train
1242,1,4,5,42,test,train
1243,1,4,5,43,test,train
1244,1,4,5,44,test,train
1245,1,4,5,45,test,train
1246,1,4,5,46,test,train
1247,1,4,5,47,test,train
1248,1,4,5,48,test,train
1249,1,4,5,49,test,train
1250,1,4,5,50,test,train
1251,2,0,1,1,train,train
1252,2,0,1,2,train,train
1253,2,0,1,3,train,train
1254,2,0,1,4,train,train
1255,2,0,1,5,train,train
1256,2,0,1,6,train,train
1257,2,0,1,7,train,train
1258,2,0,1,8,train,train
1259,2,0,1,9,train,train
1260,2,0,1,10,train,train
1261,2,0,1,11,train,train
1262,2,0,1,12,train,train
1263,2,0,1,13,train,train
1264,2,0,1,14,train,train
1265,2,0,1,15,train,train
1266,2,0,1,16,train,train
1267,2,0,1,17,train,train
1268,2,0,1,18,train,train
1269,2,0,1,19,train,train
1270,2,0,1,20,train,train
1271,2,0,1,21,train,train
1272,2,0,1,22,train,train
1273,2,0,1,23,train,train
1274,2,0,1,24,train,train
1275,2,0,1,25,train,train
1276,2,0,1,26,train,train
1277,2,0,1,27,train,train
1278,2,0,1,28,train,train
1279,2,0,1,29,train,train
1280,2,0,1,30,train,train
1281,2,0,1,31,train,train
1282,2,0,1,32,train,train
1283,2,0,1,33,train,train
1284,2,0,1,34,train,train
1285,2,0,1,35,train,train
1286,2,0,1,36,train,train
1287,2,0,1,37,train,train
1288,2,0,1,38,train,train
1289,2,0,1,39,train,train
1290,2,0,1,40,train,train
1291,2,0,1,41,train,train
1292,2,0,1,42,train,train
1293,2,0,1,43,train,train
1294,2,0,1,44,train,train
1295,2,0,1,45,train,train
1296,2,0,1,46,train,train
1297,2,0,1,47,train,train
1298,2,0,1,48,train,train
1299,2,0,1,49,train,train
1300,2,0,1,50,train,train
1301,2,0,2,1,train,train
1302,2,0,2,2,train,train
1303,2,0,2,3,train,train
1304,2,0,2,4,train,train
1305,2,0,2,5,train,train
1306,2,0,2,6,train,train
1307,2,0,2,7,train,train
1308,2,0,2,8,train,train
1309,2,0,2,9,train,train
1310,2,0,2,10,train,train
1311,2,0,2,11,train,train
1312,2,0,2,12,train,train
1313,2,0,2,13,train,train
1314,2,0,2,14,train,train
1315,2,0,2,15,train,train
1316,2,0,2,16,train,train
1317,2,0,2,17,train,train
1318,2,0,2,18,train,train
1319,2,0,2,19,train,train
1320,2,0,2,20,train,train
1321,2,0,2,21,train,train
1322,2,0,2,22,train,train
1323,2,0,2,23,train,train
1324,2,0,2,24,train,train
1325,2,0,2,25,train,train
1326,2,0,2,26,train,train
1327,2,0,2,27,train,train
1328,2,0,2,28,train,train
1329,2,0,2,29,train,train
1330,2,0,2,30,train,train
1331,2,0,2,31,train,train
1332,2,0,2,32,train,train
1333,2,0,2,33,train,train
1334,2,0,2,34,train,train
1335,2,0,2,35,train,train
1336,2,0,2,36,train,train
1337,2,0,2,37,train,train
1338,2,0,2,38,train,train
1339,2,0,2,39,train,train
1340,2,0,2,40,train,train
1341,2,0,2,41,train,train
1342,2,0,2,42,train,train
1343,2,0,2,43,train,train
1344,2,0,2,44,train,train
1345,2,0,2,45,train,train
1346,2,0,2,46,train,train
1347,2,0,2,47,train,train
1348,2,0,2,48,train,train
1349,2,0,2,49,train,train
1350,2,0,2,50,train,train
1351,2,0,3,1,train,train
1352,2,0,3,2,train,train
1353,2,0,3,3,train,train
1354,2,0,3,4,train,train
1355,2,0,3,5,train,train
1356,2,0,3,6,train,train
1357,2,0,3,7,train,train
1358,2,0,3,8,train,train
1359,2,0,3,9,train,train
1360,2,0,3,10,train,train
1361,2,0,3,11,train,train
1362,2,0,3,12,train,train
1363,2,0,3,13,train,train
1364,2,0,3,14,train,train
1365,2,0,3,15,train,train
1366,2,0,3,16,train,train
1367,2,0,3,17,train,train
1368,2,0,3,18,train,train
1369,2,0,3,19,train,train
1370,2,0,3,20,train,train
1371,2,0,3,21,train,train
1372,2,0,3,22,train,train
1373,2,0,3,23,train,train
1374,2,0,3,24,train,train
1375,2,0,3,25,train,train
1376,2,0,3,26,train,train
1377,2,0,3,27,train,train
1378,2,0,3,28,train,train
1379,2,0,3,29,train,train
1380,2,0,3,30,train,train
1381,2,0,3,31,train,train
1382,2,0,3,32,train,train
1383,2,0,3,33,train,train
1384,2,0,3,34,train,train
1385,2,0,3,35,train,train
1386,2,0,3,36,train,train
1387,2,0,3,37,train,train
1388,2,0,3,38,train,train
1389,2,0,3,39,train,train
1390,2,0,3,40,train,train
1391,2,0,3,41,train,train
1392,2,0,3,42,train,train
1393,2,0,3,43,train,train
1394,2,0,3,44,train,train
1395,2,0,3,45,train,train
1396,2,0,3,46,train,train
1397,2,0,3,47,train,train
1398,2,0,3,48,train,train
1399,2,0,3,49,train,train
1400,2,0,3,50,train,train
1401,2,0,4,1,val,train
1402,2,0,4,2,val,train
1403,2,0,4,3,val,train
1404,2,0,4,4,val,train
1405,2,0,4,5,val,train
1406,2,0,4,6,val,train
1407,2,0,4,7,val,train
1408,2,0,4,8,val,train
1409,2,0,4,9,val,train
1410,2,0,4,10,val,train
1411,2,0,4,11,val,train
1412,2,0,4,12,val,train
1413,2,0,4,13,val,train
1414,2,0,4,14,val,train
1415,2,0,4,15,val,train
1416,2,0,4,16,val,train
1417,2,0,4,17,val,train
1418,2,0,4,18,val,train
1419,2,0,4,19,val,train
1420,2,0,4,20,val,train
1421,2,0,4,21,val,train
1422,2,0,4,22,val,train
1423,2,0,4,23,val,train
1424,2,0,4,24,val,train
1425,2,0,4,25,val,train
1426,2,0,4,26,val,train
1427,2,0,4,27,val,train
1428,2,0,4,28,val,train
1429,2,0,4,29,val,train
1430,2,0,4,30,val,train
1431,2,0,4,31,val,train
1432,2,0,4,32,val,train
1433,2,0,4,33,val,train
1434,2,0,4,34,val,train
1435,2,0,4,35,val,train
1436,2,0,4,36,val,train
1437,2,0,4,37,val,train
1438,2,0,4,38,val,train
1439,2,0,4,39,val,train
1440,2,0,4,40,val,train
1441,2,0,4,41,val,train
1442,2,0,4,42,val,train
1443,2,0,4,43,val,train
1444,2,0,4,44,val,train
1445,2,0,4,45,val,train
1446,2,0,4,46,val,train
1447,2,0,4,47,val,train
1448,2,0,4,48,val,train
1449,2,0,4,49,val,train
1450,2,0,4,50,val,train
1451,2,0,5,1,test,train
1452,2,0,5,2,test,train
1453,2,0,5,3,test,train
1454,2,0,5,4,test,train
1455,2,0,5,5,test,train
1456,2,0,5,6,test,train
1457,2,0,5,7,test,train
1458,2,0,5,8,test,train
1459,2,0,5,9,test,train
1460,2,0,5,10,test,train
1461,2,0,5,11,test,train
1462,2,0,5,12,test,train
1463,2,0,5,13,test,train
1464,2,0,5,14,test,train
1465,2,0,5,15,test,train
1466,2,0,5,16,test,train
1467,2,0,5,17,test,train
1468,2,0,5,18,test,train
1469,2,0,5,19,test,train
1470,2,0,5,20,test,train
1471,2,0,5,21,test,train
1472,2,0,5,22,test,train
1473,2,0,5,23,test,train
1474,2,0,5,24,test,train
1475,2,0,5,25,test,train
1476,2,0,5,26,test,train
1477,2,0,5,27,test,train
1478,2,0,5,28,test,train
1479,2,0,5,29,test,train
1480,2,0,5,30,test,train
1481,2,0,5,31,test,train
1482,2,0,5,32,test,train
1483,2,0,5,33,test,train
1484,2,0,5,34,test,train
1485,2,0,5,35,test,train
1486,2,0,5,36,test,train
1487,2,0,5,37,test,train
1488,2,0,5,38,test,train
1489,2,0,5,39,test,train
1490,2,0,5,40,test,train
1491,2,0,5,41,test,train
1492,2,0,5,42,test,train
1493,2,0,5,43,test,train
1494,2,0,5,44,test,train
1495,2,0,5,45,test,train
1496,2,0,5,46,test,train
1497,2,0,5,47,test,train
1498,2,0,5,48,test,train
1499,2,0,5,49,test,train
1500,2,0,5,50,test,train
1501,2,1,1,1,train,train
1502,2,1,1,2,train,train
1503,2,1,1,3,train,train
1504,2,1,1,4,train,train
1505,2,1,1,5,train,train
1506,2,1,1,6,train,train
1507,2,1,1,7,train,train
1508,2,1,1,8,train,train
1509,2,1,1,9,train,train
1510,2,1,1,10,train,train
1511,2,1,1,11,train,train
1512,2,1,1,12,train,train
1513,2,1,1,13,train,train
1514,2,1,1,14,train,train
1515,2,1,1,15,train,train
1516,2,1,1,16,train,train
1517,2,1,1,17,train,train
1518,2,1,1,18,train,train
1519,2,1,1,19,train,train
1520,2,1,1,20,train,train
1521,2,1,1,21,train,train
1522,2,1,1,22,train,train
1523,2,1,1,23,train,train
1524,2,1,1,24,train,train
1525,2,1,1,25,train,train
1526,2,1,1,26,train,train
1527,2,1,1,27,train,train
1528,2,1,1,28,train,train
1529,2,1,1,29,train,train
1530,2,1,1,30,train,train
1531,2,1,1,31,train,train
1532,2,1,1,32,train,train
1533,2,1,1,33,train,train
1534,2,1,1,34,train,train
1535,2,1,1,35,train,train
1536,2,1,1,36,train,train
1537,2,1,1,37,train,train
1538,2,1,1,38,train,train
1539,2,1,1,39,train,train
1540,2,1,1,40,train,train
1541,2,1,1,41,train,train
1542,2,1,1,42,train,train
1543,2,1,1,43,train,train
1544,2,1,1,44,train,train
1545,2,1,1,45,train,train
1546,2,1,1,46,train,train
1547,2,1,1,47,train,train
1548,2,1,1,48,train,train
1549,2,1,1,49,train,train
1550,2,1,1,50,train,train
1551,2,1,2,1,train,train
1552,2,1,2,2,train,train
1553,2,1,2,3,train,train
1554,2,1,2,4,train,train
1555,2,1,2,5,train,train
1556,2,1,2,6,train,train
1557,2,1,2,7,train,train
1558,2,1,2,8,train,train
1559,2,1,2,9,train,train
1560,2,1,2,10,train,train
1561,2,1,2,11,train,train
1562,2,1,2,12,train,train
1563,2,1,2,13,train,train
1564,2,1,2,14,train,train
1565,2,1,2,15,train,train
1566,2,1,2,16,train,train
1567,2,1,2,17,train,train
1568,2,1,2,18,train,train
1569,2,1,2,19,train,train
1570,2,1,2,20,train,train
1571,2,1,2,21,train,train
1572,2,1,2,22,train,train
1573,2,1,2,23,train,train
1574,2,1,2,24,train,train
1575,2,1,2,25,train,train
1576,2,1,2,26,train,train
1577,2,1,2,27,train,train
1578,2,1,2,28,train,train
1579,2,1,2,29,train,train
1580,2,1,2,30,train,train
1581,2,1,2,31,train,train
1582,2,1,2,32,train,train
1583,2,1,2,33,train,train
1584,2,1,2,34,train,train
1585,2,1,2,35,train,train
1586,2,1,2,36,train,train
1587,2,1,2,37,train,train
1588,2,1,2,38,train,train
1589,2,1,2,39,train,train
1590,2,1,2,40,train,train
1591,2,1,2,41,train,train
1592,2,1,2,42,train,train
1593,2,1,2,43,train,train
1594,2,1,2,44,train,train
1595,2,1,2,45,train,train
1596,2,1,2,46,train,train
1597,2,1,2,47,train,train
1598,2,1,2,48,train,train
1599,2,1,2,49,train,train
1600,2,1,2,50,train,train
1601,2,1,3,1,train,train
1602,2,1,3,2,train,train
1603,2,1,3,3,train,train
1604,2,1,3,4,train,train
1605,2,1,3,5,train,train
1606,2,1,3,6,train,train
1607,2,1,3,7,train,train
1608,2,1,3,8,train,train
1609,2,1,3,9,train,train
1610,2,1,3,10,train,train
1611,2,1,3,11,train,train
1612,2,1,3,12,train,train
1613,2,1,3,13,train,train
1614,2,1,3,14,train,train
1615,2,1,3,15,train,train
1616,2,1,3,16,train,train
1617,2,1,3,17,train,train
1618,2,1,3,18,train,train
1619,2,1,3,19,train,train
1620,2,1,3,20,train,train
1621,2,1,3,21,train,train
1622,2,1,3,22,train,train
1623,2,1,3,23,train,train
1624,2,1,3,24,train,train
1625,2,1,3,25,train,train
1626,2,1,3,26,train,train
1627,2,1,3,27,train,train
1628,2,1,3,28,train,train
1629,2,1,3,29,train,train
1630,2,1,3,30,train,train
1631,2,1,3,31,train,train
1632,2,1,3,32,train,train
1633,2,1,3,33,train,train
1634,2,1,3,34,train,train
1635,2,1,3,35,train,train
1636,2,1,3,36,train,train
1637,2,1,3,37,train,train
1638,2,1,3,38,train,train
1639,2,1,3,39,train,train
1640,2,1,3,40,train,train
1641,2,1,3,41,train,train
1642,2,1,3,42,train,train
1643,2,1,3,43,train,train
1644,2,1,3,44,train,train
1645,2,1,3,45,train,train
1646,2,1,3,46,train,train
1647,2,1,3,47,train,train
1648,2,1,3,48,train,train
1649,2,1,3,49,train,train
1650,2,1,3,50,train,train
1651,2,1,4,1,val,train
1652,2,1,4,2,val,train
1653,2,1,4,3,val,train
1654,2,1,4,4,val,train
1655,2,1,4,5,val,train
1656,2,1,4,6,val,train
1657,2,1,4,7,val,train
1658,2,1,4,8,val,train
1659,2,1,4,9,val,train
1660,2,1,4,10,val,train
1661,2,1,4,11,val,train
1662,2,1,4,12,val,train
1663,2,1,4,13,val,train
1664,2,1,4,14,val,train
1665,2,1,4,15,val,train
1666,2,1,4,16,val,train
1667,2,1,4,17,val,train
1668,2,1,4,18,val,train
1669,2,1,4,19,val,train
1670,2,1,4,20,val,train
1671,2,1,4,21,val,train
1672,2,1,4,22,val,train
1673,2,1,4,23,val,train
1674,2,1,4,24,val,train
1675,2,1,4,25,val,train
1676,2,1,4,26,val,train
1677,2,1,4,27,val,train
1678,2,1,4,28,val,train
1679,2,1,4,29,val,train
1680,2,1,4,30,val,train
1681,2,1,4,31,val,train
1682,2,1,4,32,val,train
1683,2,1,4,33,val,train
1684,2,1,4,34,val,train
1685,2,1,4,35,val,train
1686,2,1,4,36,val,train
1687,2,1,4,37,val,train
1688,2,1,4,38,val,train
1689,2,1,4,39,val,train
1690,2,1,4,40,val,train
1691,2,1,4,41,val,train
1692,2,1,4,42,val,train
1693,2,1,4,43,val,train
1694,2,1,4,44,val,train
1695,2,1,4,45,val,train
1696,2,1,4,46,val,train
1697,2,1,4,47,val,train
1698,2,1,4,48,val,train
1699,2,1,4,49,val,train
1700,2,1,4,50,val,train
1701,2,1,5,1,test,train
1702,2,1,5,2,test,train
1703,2,1,5,3,test,train
1704,2,1,5,4,test,train
1705,2,1,5,5,test,train
1706,2,1,5,6,test,train
1707,2,1,5,7,test,train
1708,2,1,5,8,test,train
1709,2,1,5,9,test,train
1710,2,1,5,10,test,train
1711,2,1,5,11,test,train
1712,2,1,5,12,test,train
1713,2,1,5,13,test,train
1714,2,1,5,14,test,train
1715,2,1,5,15,test,train
1716,2,1,5,16,test,train
1717,2,1,5,17,test,train
1718,2,1,5,18,test,train
1719,2,1,5,19,test,train
1720,2,1,5,20,test,train
1721,2,1,5,21,test,train
1722,2,1,5,22,test,train
1723,2,1,5,23,test,train
1724,2,1,5,24,test,train
1725,2,1,5,25,test,train
1726,2,1,5,26,test,train
1727,2,1,5,27,test,train
1728,2,1,5,28,test,train
1729,2,1,5,29,test,train
1730,2,1,5,30,test,train
1731,2,1,5,31,test,train
1732,2,1,5,32,test,train
1733,2,1,5,33,test,train
1734,2,1,5,34,test,train
1735,2,1,5,35,test,train
1736,2,1,5,36,test,train
1737,2,1,5,37,test,train
1738,2,1,5,38,test,train
1739,2,1,5,39,test,train
1740,2,1,5,40,test,train
1741,2,1,5,41,test,train
1742,2,1,5,42,test,train
1743,2,1,5,43,test,train
1744,2,1,5,44,test,train
1745,2,1,5,45,test,train
1746,2,1,5,46,test,train
1747,2,1,5,47,test,train
1748,2,1,5,48,test,train
1749,2,1,5,49,test,train
1750,2,1,5,50,test,train
1751,2,2,1,1,train,train
1752,2,2,1,2,train,train
1753,2,2,1,3,train,train
1754,2,2,1,4,train,train
1755,2,2,1,5,train,train
1756,2,2,1,6,train,train
1757,2,2,1,7,train,train
1758,2,2,1,8,train,train
1759,2,2,1,9,train,train
1760,2,2,1,10,train,train
1761,2,2,1,11,train,train
1762,2,2,1,12,train,train
1763,2,2,1,13,train,train
1764,2,2,1,14,train,train
1765,2,2,1,15,train,train
1766,2,2,1,16,train,train
1767,2,2,1,17,train,train
1768,2,2,1,18,train,train
1769,2,2,1,19,train,train
1770,2,2,1,20,train,train
1771,2,2,1,21,train,train
1772,2,2,1,22,train,train
1773,2,2,1,23,train,train
1774,2,2,1,24,train,train
1775,2,2,1,25,train,train
1776,2,2,1,26,train,train
1777,2,2,1,27,train,train
1778,2,2,1,28,train,train
1779,2,2,1,29,train,train
1780,2,2,1,30,train,train
1781,2,2,1,31,train,train
1782,2,2,1,32,train,train
1783,2,2,1,33,train,train
1784,2,2,1,34,train,train
1785,2,2,1,35,train,train
1786,2,2,1,36,train,train
1787,2,2,1,37,train,train
1788,2,2,1,38,train,train
1789,2,2,1,39,train,train
1790,2,2,1,40,train,train
1791,2,2,1,41,train,train
1792,2,2,1,42,train,train
1793,2,2,1,43,train,train
1794,2,2,1,44,train,train
1795,2,2,1,45,train,train
1796,2,2,1,46,train,train
1797,2,2,1,47,train,train
1798,2,2,1,48,train,train
1799,2,2,1,49,train,train
1800,2,2,1,50,train,train
1801,2,2,2,1,train,train
1802,2,2,2,2,train,train
1803,2,2,2,3,train,train
1804,2,2,2,4,train,train
1805,2,2,2,5,train,train
1806,2,2,2,6,train,train
1807,2,2,2,7,train,train
1808,2,2,2,8,train,train
1809,2,2,2,9,train,train
1810,2,2,2,10,train,train
1811,2,2,2,11,train,train
1812,2,2,2,12,train,train
1813,2,2,2,13,train,train
1814,2,2,2,14,train,train
1815,2,2,2,15,train,train
1816,2,2,2,16,train,train
1817,2,2,2,17,train,train
1818,2,2,2,18,train,train
1819,2,2,2,19,train,train
1820,2,2,2,20,train,train
1821,2,2,2,21,train,train
1822,2,2,2,22,train,train
1823,2,2,2,23,train,train
1824,2,2,2,24,train,train
1825,2,2,2,25,train,train
1826,2,2,2,26,train,train
1827,2,2,2,27,train,train
1828,2,2,2,28,train,train
1829,2,2,2,29,train,train
1830,2,2,2,30,train,train
1831,2,2,2,31,train,train
1832,2,2,2,32,train,train
1833,2,2,2,33,train,train
1834,2,2,2,34,train,train
1835,2,2,2,35,train,train
1836,2,2,2,36,train,train
1837,2,2,2,37,train,train
1838,2,2,2,38,train,train
1839,2,2,2,39,train,train
1840,2,2,2,40,train,train
1841,2,2,2,41,train,train
1842,2,2,2,42,train,train
1843,2,2,2,43,train,train
1844,2,2,2,44,train,train
1845,2,2,2,45,train,train
1846,2,2,2,46,train,train
1847,2,2,2,47,train,train
1848,2,2,2,48,train,train
1849,2,2,2,49,train,train
1850,2,2,2,50,train,train
1851,2,2,3,1,train,train
1852,2,2,3,2,train,train
1853,2,2,3,3,train,train
1854,2,2,3,4,train,train
1855,2,2,3,5,train,train
1856,2,2,3,6,train,train
1857,2,2,3,7,train,train
1858,2,2,3,8,train,train
1859,2,2,3,9,train,train
1860,2,2,3,10,train,train
1861,2,2,3,11,train,train
1862,2,2,3,12,train,train
1863,2,2,3,13,train,train
1864,2,2,3,14,train,train
1865,2,2,3,15,train,train
1866,2,2,3,16,train,train
1867,2,2,3,17,train,train
1868,2,2,3,18,train,train
1869,2,2,3,19,train,train
1870,2,2,3,20,train,train
1871,2,2,3,21,train,train
1872,2,2,3,22,train,train
1873,2,2,3,23,train,train
1874,2,2,3,24,train,train
1875,2,2,3,25,train,train
1876,2,2,3,26,train,train
1877,2,2,3,27,train,train
1878,2,2,3,28,train,train
1879,2,2,3,29,train,train
1880,2,2,3,30,train,train
1881,2,2,3,31,train,train
1882,2,2,3,32,train,train
1883,2,2,3,33,train,train
1884,2,2,3,34,train,train
1885,2,2,3,35,train,train
1886,2,2,3,36,train,train
1887,2,2,3,37,train,train
1888,2,2,3,38,train,train
1889,2,2,3,39,train,train
1890,2,2,3,40,train,train
1891,2,2,3,41,train,train
1892,2,2,3,42,train,train
1893,2,2,3,43,train,train
1894,2,2,3,44,train,train
1895,2,2,3,45,train,train
1896,2,2,3,46,train,train
1897,2,2,3,47,train,train
1898,2,2,3,48,train,train
1899,2,2,3,49,train,train
1900,2,2,3,50,train,train
1901,2,2,4,1,val,train
1902,2,2,4,2,val,train
1903,2,2,4,3,val,train
1904,2,2,4,4,val,train
1905,2,2,4,5,val,train
1906,2,2,4,6,val,train
1907,2,2,4,7,val,train
1908,2,2,4,8,val,train
1909,2,2,4,9,val,train
1910,2,2,4,10,val,train
1911,2,2,4,11,val,train
1912,2,2,4,12,val,train
1913,2,2,4,13,val,train
1914,2,2,4,14,val,train
1915,2,2,4,15,val,train
1916,2,2,4,16,val,train
1917,2,2,4,17,val,train
1918,2,2,4,18,val,train
1919,2,2,4,19,val,train
1920,2,2,4,20,val,train
1921,2,2,4,21,val,train
1922,2,2,4,22,val,train
1923,2,2,4,23,val,train
1924,2,2,4,24,val,train
1925,2,2,4,25,val,train
1926,2,2,4,26,val,train
1927,2,2,4,27,val,train
1928,2,2,4,28,val,train
1929,2,2,4,29,val,train
1930,2,2,4,30,val,train
1931,2,2,4,31,val,train
1932,2,2,4,32,val,train
1933,2,2,4,33,val,train
1934,2,2,4,34,val,train
1935,2,2,4,35,val,train
1936,2,2,4,36,val,train
1937,2,2,4,37,val,train
1938,2,2,4,38,val,train
1939,2,2,4,39,val,train
1940,2,2,4,40,val,train
1941,2,2,4,41,val,train
1942,2,2,4,42,val,train
1943,2,2,4,43,val,train
1944,2,2,4,44,val,train
1945,2,2,4,45,val,train
1946,2,2,4,46,val,train
1947,2,2,4,47,val,train
1948,2,2,4,48,val,train
1949,2,2,4,49,val,train
1950,2,2,4,50,val,train
1951,2,2,5,1,test,train
1952,2,2,5,2,test,train
1953,2,2,5,3,test,train
1954,2,2,5,4,test,train
1955,2,2,5,5,test,train
1956,2,2,5,6,test,train
1957,2,2,5,7,test,train
1958,2,2,5,8,test,train
1959,2,2,5,9,test,train
1960,2,2,5,10,test,train
1961,2,2,5,11,test,train
1962,2,2,5,12,test,train
1963,2,2,5,13,test,train
1964,2,2,5,14,test,train
1965,2,2,5,15,test,train
1966,2,2,5,16,test,train
1967,2,2,5,17,test,train
1968,2,2,5,18,test,train
1969,2,2,5,19,test,train
1970,2,2,5,20,test,train
1971,2,2,5,21,test,train
1972,2,2,5,22,test,train
1973,2,2,5,23,test,train
1974,2,2,5,24,test,train
1975,2,2,5,25,test,train
1976,2,2,5,26,test,train
1977,2,2,5,27,test,train
1978,2,2,5,28,test,train
1979,2,2,5,29,test,train
1980,2,2,5,30,test,train
1981,2,2,5,31,test,train
1982,2,2,5,32,test,train
1983,2,2,5,33,test,train
1984,2,2,5,34,test,train
1985,2,2,5,35,test,train
1986,2,2,5,36,test,train
1987,2,2,5,37,test,train
1988,2,2,5,38,test,train
1989,2,2,5,39,test,train
1990,2,2,5,40,test,train
1991,2,2,5,41,test,train
1992,2,2,5,42,test,train
1993,2,2,5,43,test,train
1994,2,2,5,44,test,train
1995,2,2,5,45,test,train
1996,2,2,5,46,test,train
1997,2,2,5,47,test,train
1998,2,2,5,48,test,train
1999,2,2,5,49,test,train
2000,2,2,5,50,test,train
2001,2,3,1,1,train,train
2002,2,3,1,2,train,train
2003,2,3,1,3,train,train
2004,2,3,1,4,train,train
2005,2,3,1,5,train,train
2006,2,3,1,6,train,train
2007,2,3,1,7,train,train
2008,2,3,1,8,train,train
2009,2,3,1,9,train,train
2010,2,3,1,10,train,train
2011,2,3,1,11,train,train
2012,2,3,1,12,train,train
2013,2,3,1,13,train,train
2014,2,3,1,14,train,train
2015,2,3,1,15,train,train
2016,2,3,1,16,train,train
2017,2,3,1,17,train,train
2018,2,3,1,18,train,train
2019,2,3,1,19,train,train
2020,2,3,1,20,train,train
2021,2,3,1,21,train,train
2022,2,3,1,22,train,train
2023,2,3,1,23,train,train
2024,2,3,1,24,train,train
2025,2,3,1,25,train,train
2026,2,3,1,26,train,train
2027,2,3,1,27,train,train
2028,2,3,1,28,train,train
2029,2,3,1,29,train,train
2030,2,3,1,30,train,train
2031,2,3,1,31,train,train
2032,2,3,1,32,train,train
2033,2,3,1,33,train,train
2034,2,3,1,34,train,train
2035,2,3,1,35,train,train
2036,2,3,1,36,train,train
2037,2,3,1,37,train,train
2038,2,3,1,38,train,train
2039,2,3,1,39,train,train
2040,2,3,1,40,train,train
2041,2,3,1,41,train,train
2042,2,3,1,42,train,train
2043,2,3,1,43,train,train
2044,2,3,1,44,train,train
2045,2,3,1,45,train,train
2046,2,3,1,46,train,train
2047,2,3,1,47,train,train
2048,2,3,1,48,train,train
2049,2,3,1,49,train,train
2050,2,3,1,50,train,train
2051,2,3,2,1,train,train
2052,2,3,2,2,train,train
2053,2,3,2,3,train,train
2054,2,3,2,4,train,train
2055,2,3,2,5,train,train
2056,2,3,2,6,train,train
2057,2,3,2,7,train,train
2058,2,3,2,8,train,train
2059,2,3,2,9,train,train
2060,2,3,2,10,train,train
2061,2,3,2,11,train,train
2062,2,3,2,12,train,train
2063,2,3,2,13,train,train
2064,2,3,2,14,train,train
2065,2,3,2,15,train,train
2066,2,3,2,16,train,train
2067,2,3,2,17,train,train
2068,2,3,2,18,train,train
2069,2,3,2,19,train,train
2070,2,3,2,20,train,train
2071,2,3,2,21,train,train
2072,2,3,2,22,train,train
2073,2,3,2,23,train,train
2074,2,3,2,24,train,train
2075,2,3,2,25,train,train
2076,2,3,2,26,train,train
2077,2,3,2,27,train,train
2078,2,3,2,28,train,train
2079,2,3,2,29,train,train
2080,2,3,2,30,train,train
2081,2,3,2,31,train,train
2082,2,3,2,32,train,train
2083,2,3,2,33,train,train
2084,2,3,2,34,train,train
2085,2,3,2,35,train,train
2086,2,3,2,36,train,train
2087,2,3,2,37,train,train
2088,2,3,2,38,train,train
2089,2,3,2,39,train,train
2090,2,3,2,40,train,train
2091,2,3,2,41,train,train
2092,2,3,2,42,train,train
2093,2,3,2,43,train,train
2094,2,3,2,44,train,train
2095,2,3,2,45,train,train
2096,2,3,2,46,train,train
2097,2,3,2,47,train,train
2098,2,3,2,48,train,train
2099,2,3,2,49,train,train
2100,2,3,2,50,train,train
2101,2,3,3,1,train,train
2102,2,3,3,2,train,train
2103,2,3,3,3,train,train
2104,2,3,3,4,train,train
2105,2,3,3,5,train,train
2106,2,3,3,6,train,train
2107,2,3,3,7,train,train
2108,2,3,3,8,train,train
2109,2,3,3,9,train,train
2110,2,3,3,10,train,train
2111,2,3,3,11,train,train
2112,2,3,3,12,train,train
2113,2,3,3,13,train,train
2114,2,3,3,14,train,train
2115,2,3,3,15,train,train
2116,2,3,3,16,train,train
2117,2,3,3,17,train,train
2118,2,3,3,18,train,train
2119,2,3,3,19,train,train
2120,2,3,3,20,train,train
2121,2,3,3,21,train,train
2122,2,3,3,22,train,train
2123,2,3,3,23,train,train
2124,2,3,3,24,train,train
2125,2,3,3,25,train,train
2126,2,3,3,26,train,train
2127,2,3,3,27,train,train
2128,2,3,3,28,train,train
2129,2,3,3,29,train,train
2130,2,3,3,30,train,train
2131,2,3,3,31,train,train
2132,2,3,3,32,train,train
2133,2,3,3,33,train,train
2134,2,3,3,34,train,train
2135,2,3,3,35,train,train
2136,2,3,3,36,train,train
2137,2,3,3,37,train,train
2138,2,3,3,38,train,train
2139,2,3,3,39,train,train
2140,2,3,3,40,train,train
2141,2,3,3,41,train,train
2142,2,3,3,42,train,train
2143,2,3,3,43,train,train
2144,2,3,3,44,train,train
2145,2,3,3,45,train,train
2146,2,3,3,46,train,train
2147,2,3,3,47,train,train
2148,2,3,3,48,train,train
2149,2,3,3,49,train,train
2150,2,3,3,50,train,train
2151,2,3,4,1,val,train
2152,2,3,4,2,val,train
2153,2,3,4,3,val,train
2154,2,3,4,4,val,train
2155,2,3,4,5,val,train
2156,2,3,4,6,val,train
2157,2,3,4,7,val,train
2158,2,3,4,8,val,train
2159,2,3,4,9,val,train
2160,2,3,4,10,val,train
2161,2,3,4,11,val,train
2162,2,3,4,12,val,train
2163,2,3,4,13,val,train
2164,2,3,4,14,val,train
2165,2,3,4,15,val,train
2166,2,3,4,16,val,train
2167,2,3,4,17,val,train
2168,2,3,4,18,val,train
2169,2,3,4,19,val,train
2170,2,3,4,20,val,train
2171,2,3,4,21,val,train
2172,2,3,4,22,val,train
2173,2,3,4,23,val,train
2174,2,3,4,24,val,train
2175,2,3,4,25,val,train
2176,2,3,4,26,val,train
2177,2,3,4,27,val,train
2178,2,3,4,28,val,train
2179,2,3,4,29,val,train
2180,2,3,4,30,val,train
2181,2,3,4,31,val,train
2182,2,3,4,32,val,train
2183,2,3,4,33,val,train
2184,2,3,4,34,val,train
2185,2,3,4,35,val,train
2186,2,3,4,36,val,train
2187,2,3,4,37,val,train
2188,2,3,4,38,val,train
2189,2,3,4,39,val,train
2190,2,3,4,40,val,train
2191,2,3,4,41,val,train
2192,2,3,4,42,val,train
2193,2,3,4,43,val,train
2194,2,3,4,44,val,train
2195,2,3,4,45,val,train
2196,2,3,4,46,val,train
2197,2,3,4,47,val,train
2198,2,3,4,48,val,train
2199,2,3,4,49,val,train
2200,2,3,4,50,val,train
2201,2,3,5,1,test,train
2202,2,3,5,2,test,train
2203,2,3,5,3,test,train
2204,2,3,5,4,test,train
2205,2,3,5,5,test,train
2206,2,3,5,6,test,train
2207,2,3,5,7,test,train
2208,2,3,5,8,test,train
2209,2,3,5,9,test,train
2210,2,3,5,10,test,train
2211,2,3,5,11,test,train
2212,2,3,5,12,test,train
2213,2,3,5,13,test,train
2214,2,3,5,14,test,train
2215,2,3,5,15,test,train
2216,2,3,5,16,test,train
2217,2,3,5,17,test,train
2218,2,3,5,18,test,train
2219,2,3,5,19,test,train
2220,2,3,5,20,test,train
2221,2,3,5,21,test,train
2222,2,3,5,22,test,train
2223,2,3,5,23,test,train
2224,2,3,5,24,test,train
2225,2,3,5,25,test,train
2226,2,3,5,26,test,train
2227,2,3,5,27,test,train
2228,2,3,5,28,test,train
2229,2,3,5,29,test,train
2230,2,3,5,30,test,train
2231,2,3,5,31,test,train
2232,2,3,5,32,test,train
2233,2,3,5,33,test,train
2234,2,3,5,34,test,train
2235,2,3,5,35,test,train
2236,2,3,5,36,test,train
2237,2,3,5,37,test,train
2238,2,3,5,38,test,train
2239,2,3,5,39,test,train
2240,2,3,5,40,test,train
2241,2,3,5,41,test,train
2242,2,3,5,42,test,train
2243,2,3,5,43,test,train
2244,2,3,5,44,test,train
2245,2,3,5,45,test,train
2246,2,3,5,46,test,train
2247,2,3,5,47,test,train
2248,2,3,5,48,test,train
2249,2,3,5,49,test,train
2250,2,3,5,50,test,train
2251,2,4,1,1,train,train
2252,2,4,1,2,train,train
2253,2,4,1,3,train,train
2254,2,4,1,4,train,train
2255,2,4,1,5,train,train
2256,2,4,1,6,train,train
2257,2,4,1,7,train,train
2258,2,4,1,8,train,train
2259,2,4,1,9,train,train
2260,2,4,1,10,train,train
2261,2,4,1,11,train,train
2262,2,4,1,12,train,train
2263,2,4,1,13,train,train
2264,2,4,1,14,train,train
2265,2,4,1,15,train,train
2266,2,4,1,16,train,train
2267,2,4,1,17,train,train
2268,2,4,1,18,train,train
2269,2,4,1,19,train,train
2270,2,4,1,20,train,train
2271,2,4,1,21,train,train
2272,2,4,1,22,train,train
2273,2,4,1,23,train,train
2274,2,4,1,24,train,train
2275,2,4,1,25,train,train
2276,2,4,1,26,train,train
2277,2,4,1,27,train,train
2278,2,4,1,28,train,train
2279,2,4,1,29,train,train
2280,2,4,1,30,train,train
2281,2,4,1,31,train,train
2282,2,4,1,32,train,train
2283,2,4,1,33,train,train
2284,2,4,1,34,train,train
2285,2,4,1,35,train,train
2286,2,4,1,36,train,train
2287,2,4,1,37,train,train
2288,2,4,1,38,train,train
2289,2,4,1,39,train,train
2290,2,4,1,40,train,train
2291,2,4,1,41,train,train
2292,2,4,1,42,train,train
2293,2,4,1,43,train,train
2294,2,4,1,44,train,train
2295,2,4,1,45,train,train
2296,2,4,1,46,train,train
2297,2,4,1,47,train,train
2298,2,4,1,48,train,train
2299,2,4,1,49,train,train
2300,2,4,1,50,train,train
2301,2,4,2,1,train,train
2302,2,4,2,2,train,train
2303,2,4,2,3,train,train
2304,2,4,2,4,train,train
2305,2,4,2,5,train,train
2306,2,4,2,6,train,train
2307,2,4,2,7,train,train
2308,2,4,2,8,train,train
2309,2,4,2,9,train,train
2310,2,4,2,10,train,train
2311,2,4,2,11,train,train
2312,2,4,2,12,train,train
2313,2,4,2,13,train,train
2314,2,4,2,14,train,train
2315,2,4,2,15,train,train
2316,2,4,2,16,train,train
2317,2,4,2,17,train,train
2318,2,4,2,18,train,train
2319,2,4,2,19,train,train
2320,2,4,2,20,train,train
2321,2,4,2,21,train,train
2322,2,4,2,22,train,train
2323,2,4,2,23,train,train
2324,2,4,2,24,train,train
2325,2,4,2,25,train,train
2326,2,4,2,26,train,train
2327,2,4,2,27,train,train
2328,2,4,2,28,train,train
2329,2,4,2,29,train,train
2330,2,4,2,30,train,train
2331,2,4,2,31,train,train
2332,2,4,2,32,train,train
2333,2,4,2,33,train,train
2334,2,4,2,34,train,train
2335,2,4,2,35,train,train
2336,2,4,2,36,train,train
2337,2,4,2,37,train,train
2338,2,4,2,38,train,train
2339,2,4,2,39,train,train
2340,2,4,2,40,train,train
2341,2,4,2,41,train,train
2342,2,4,2,42,train,train
2343,2,4,2,43,train,train
2344,2,4,2,44,train,train
2345,2,4,2,45,train,train
2346,2,4,2,46,train,train
2347,2,4,2,47,train,train
2348,2,4,2,48,train,train
2349,2,4,2,49,train,train
2350,2,4,2,50,train,train
2351,2,4,3,1,train,train
2352,2,4,3,2,train,train
2353,2,4,3,3,train,train
2354,2,4,3,4,train,train
2355,2,4,3,5,train,train
2356,2,4,3,6,train,train
2357,2,4,3,7,train,train
2358,2,4,3,8,train,train
2359,2,4,3,9,train,train
2360,2,4,3,10,train,train
2361,2,4,3,11,train,train
2362,2,4,3,12,train,train
2363,2,4,3,13,train,train
2364,2,4,3,14,train,train
2365,2,4,3,15,train,train
2366,2,4,3,16,train,train
2367,2,4,3,17,train,train
2368,2,4,3,18,train,train
2369,2,4,3,19,train,train
2370,2,4,3,20,train,train
2371,2,4,3,21,train,train
2372,2,4,3,22,train,train
2373,2,4,3,23,train,train
2374,2,4,3,24,train,train
2375,2,4,3,25,train,train
2376,2,4,3,26,train,train
2377,2,4,3,27,train,train
2378,2,4,3,28,train,train
2379,2,4,3,29,train,train
2380,2,4,3,30,train,train
2381,2,4,3,31,train,train
2382,2,4,3,32,train,train
2383,2,4,3,33,train,train
2384,2,4,3,34,train,train
2385,2,4,3,35,train,train
2386,2,4,3,36,train,train
2387,2,4,3,37,train,train
2388,2,4,3,38,train,train
2389,2,4,3,39,train,train
2390,2,4,3,40,train,train
2391,2,4,3,41,train,train
2392,2,4,3,42,train,train
2393,2,4,3,43,train,train
2394,2,4,3,44,train,train
2395,2,4,3,45,train,train
2396,2,4,3,46,train,train
2397,2,4,3,47,train,train
2398,2,4,3,48,train,train
2399,2,4,3,49,train,train
2400,2,4,3,50,train,train
2401,2,4,4,1,val,train
2402,2,4,4,2,val,train
2403,2,4,4,3,val,train
2404,2,4,4,4,val,train
2405,2,4,4,5,val,train
2406,2,4,4,6,val,train
2407,2,4,4,7,val,train
2408,2,4,4,8,val,train
2409,2,4,4,9,val,train
2410,2,4,4,10,val,train
2411,2,4,4,11,val,train
2412,2,4,4,12,val,train
2413,2,4,4,13,val,train
2414,2,4,4,14,val,train
2415,2,4,4,15,val,train
2416,2,4,4,16,val,train
2417,2,4,4,17,val,train
2418,2,4,4,18,val,train
2419,2,4,4,19,val,train
2420,2,4,4,20,val,train
2421,2,4,4,21,val,train
2422,2,4,4,22,val,train
2423,2,4,4,23,val,train
2424,2,4,4,24,val,train
2425,2,4,4,25,val,train
2426,2,4,4,26,val,train
2427,2,4,4,27,val,train
2428,2,4,4,28,val,train
2429,2,4,4,29,val,train
2430,2,4,4,30,val,train
2431,2,4,4,31,val,train
2432,2,4,4,32,val,train
2433,2,4,4,33,val,train
2434,2,4,4,34,val,train
2435,2,4,4,35,val,train
2436,2,4,4,36,val,train
2437,2,4,4,37,val,train
2438,2,4,4,38,val,train
2439,2,4,4,39,val,train
2440,2,4,4,40,val,train
2441,2,4,4,41,val,train
2442,2,4,4,42,val,train
2443,2,4,4,43,val,train
2444,2,4,4,44,val,train
2445,2,4,4,45,val,train
2446,2,4,4,46,val,train
2447,2,4,4,47,val,train
2448,2,4,4,48,val,train
2449,2,4,4,49,val,train
2450,2,4,4,50,val,train
2451,2,4,5,1,test,train
2452,2,4,5,2,test,train
2453,2,4,5,3,test,train
2454,2,4,5,4,test,train
2455,2,4,5,5,test,train
2456,2,4,5,6,test,train
2457,2,4,5,7,test,train
2458,2,4,5,8,test,train
2459,2,4,5,9,test,train
2460,2,4,5,10,test,train
2461,2,4,5,11,test,train
2462,2,4,5,12,test,train
2463,2,4,5,13,test,train
2464,2,4,5,14,test,train
2465,2,4,5,15,test,train
2466,2,4,5,16,test,train
2467,2,4,5,17,test,train
2468,2,4,5,18,test,train
2469,2,4,5,19,test,train
2470,2,4,5,20,test,train
2471,2,4,5,21,test,train
2472,2,4,5,22,test,train
2473,2,4,5,23,test,train
2474,2,4,5,24,test,train
2475,2,4,5,25,test,train
2476,2,4,5,26,test,train
2477,2,4,5,27,test,train
2478,2,4,5,28,test,train
2479,2,4,5,29,test,train
2480,2,4,5,30,test,train
2481,2,4,5,31,test,train
2482,2,4,5,32,test,train
2483,2,4,5,33,test,train
2484,2,4,5,34,test,train
2485,2,4,5,35,test,train
2486,2,4,5,36,test,train
2487,2,4,5,37,test,train
2488,2,4,5,38,test,train
2489,2,4,5,39,test,train
2490,2,4,5,40,test,train
2491,2,4,5,41,test,train
2492,2,4,5,42,test,train
2493,2,4,5,43,test,train
2494,2,4,5,44,test,train
2495,2,4,5,45,test,train
2496,2,4,5,46,test,train
2497,2,4,5,47,test,train
2498,2,4,5,48,test,train
2499,2,4,5,49,test,train
2500,2,4,5,50,test,train
2501,3,0,1,1,train,train
2502,3,0,1,2,train,train
2503,3,0,1,3,train,train
2504,3,0,1,4,train,train
2505,3,0,1,5,train,train
2506,3,0,1,6,train,train
2507,3,0,1,7,train,train
2508,3,0,1,8,train,train
2509,3,0,1,9,train,train
2510,3,0,1,10,train,train
2511,3,0,1,11,train,train
2512,3,0,1,12,train,train
2513,3,0,1,13,train,train
2514,3,0,1,14,train,train
2515,3,0,1,15,train,train
2516,3,0,1,16,train,train
2517,3,0,1,17,train,train
2518,3,0,1,18,train,train
2519,3,0,1,19,train,train
2520,3,0,1,20,train,train
2521,3,0,1,21,train,train
2522,3,0,1,22,train,train
2523,3,0,1,23,train,train
2524,3,0,1,24,train,train
2525,3,0,1,25,train,train
2526,3,0,1,26,train,train
2527,3,0,1,27,train,train
2528,3,0,1,28,train,train
2529,3,0,1,29,train,train
2530,3,0,1,30,train,train
2531,3,0,1,31,train,train
2532,3,0,1,32,train,train
2533,3,0,1,33,train,train
2534,3,0,1,34,train,train
2535,3,0,1,35,train,train
2536,3,0,1,36,train,train
2537,3,0,1,37,train,train
2538,3,0,1,38,train,train
2539,3,0,1,39,train,train
2540,3,0,1,40,train,train
2541,3,0,1,41,train,train
2542,3,0,1,42,train,train
2543,3,0,1,43,train,train
2544,3,0,1,44,train,train
2545,3,0,1,45,train,train
2546,3,0,1,46,train,train
2547,3,0,1,47,train,train
2548,3,0,1,48,train,train
2549,3,0,1,49,train,train
2550,3,0,1,50,train,train
2551,3,0,2,1,train,train
2552,3,0,2,2,train,train
2553,3,0,2,3,train,train
2554,3,0,2,4,train,train
2555,3,0,2,5,train,train
2556,3,0,2,6,train,train
2557,3,0,2,7,train,train
2558,3,0,2,8,train,train
2559,3,0,2,9,train,train
2560,3,0,2,10,train,train
2561,3,0,2,11,train,train
2562,3,0,2,12,train,train
2563,3,0,2,13,train,train
2564,3,0,2,14,train,train
2565,3,0,2,15,train,train
2566,3,0,2,16,train,train
2567,3,0,2,17,train,train
2568,3,0,2,18,train,train
2569,3,0,2,19,train,train
2570,3,0,2,20,train,train
2571,3,0,2,21,train,train
2572,3,0,2,22,train,train
2573,3,0,2,23,train,train
2574,3,0,2,24,train,train
2575,3,0,2,25,train,train
2576,3,0,2,26,train,train
2577,3,0,2,27,train,train
2578,3,0,2,28,train,train
2579,3,0,2,29,train,train
2580,3,0,2,30,train,train
2581,3,0,2,31,train,train
2582,3,0,2,32,train,train
2583,3,0,2,33,train,train
2584,3,0,2,34,train,train
2585,3,0,2,35,train,train
2586,3,0,2,36,train,train
2587,3,0,2,37,train,train
2588,3,0,2,38,train,train
2589,3,0,2,39,train,train
2590,3,0,2,40,train,train
2591,3,0,2,41,train,train
2592,3,0,2,42,train,train
2593,3,0,2,43,train,train
2594,3,0,2,44,train,train
2595,3,0,2,45,train,train
2596,3,0,2,46,train,train
2597,3,0,2,47,train,train
2598,3,0,2,48,train,train
2599,3,0,2,49,train,train
2600,3,0,2,50,train,train
2601,3,0,3,1,train,train
2602,3,0,3,2,train,train
2603,3,0,3,3,train,train
2604,3,0,3,4,train,train
2605,3,0,3,5,train,train
2606,3,0,3,6,train,train
2607,3,0,3,7,train,train
2608,3,0,3,8,train,train
2609,3,0,3,9,train,train
2610,3,0,3,10,train,train
2611,3,0,3,11,train,train
2612,3,0,3,12,train,train
2613,3,0,3,13,train,train
2614,3,0,3,14,train,train
2615,3,0,3,15,train,train
2616,3,0,3,16,train,train
2617,3,0,3,17,train,train
2618,3,0,3,18,train,train
2619,3,0,3,19,train,train
2620,3,0,3,20,train,train
2621,3,0,3,21,train,train
2622,3,0,3,22,train,train
2623,3,0,3,23,train,train
2624,3,0,3,24,train,train
2625,3,0,3,25,train,train
2626,3,0,3,26,train,train
2627,3,0,3,27,train,train
2628,3,0,3,28,train,train
2629,3,0,3,29,train,train
2630,3,0,3,30,train,train
2631,3,0,3,31,train,train
2632,3,0,3,32,train,train
2633,3,0,3,33,train,train
2634,3,0,3,34,train,train
2635,3,0,3,35,train,train
2636,3,0,3,36,train,train
2637,3,0,3,37,train,train
2638,3,0,3,38,train,train
2639,3,0,3,39,train,train
2640,3,0,3,40,train,train
2641,3,0,3,41,train,train
2642,3,0,3,42,train,train
2643,3,0,3,43,train,train
2644,3,0,3,44,train,train
2645,3,0,3,45,train,train
2646,3,0,3,46,train,train
2647,3,0,3,47,train,train
2648,3,0,3,48,train,train
2649,3,0,3,49,train,train
2650,3,0,3,50,train,train
2651,3,0,4,1,val,train
2652,3,0,4,2,val,train
2653,3,0,4,3,val,train
2654,3,0,4,4,val,train
2655,3,0,4,5,val,train
2656,3,0,4,6,val,train
2657,3,0,4,7,val,train
2658,3,0,4,8,val,train
2659,3,0,4,9,val,train
2660,3,0,4,10,val,train
2661,3,0,4,11,val,train
2662,3,0,4,12,val,train
2663,3,0,4,13,val,train
2664,3,0,4,14,val,train
2665,3,0,4,15,val,train
2666,3,0,4,16,val,train
2667,3,0,4,17,val,train
2668,3,0,4,18,val,train
2669,3,0,4,19,val,train
2670,3,0,4,20,val,train
2671,3,0,4,21,val,train
2672,3,0,4,22,val,train
2673,3,0,4,23,val,train
2674,3,0,4,24,val,train
2675,3,0,4,25,val,train
2676,3,0,4,26,val,train
2677,3,0,4,27,val,train
2678,3,0,4,28,val,train
2679,3,0,4,29,val,train
2680,3,0,4,30,val,train
2681,3,0,4,31,val,train
2682,3,0,4,32,val,train
2683,3,0,4,33,val,train
2684,3,0,4,34,val,train
2685,3,0,4,35,val,train
2686,3,0,4,36,val,train
2687,3,0,4,37,val,train
2688,3,0,4,38,val,train
2689,3,0,4,39,val,train
2690,3,0,4,40,val,train
2691,3,0,4,41,val,train
2692,3,0,4,42,val,train
2693,3,0,4,43,val,train
2694,3,0,4,44,val,train
2695,3,0,4,45,val,train
2696,3,0,4,46,val,train
2697,3,0,4,47,val,train
2698,3,0,4,48,val,train
2699,3,0,4,49,val,train
2700,3,0,4,50,val,train
2701,3,0,5,1,test,train
2702,3,0,5,2,test,train
2703,3,0,5,3,test,train
2704,3,0,5,4,test,train
2705,3,0,5,5,test,train
2706,3,0,5,6,test,train
2707,3,0,5,7,test,train
2708,3,0,5,8,test,train
2709,3,0,5,9,test,train
2710,3,0,5,10,test,train
2711,3,0,5,11,test,train
2712,3,0,5,12,test,train
2713,3,0,5,13,test,train
2714,3,0,5,14,test,train
2715,3,0,5,15,test,train
2716,3,0,5,16,test,train
2717,3,0,5,17,test,train
2718,3,0,5,18,test,train
2719,3,0,5,19,test,train
2720,3,0,5,20,test,train
2721,3,0,5,21,test,train
2722,3,0,5,22,test,train
2723,3,0,5,23,test,train
2724,3,0,5,24,test,train
2725,3,0,5,25,test,train
2726,3,0,5,26,test,train
2727,3,0,5,27,test,train
2728,3,0,5,28,test,train
2729,3,0,5,29,test,train
2730,3,0,5,30,test,train
2731,3,0,5,31,test,train
2732,3,0,5,32,test,train
2733,3,0,5,33,test,train
2734,3,0,5,34,test,train
2735,3,0,5,35,test,train
2736,3,0,5,36,test,train
2737,3,0,5,37,test,train
2738,3,0,5,38,test,train
2739,3,0,5,39,test,train
2740,3,0,5,40,test,train
2741,3,0,5,41,test,train
2742,3,0,5,42,test,train
2743,3,0,5,43,test,train
2744,3,0,5,44,test,train
2745,3,0,5,45,test,train
2746,3,0,5,46,test,train
2747,3,0,5,47,test,train
2748,3,0,5,48,test,train
2749,3,0,5,49,test,train
2750,3,0,5,50,test,train
2751,3,1,1,1,train,train
2752,3,1,1,2,train,train
2753,3,1,1,3,train,train
2754,3,1,1,4,train,train
2755,3,1,1,5,train,train
2756,3,1,1,6,train,train
2757,3,1,1,7,train,train
2758,3,1,1,8,train,train
2759,3,1,1,9,train,train
2760,3,1,1,10,train,train
2761,3,1,1,11,train,train
2762,3,1,1,12,train,train
2763,3,1,1,13,train,train
2764,3,1,1,14,train,train
2765,3,1,1,15,train,train
2766,3,1,1,16,train,train
2767,3,1,1,17,train,train
2768,3,1,1,18,train,train
2769,3,1,1,19,train,train
2770,3,1,1,20,train,train
2771,3,1,1,21,train,train
2772,3,1,1,22,train,train
2773,3,1,1,23,train,train
2774,3,1,1,24,train,train
2775,3,1,1,25,train,train
2776,3,1,1,26,train,train
2777,3,1,1,27,train,train
2778,3,1,1,28,train,train
2779,3,1,1,29,train,train
2780,3,1,1,30,train,train
2781,3,1,1,31,train,train
2782,3,1,1,32,train,train
2783,3,1,1,33,train,train
2784,3,1,1,34,train,train
2785,3,1,1,35,train,train
2786,3,1,1,36,train,train
2787,3,1,1,37,train,train
2788,3,1,1,38,train,train
2789,3,1,1,39,train,train
2790,3,1,1,40,train,train
2791,3,1,1,41,train,train
2792,3,1,1,42,train,train
2793,3,1,1,43,train,train
2794,3,1,1,44,train,train
2795,3,1,1,45,train,train
2796,3,1,1,46,train,train
2797,3,1,1,47,train,train
2798,3,1,1,48,train,train
2799,3,1,1,49,train,train
2800,3,1,1,50,train,train
2801,3,1,2,1,train,train
2802,3,1,2,2,train,train
2803,3,1,2,3,train,train
2804,3,1,2,4,train,train
2805,3,1,2,5,train,train
2806,3,1,2,6,train,train
2807,3,1,2,7,train,train
2808,3,1,2,8,train,train
2809,3,1,2,9,train,train
2810,3,1,2,10,train,train
2811,3,1,2,11,train,train
2812,3,1,2,12,train,train
2813,3,1,2,13,train,train
2814,3,1,2,14,train,train
2815,3,1,2,15,train,train
2816,3,1,2,16,train,train
2817,3,1,2,17,train,train
2818,3,1,2,18,train,train
2819,3,1,2,19,train,train
2820,3,1,2,20,train,train
2821,3,1,2,21,train,train
2822,3,1,2,22,train,train
2823,3,1,2,23,train,train
2824,3,1,2,24,train,train
2825,3,1,2,25,train,train
2826,3,1,2,26,train,train
2827,3,1,2,27,train,train
2828,3,1,2,28,train,train
2829,3,1,2,29,train,train
2830,3,1,2,30,train,train
2831,3,1,2,31,train,train
2832,3,1,2,32,train,train
2833,3,1,2,33,train,train
2834,3,1,2,34,train,train
2835,3,1,2,35,train,train
2836,3,1,2,36,train,train
2837,3,1,2,37,train,train
2838,3,1,2,38,train,train
2839,3,1,2,39,train,train
2840,3,1,2,40,train,train
2841,3,1,2,41,train,train
2842,3,1,2,42,train,train
2843,3,1,2,43,train,train
2844,3,1,2,44,train,train
2845,3,1,2,45,train,train
2846,3,1,2,46,train,train
2847,3,1,2,47,train,train
2848,3,1,2,48,train,train
2849,3,1,2,49,train,train
2850,3,1,2,50,train,train
2851,3,1,3,1,train,train
2852,3,1,3,2,train,train
2853,3,1,3,3,train,train
2854,3,1,3,4,train,train
2855,3,1,3,5,train,train
2856,3,1,3,6,train,train
2857,3,1,3,7,train,train
2858,3,1,3,8,train,train
2859,3,1,3,9,train,train
2860,3,1,3,10,train,train
2861,3,1,3,11,train,train
2862,3,1,3,12,train,train
2863,3,1,3,13,train,train
2864,3,1,3,14,train,train
2865,3,1,3,15,train,train
2866,3,1,3,16,train,train
2867,3,1,3,17,train,train
2868,3,1,3,18,train,train
2869,3,1,3,19,train,train
2870,3,1,3,20,train,train
2871,3,1,3,21,train,train
2872,3,1,3,22,train,train
2873,3,1,3,23,train,train
2874,3,1,3,24,train,train
2875,3,1,3,25,train,train
2876,3,1,3,26,train,train
2877,3,1,3,27,train,train
2878,3,1,3,28,train,train
2879,3,1,3,29,train,train
2880,3,1,3,30,train,train
2881,3,1,3,31,train,train
2882,3,1,3,32,train,train
2883,3,1,3,33,train,train
2884,3,1,3,34,train,train
2885,3,1,3,35,train,train
2886,3,1,3,36,train,train
2887,3,1,3,37,train,train
2888,3,1,3,38,train,train
2889,3,1,3,39,train,train
2890,3,1,3,40,train,train
2891,3,1,3,41,train,train
2892,3,1,3,42,train,train
2893,3,1,3,43,train,train
2894,3,1,3,44,train,train
2895,3,1,3,45,train,train
2896,3,1,3,46,train,train
2897,3,1,3,47,train,train
2898,3,1,3,48,train,train
2899,3,1,3,49,train,train
2900,3,1,3,50,train,train
2901,3,1,4,1,val,train
2902,3,1,4,2,val,train
2903,3,1,4,3,val,train
2904,3,1,4,4,val,train
2905,3,1,4,5,val,train
2906,3,1,4,6,val,train
2907,3,1,4,7,val,train
2908,3,1,4,8,val,train
2909,3,1,4,9,val,train
2910,3,1,4,10,val,train
2911,3,1,4,11,val,train
2912,3,1,4,12,val,train
2913,3,1,4,13,val,train
2914,3,1,4,14,val,train
2915,3,1,4,15,val,train
2916,3,1,4,16,val,train
2917,3,1,4,17,val,train
2918,3,1,4,18,val,train
2919,3,1,4,19,val,train
2920,3,1,4,20,val,train
2921,3,1,4,21,val,train
2922,3,1,4,22,val,train
2923,3,1,4,23,val,train
2924,3,1,4,24,val,train
2925,3,1,4,25,val,train
2926,3,1,4,26,val,train
2927,3,1,4,27,val,train
2928,3,1,4,28,val,train
2929,3,1,4,29,val,train
2930,3,1,4,30,val,train
2931,3,1,4,31,val,train
2932,3,1,4,32,val,train
2933,3,1,4,33,val,train
2934,3,1,4,34,val,train
2935,3,1,4,35,val,train
2936,3,1,4,36,val,train
2937,3,1,4,37,val,train
2938,3,1,4,38,val,train
2939,3,1,4,39,val,train
2940,3,1,4,40,val,train
2941,3,1,4,41,val,train
2942,3,1,4,42,val,train
2943,3,1,4,43,val,train
2944,3,1,4,44,val,train
2945,3,1,4,45,val,train
2946,3,1,4,46,val,train
2947,3,1,4,47,val,train
2948,3,1,4,48,val,train
2949,3,1,4,49,val,train
2950,3,1,4,50,val,train
2951,3,1,5,1,test,train
2952,3,1,5,2,test,train
2953,3,1,5,3,test,train
2954,3,1,5,4,test,train
2955,3,1,5,5,test,train
2956,3,1,5,6,test,train
2957,3,1,5,7,test,train
2958,3,1,5,8,test,train
2959,3,1,5,9,test,train
2960,3,1,5,10,test,train
2961,3,1,5,11,test,train
2962,3,1,5,12,test,train
2963,3,1,5,13,test,train
2964,3,1,5,14,test,train
2965,3,1,5,15,test,train
2966,3,1,5,16,test,train
2967,3,1,5,17,test,train
2968,3,1,5,18,test,train
2969,3,1,5,19,test,train
2970,3,1,5,20,test,train
2971,3,1,5,21,test,train
2972,3,1,5,22,test,train
2973,3,1,5,23,test,train
2974,3,1,5,24,test,train
2975,3,1,5,25,test,train
2976,3,1,5,26,test,train
2977,3,1,5,27,test,train
2978,3,1,5,28,test,train
2979,3,1,5,29,test,train
2980,3,1,5,30,test,train
2981,3,1,5,31,test,train
2982,3,1,5,32,test,train
2983,3,1,5,33,test,train
2984,3,1,5,34,test,train
2985,3,1,5,35,test,train
2986,3,1,5,36,test,train
2987,3,1,5,37,test,train
2988,3,1,5,38,test,train
2989,3,1,5,39,test,train
2990,3,1,5,40,test,train
2991,3,1,5,41,test,train
2992,3,1,5,42,test,train
2993,3,1,5,43,test,train
2994,3,1,5,44,test,train
2995,3,1,5,45,test,train
2996,3,1,5,46,test,train
2997,3,1,5,47,test,train
2998,3,1,5,48,test,train
2999,3,1,5,49,test,train
3000,3,1,5,50,test,train
3001,3,2,1,1,train,train
3002,3,2,1,2,train,train
3003,3,2,1,3,train,train
3004,3,2,1,4,train,train
3005,3,2,1,5,train,train
3006,3,2,1,6,train,train
3007,3,2,1,7,train,train
3008,3,2,1,8,train,train
3009,3,2,1,9,train,train
3010,3,2,1,10,train,train
3011,3,2,1,11,train,train
3012,3,2,1,12,train,train
3013,3,2,1,13,train,train
3014,3,2,1,14,train,train
3015,3,2,1,15,train,train
3016,3,2,1,16,train,train
3017,3,2,1,17,train,train
3018,3,2,1,18,train,train
3019,3,2,1,19,train,train
3020,3,2,1,20,train,train
3021,3,2,1,21,train,train
3022,3,2,1,22,train,train
3023,3,2,1,23,train,train
3024,3,2,1,24,train,train
3025,3,2,1,25,train,train
3026,3,2,1,26,train,train
3027,3,2,1,27,train,train
3028,3,2,1,28,train,train
3029,3,2,1,29,train,train
3030,3,2,1,30,train,train
3031,3,2,1,31,train,train
3032,3,2,1,32,train,train
3033,3,2,1,33,train,train
3034,3,2,1,34,train,train
3035,3,2,1,35,train,train
3036,3,2,1,36,train,train
3037,3,2,1,37,train,train
3038,3,2,1,38,train,train
3039,3,2,1,39,train,train
3040,3,2,1,40,train,train
3041,3,2,1,41,train,train
3042,3,2,1,42,train,train
3043,3,2,1,43,train,train
3044,3,2,1,44,train,train
3045,3,2,1,45,train,train
3046,3,2,1,46,train,train
3047,3,2,1,47,train,train
3048,3,2,1,48,train,train
3049,3,2,1,49,train,train
3050,3,2,1,50,train,train
3051,3,2,2,1,train,train
3052,3,2,2,2,train,train
3053,3,2,2,3,train,train
3054,3,2,2,4,train,train
3055,3,2,2,5,train,train
3056,3,2,2,6,train,train
3057,3,2,2,7,train,train
3058,3,2,2,8,train,train
3059,3,2,2,9,train,train
3060,3,2,2,10,train,train
3061,3,2,2,11,train,train
3062,3,2,2,12,train,train
3063,3,2,2,13,train,train
3064,3,2,2,14,train,train
3065,3,2,2,15,train,train
3066,3,2,2,16,train,train
3067,3,2,2,17,train,train
3068,3,2,2,18,train,train
3069,3,2,2,19,train,train
3070,3,2,2,20,train,train
3071,3,2,2,21,train,train
3072,3,2,2,22,train,train
3073,3,2,2,23,train,train
3074,3,2,2,24,train,train
3075,3,2,2,25,train,train
3076,3,2,2,26,train,train
3077,3,2,2,27,train,train
3078,3,2,2,28,train,train
3079,3,2,2,29,train,train
3080,3,2,2,30,train,train
3081,3,2,2,31,train,train
3082,3,2,2,32,train,train
3083,3,2,2,33,train,train
3084,3,2,2,34,train,train
3085,3,2,2,35,train,train
3086,3,2,2,36,train,train
3087,3,2,2,37,train,train
3088,3,2,2,38,train,train
3089,3,2,2,39,train,train
3090,3,2,2,40,train,train
3091,3,2,2,41,train,train
3092,3,2,2,42,train,train
3093,3,2,2,43,train,train
3094,3,2,2,44,train,train
3095,3,2,2,45,train,train
3096,3,2,2,46,train,train
3097,3,2,2,47,train,train
3098,3,2,2,48,train,train
3099,3,2,2,49,train,train
3100,3,2,2,50,train,train
3101,3,2,3,1,train,train
3102,3,2,3,2,train,train
3103,3,2,3,3,train,train
3104,3,2,3,4,train,train
3105,3,2,3,5,train,train
3106,3,2,3,6,train,train
3107,3,2,3,7,train,train
3108,3,2,3,8,train,train
3109,3,2,3,9,train,train
3110,3,2,3,10,train,train
3111,3,2,3,11,train,train
3112,3,2,3,12,train,train
3113,3,2,3,13,train,train
3114,3,2,3,14,train,train
3115,3,2,3,15,train,train
3116,3,2,3,16,train,train
3117,3,2,3,17,train,train
3118,3,2,3,18,train,train
3119,3,2,3,19,train,train
3120,3,2,3,20,train,train
3121,3,2,3,21,train,train
3122,3,2,3,22,train,train
3123,3,2,3,23,train,train
3124,3,2,3,24,train,train
3125,3,2,3,25,train,train
3126,3,2,3,26,train,train
3127,3,2,3,27,train,train
3128,3,2,3,28,train,train
3129,3,2,3,29,train,train
3130,3,2,3,30,train,train
3131,3,2,3,31,train,train
3132,3,2,3,32,train,train
3133,3,2,3,33,train,train
3134,3,2,3,34,train,train
3135,3,2,3,35,train,train
3136,3,2,3,36,train,train
3137,3,2,3,37,train,train
3138,3,2,3,38,train,train
3139,3,2,3,39,train,train
3140,3,2,3,40,train,train
3141,3,2,3,41,train,train
3142,3,2,3,42,train,train
3143,3,2,3,43,train,train
3144,3,2,3,44,train,train
3145,3,2,3,45,train,train
3146,3,2,3,46,train,train
3147,3,2,3,47,train,train
3148,3,2,3,48,train,train
3149,3,2,3,49,train,train
3150,3,2,3,50,train,train
3151,3,2,4,1,val,train
3152,3,2,4,2,val,train
3153,3,2,4,3,val,train
3154,3,2,4,4,val,train
3155,3,2,4,5,val,train
3156,3,2,4,6,val,train
3157,3,2,4,7,val,train
3158,3,2,4,8,val,train
3159,3,2,4,9,val,train
3160,3,2,4,10,val,train
3161,3,2,4,11,val,train
3162,3,2,4,12,val,train
3163,3,2,4,13,val,train
3164,3,2,4,14,val,train
3165,3,2,4,15,val,train
3166,3,2,4,16,val,train
3167,3,2,4,17,val,train
3168,3,2,4,18,val,train
3169,3,2,4,19,val,train
3170,3,2,4,20,val,train
3171,3,2,4,21,val,train
3172,3,2,4,22,val,train
3173,3,2,4,23,val,train
3174,3,2,4,24,val,train
3175,3,2,4,25,val,train
3176,3,2,4,26,val,train
3177,3,2,4,27,val,train
3178,3,2,4,28,val,train
3179,3,2,4,29,val,train
3180,3,2,4,30,val,train
3181,3,2,4,31,val,train
3182,3,2,4,32,val,train
3183,3,2,4,33,val,train
3184,3,2,4,34,val,train
3185,3,2,4,35,val,train
3186,3,2,4,36,val,train
3187,3,2,4,37,val,train
3188,3,2,4,38,val,train
3189,3,2,4,39,val,train
3190,3,2,4,40,val,train
3191,3,2,4,41,val,train
3192,3,2,4,42,val,train
3193,3,2,4,43,val,train
3194,3,2,4,44,val,train
3195,3,2,4,45,val,train
3196,3,2,4,46,val,train
3197,3,2,4,47,val,train
3198,3,2,4,48,val,train
3199,3,2,4,49,val,train
3200,3,2,4,50,val,train
3201,3,2,5,1,test,train
3202,3,2,5,2,test,train
3203,3,2,5,3,test,train
3204,3,2,5,4,test,train
3205,3,2,5,5,test,train
3206,3,2,5,6,test,train
3207,3,2,5,7,test,train
3208,3,2,5,8,test,train
3209,3,2,5,9,test,train
3210,3,2,5,10,test,train
3211,3,2,5,11,test,train
3212,3,2,5,12,test,train
3213,3,2,5,13,test,train
3214,3,2,5,14,test,train
3215,3,2,5,15,test,train
3216,3,2,5,16,test,train
3217,3,2,5,17,test,train
3218,3,2,5,18,test,train
3219,3,2,5,19,test,train
3220,3,2,5,20,test,train
3221,3,2,5,21,test,train
3222,3,2,5,22,test,train
3223,3,2,5,23,test,train
3224,3,2,5,24,test,train
3225,3,2,5,25,test,train
3226,3,2,5,26,test,train
3227,3,2,5,27,test,train
3228,3,2,5,28,test,train
3229,3,2,5,29,test,train
3230,3,2,5,30,test,train
3231,3,2,5,31,test,train
3232,3,2,5,32,test,train
3233,3,2,5,33,test,train
3234,3,2,5,34,test,train
3235,3,2,5,35,test,train
3236,3,2,5,36,test,train
3237,3,2,5,37,test,train
3238,3,2,5,38,test,train
3239,3,2,5,39,test,train
3240,3,2,5,40,test,train
3241,3,2,5,41,test,train
3242,3,2,5,42,test,train
3243,3,2,5,43,test,train
3244,3,2,5,44,test,train
3245,3,2,5,45,test,train
3246,3,2,5,46,test,train
3247,3,2,5,47,test,train
3248,3,2,5,48,test,train
3249,3,2,5,49,test,train
3250,3,2,5,50,test,train
3251,3,3,1,1,train,train
3252,3,3,1,2,train,train
3253,3,3,1,3,train,train
3254,3,3,1,4,train,train
3255,3,3,1,5,train,train
3256,3,3,1,6,train,train
3257,3,3,1,7,train,train
3258,3,3,1,8,train,train
3259,3,3,1,9,train,train
3260,3,3,1,10,train,train
3261,3,3,1,11,train,train
3262,3,3,1,12,train,train
3263,3,3,1,13,train,train
3264,3,3,1,14,train,train
3265,3,3,1,15,train,train
3266,3,3,1,16,train,train
3267,3,3,1,17,train,train
3268,3,3,1,18,train,train
3269,3,3,1,19,train,train
3270,3,3,1,20,train,train
3271,3,3,1,21,train,train
3272,3,3,1,22,train,train
3273,3,3,1,23,train,train
3274,3,3,1,24,train,train
3275,3,3,1,25,train,train
3276,3,3,1,26,train,train
3277,3,3,1,27,train,train
3278,3,3,1,28,train,train
3279,3,3,1,29,train,train
3280,3,3,1,30,train,train
3281,3,3,1,31,train,train
3282,3,3,1,32,train,train
3283,3,3,1,33,train,train
3284,3,3,1,34,train,train
3285,3,3,1,35,train,train
3286,3,3,1,36,train,train
3287,3,3,1,37,train,train
3288,3,3,1,38,train,train
3289,3,3,1,39,train,train
3290,3,3,1,40,train,train
3291,3,3,1,41,train,train
3292,3,3,1,42,train,train
3293,3,3,1,43,train,train
3294,3,3,1,44,train,train
3295,3,3,1,45,train,train
3296,3,3,1,46,train,train
3297,3,3,1,47,train,train
3298,3,3,1,48,train,train
3299,3,3,1,49,train,train
3300,3,3,1,50,train,train
3301,3,3,2,1,train,train
3302,3,3,2,2,train,train
3303,3,3,2,3,train,train
3304,3,3,2,4,train,train
3305,3,3,2,5,train,train
3306,3,3,2,6,train,train
3307,3,3,2,7,train,train
3308,3,3,2,8,train,train
3309,3,3,2,9,train,train
3310,3,3,2,10,train,train
3311,3,3,2,11,train,train
3312,3,3,2,12,train,train
3313,3,3,2,13,train,train
3314,3,3,2,14,train,train
3315,3,3,2,15,train,train
3316,3,3,2,16,train,train
3317,3,3,2,17,train,train
3318,3,3,2,18,train,train
3319,3,3,2,19,train,train
3320,3,3,2,20,train,train
3321,3,3,2,21,train,train
3322,3,3,2,22,train,train
3323,3,3,2,23,train,train
3324,3,3,2,24,train,train
3325,3,3,2,25,train,train
3326,3,3,2,26,train,train
3327,3,3,2,27,train,train
3328,3,3,2,28,train,train
3329,3,3,2,29,train,train
3330,3,3,2,30,train,train
3331,3,3,2,31,train,train
3332,3,3,2,32,train,train
3333,3,3,2,33,train,train
3334,3,3,2,34,train,train
3335,3,3,2,35,train,train
3336,3,3,2,36,train,train
3337,3,3,2,37,train,train
3338,3,3,2,38,train,train
3339,3,3,2,39,train,train
3340,3,3,2,40,train,train
3341,3,3,2,41,train,train
3342,3,3,2,42,train,train
3343,3,3,2,43,train,train
3344,3,3,2,44,train,train
3345,3,3,2,45,train,train
3346,3,3,2,46,train,train
3347,3,3,2,47,train,train
3348,3,3,2,48,train,train
3349,3,3,2,49,train,train
3350,3,3,2,50,train,train
3351,3,3,3,1,train,train
3352,3,3,3,2,train,train
3353,3,3,3,3,train,train
3354,3,3,3,4,train,train
3355,3,3,3,5,train,train
3356,3,3,3,6,train,train
3357,3,3,3,7,train,train
3358,3,3,3,8,train,train
3359,3,3,3,9,train,train
3360,3,3,3,10,train,train
3361,3,3,3,11,train,train
3362,3,3,3,12,train,train
3363,3,3,3,13,train,train
3364,3,3,3,14,train,train
3365,3,3,3,15,train,train
3366,3,3,3,16,train,train
3367,3,3,3,17,train,train
3368,3,3,3,18,train,train
3369,3,3,3,19,train,train
3370,3,3,3,20,train,train
3371,3,3,3,21,train,train
3372,3,3,3,22,train,train
3373,3,3,3,23,train,train
3374,3,3,3,24,train,train
3375,3,3,3,25,train,train
3376,3,3,3,26,train,train
3377,3,3,3,27,train,train
3378,3,3,3,28,train,train
3379,3,3,3,29,train,train
3380,3,3,3,30,train,train
3381,3,3,3,31,train,train
3382,3,3,3,32,train,train
3383,3,3,3,33,train,train
3384,3,3,3,34,train,train
3385,3,3,3,35,train,train
3386,3,3,3,36,train,train
3387,3,3,3,37,train,train
3388,3,3,3,38,train,train
3389,3,3,3,39,train,train
3390,3,3,3,40,train,train
3391,3,3,3,41,train,train
3392,3,3,3,42,train,train
3393,3,3,3,43,train,train
3394,3,3,3,44,train,train
3395,3,3,3,45,train,train
3396,3,3,3,46,train,train
3397,3,3,3,47,train,train
3398,3,3,3,48,train,train
3399,3,3,3,49,train,train
3400,3,3,3,50,train,train
3401,3,3,4,1,val,train
3402,3,3,4,2,val,train
3403,3,3,4,3,val,train
3404,3,3,4,4,val,train
3405,3,3,4,5,val,train
3406,3,3,4,6,val,train
3407,3,3,4,7,val,train
3408,3,3,4,8,val,train
3409,3,3,4,9,val,train
3410,3,3,4,10,val,train
3411,3,3,4,11,val,train
3412,3,3,4,12,val,train
3413,3,3,4,13,val,train
3414,3,3,4,14,val,train
3415,3,3,4,15,val,train
3416,3,3,4,16,val,train
3417,3,3,4,17,val,train
3418,3,3,4,18,val,train
3419,3,3,4,19,val,train
3420,3,3,4,20,val,train
3421,3,3,4,21,val,train
3422,3,3,4,22,val,train
3423,3,3,4,23,val,train
3424,3,3,4,24,val,train
3425,3,3,4,25,val,train
3426,3,3,4,26,val,train
3427,3,3,4,27,val,train
3428,3,3,4,28,val,train
3429,3,3,4,29,val,train
3430,3,3,4,30,val,train
3431,3,3,4,31,val,train
3432,3,3,4,32,val,train
3433,3,3,4,33,val,train
3434,3,3,4,34,val,train
3435,3,3,4,35,val,train
3436,3,3,4,36,val,train
3437,3,3,4,37,val,train
3438,3,3,4,38,val,train
3439,3,3,4,39,val,train
3440,3,3,4,40,val,train
3441,3,3,4,41,val,train
3442,3,3,4,42,val,train
3443,3,3,4,43,val,train
3444,3,3,4,44,val,train
3445,3,3,4,45,val,train
3446,3,3,4,46,val,train
3447,3,3,4,47,val,train
3448,3,3,4,48,val,train
3449,3,3,4,49,val,train
3450,3,3,4,50,val,train
3451,3,3,5,1,test,train
3452,3,3,5,2,test,train
3453,3,3,5,3,test,train
3454,3,3,5,4,test,train
3455,3,3,5,5,test,train
3456,3,3,5,6,test,train
3457,3,3,5,7,test,train
3458,3,3,5,8,test,train
3459,3,3,5,9,test,train
3460,3,3,5,10,test,train
3461,3,3,5,11,test,train
3462,3,3,5,12,test,train
3463,3,3,5,13,test,train
3464,3,3,5,14,test,train
3465,3,3,5,15,test,train
3466,3,3,5,16,test,train
3467,3,3,5,17,test,train
3468,3,3,5,18,test,train
3469,3,3,5,19,test,train
3470,3,3,5,20,test,train
3471,3,3,5,21,test,train
3472,3,3,5,22,test,train
3473,3,3,5,23,test,train
3474,3,3,5,24,test,train
3475,3,3,5,25,test,train
3476,3,3,5,26,test,train
3477,3,3,5,27,test,train
3478,3,3,5,28,test,train
3479,3,3,5,29,test,train
3480,3,3,5,30,test,train
3481,3,3,5,31,test,train
3482,3,3,5,32,test,train
3483,3,3,5,33,test,train
3484,3,3,5,34,test,train
3485,3,3,5,35,test,train
3486,3,3,5,36,test,train
3487,3,3,5,37,test,train
3488,3,3,5,38,test,train
3489,3,3,5,39,test,train
3490,3,3,5,40,test,train
3491,3,3,5,41,test,train
3492,3,3,5,42,test,train
3493,3,3,5,43,test,train
3494,3,3,5,44,test,train
3495,3,3,5,45,test,train
3496,3,3,5,46,test,train
3497,3,3,5,47,test,train
3498,3,3,5,48,test,train
3499,3,3,5,49,test,train
3500,3,3,5,50,test,train
3501,3,4,1,1,train,train
3502,3,4,1,2,train,train
3503,3,4,1,3,train,train
3504,3,4,1,4,train,train
3505,3,4,1,5,train,train
3506,3,4,1,6,train,train
3507,3,4,1,7,train,train
3508,3,4,1,8,train,train
3509,3,4,1,9,train,train
3510,3,4,1,10,train,train
3511,3,4,1,11,train,train
3512,3,4,1,12,train,train
3513,3,4,1,13,train,train
3514,3,4,1,14,train,train
3515,3,4,1,15,train,train
3516,3,4,1,16,train,train
3517,3,4,1,17,train,train
3518,3,4,1,18,train,train
3519,3,4,1,19,train,train
3520,3,4,1,20,train,train
3521,3,4,1,21,train,train
3522,3,4,1,22,train,train
3523,3,4,1,23,train,train
3524,3,4,1,24,train,train
3525,3,4,1,25,train,train
3526,3,4,1,26,train,train
3527,3,4,1,27,train,train
3528,3,4,1,28,train,train
3529,3,4,1,29,train,train
3530,3,4,1,30,train,train
3531,3,4,1,31,train,train
3532,3,4,1,32,train,train
3533,3,4,1,33,train,train
3534,3,4,1,34,train,train
3535,3,4,1,35,train,train
3536,3,4,1,36,train,train
3537,3,4,1,37,train,train
3538,3,4,1,38,train,train
3539,3,4,1,39,train,train
3540,3,4,1,40,train,train
3541,3,4,1,41,train,train
3542,3,4,1,42,train,train
3543,3,4,1,43,train,train
3544,3,4,1,44,train,train
3545,3,4,1,45,train,train
3546,3,4,1,46,train,train
3547,3,4,1,47,train,train
3548,3,4,1,48,train,train
3549,3,4,1,49,train,train
3550,3,4,1,50,train,train
3551,3,4,2,1,train,train
3552,3,4,2,2,train,train
3553,3,4,2,3,train,train
3554,3,4,2,4,train,train
3555,3,4,2,5,train,train
3556,3,4,2,6,train,train
3557,3,4,2,7,train,train
3558,3,4,2,8,train,train
3559,3,4,2,9,train,train
3560,3,4,2,10,train,train
3561,3,4,2,11,train,train
3562,3,4,2,12,train,train
3563,3,4,2,13,train,train
3564,3,4,2,14,train,train
3565,3,4,2,15,train,train
3566,3,4,2,16,train,train
3567,3,4,2,17,train,train
3568,3,4,2,18,train,train
3569,3,4,2,19,train,train
3570,3,4,2,20,train,train
3571,3,4,2,21,train,train
3572,3,4,2,22,train,train
3573,3,4,2,23,train,train
3574,3,4,2,24,train,train
3575,3,4,2,25,train,train
3576,3,4,2,26,train,train
3577,3,4,2,27,train,train
3578,3,4,2,28,train,train
3579,3,4,2,29,train,train
3580,3,4,2,30,train,train
3581,3,4,2,31,train,train
3582,3,4,2,32,train,train
3583,3,4,2,33,train,train
3584,3,4,2,34,train,train
3585,3,4,2,35,train,train
3586,3,4,2,36,train,train
3587,3,4,2,37,train,train
3588,3,4,2,38,train,train
3589,3,4,2,39,train,train
3590,3,4,2,40,train,train
3591,3,4,2,41,train,train
3592,3,4,2,42,train,train
3593,3,4,2,43,train,train
3594,3,4,2,44,train,train
3595,3,4,2,45,train,train
3596,3,4,2,46,train,train
3597,3,4,2,47,train,train
3598,3,4,2,48,train,train
3599,3,4,2,49,train,train
3600,3,4,2,50,train,train
3601,3,4,3,1,train,train
3602,3,4,3,2,train,train
3603,3,4,3,3,train,train
3604,3,4,3,4,train,train
3605,3,4,3,5,train,train
3606,3,4,3,6,train,train
3607,3,4,3,7,train,train
3608,3,4,3,8,train,train
3609,3,4,3,9,train,train
3610,3,4,3,10,train,train
3611,3,4,3,11,train,train
3612,3,4,3,12,train,train
3613,3,4,3,13,train,train
3614,3,4,3,14,train,train
3615,3,4,3,15,train,train
3616,3,4,3,16,train,train
3617,3,4,3,17,train,train
3618,3,4,3,18,train,train
3619,3,4,3,19,train,train
3620,3,4,3,20,train,train
3621,3,4,3,21,train,train
3622,3,4,3,22,train,train
3623,3,4,3,23,train,train
3624,3,4,3,24,train,train
3625,3,4,3,25,train,train
3626,3,4,3,26,train,train
3627,3,4,3,27,train,train
3628,3,4,3,28,train,train
3629,3,4,3,29,train,train
3630,3,4,3,30,train,train
3631,3,4,3,31,train,train
3632,3,4,3,32,train,train
3633,3,4,3,33,train,train
3634,3,4,3,34,train,train
3635,3,4,3,35,train,train
3636,3,4,3,36,train,train
3637,3,4,3,37,train,train
3638,3,4,3,38,train,train
3639,3,4,3,39,train,train
3640,3,4,3,40,train,train
3641,3,4,3,41,train,train
3642,3,4,3,42,train,train
3643,3,4,3,43,train,train
3644,3,4,3,44,train,train
3645,3,4,3,45,train,train
3646,3,4,3,46,train,train
3647,3,4,3,47,train,train
3648,3,4,3,48,train,train
3649,3,4,3,49,train,train
3650,3,4,3,50,train,train
3651,3,4,4,1,val,train
3652,3,4,4,2,val,train
3653,3,4,4,3,val,train
3654,3,4,4,4,val,train
3655,3,4,4,5,val,train
3656,3,4,4,6,val,train
3657,3,4,4,7,val,train
3658,3,4,4,8,val,train
3659,3,4,4,9,val,train
3660,3,4,4,10,val,train
3661,3,4,4,11,val,train
3662,3,4,4,12,val,train
3663,3,4,4,13,val,train
3664,3,4,4,14,val,train
3665,3,4,4,15,val,train
3666,3,4,4,16,val,train
3667,3,4,4,17,val,train
3668,3,4,4,18,val,train
3669,3,4,4,19,val,train
3670,3,4,4,20,val,train
3671,3,4,4,21,val,train
3672,3,4,4,22,val,train
3673,3,4,4,23,val,train
3674,3,4,4,24,val,train
3675,3,4,4,25,val,train
3676,3,4,4,26,val,train
3677,3,4,4,27,val,train
3678,3,4,4,28,val,train
3679,3,4,4,29,val,train
3680,3,4,4,30,val,train
3681,3,4,4,31,val,train
3682,3,4,4,32,val,train
3683,3,4,4,33,val,train
3684,3,4,4,34,val,train
3685,3,4,4,35,val,train
3686,3,4,4,36,val,train
3687,3,4,4,37,val,train
3688,3,4,4,38,val,train
3689,3,4,4,39,val,train
3690,3,4,4,40,val,train
3691,3,4,4,41,val,train
3692,3,4,4,42,val,train
3693,3,4,4,43,val,train
3694,3,4,4,44,val,train
3695,3,4,4,45,val,train
3696,3,4,4,46,val,train
3697,3,4,4,47,val,train
3698,3,4,4,48,val,train
3699,3,4,4,49,val,train
3700,3,4,4,50,val,train
3701,3,4,5,1,test,train
3702,3,4,5,2,test,train
3703,3,4,5,3,test,train
3704,3,4,5,4,test,train
3705,3,4,5,5,test,train
3706,3,4,5,6,test,train
3707,3,4,5,7,test,train
3708,3,4,5,8,test,train
3709,3,4,5,9,test,train
3710,3,4,5,10,test,train
3711,3,4,5,11,test,train
3712,3,4,5,12,test,train
3713,3,4,5,13,test,train
3714,3,4,5,14,test,train
3715,3,4,5,15,test,train
3716,3,4,5,16,test,train
3717,3,4,5,17,test,train
3718,3,4,5,18,test,train
3719,3,4,5,19,test,train
3720,3,4,5,20,test,train
3721,3,4,5,21,test,train
3722,3,4,5,22,test,train
3723,3,4,5,23,test,train
3724,3,4,5,24,test,train
3725,3,4,5,25,test,train
3726,3,4,5,26,test,train
3727,3,4,5,27,test,train
3728,3,4,5,28,test,train
3729,3,4,5,29,test,train
3730,3,4,5,30,test,train
3731,3,4,5,31,test,train
3732,3,4,5,32,test,train
3733,3,4,5,33,test,train
3734,3,4,5,34,test,train
3735,3,4,5,35,test,train
3736,3,4,5,36,test,train
3737,3,4,5,37,test,train
3738,3,4,5,38,test,train
3739,3,4,5,39,test,train
3740,3,4,5,40,test,train
3741,3,4,5,41,test,train
3742,3,4,5,42,test,train
3743,3,4,5,43,test,train
3744,3,4,5,44,test,train
3745,3,4,5,45,test,train
3746,3,4,5,46,test,train
3747,3,4,5,47,test,train
3748,3,4,5,48,test,train
3749,3,4,5,49,test,train
3750,3,4,5,50,test,train
3751,4,0,1,1,train,train
3752,4,0,1,2,train,train
3753,4,0,1,3,train,train
3754,4,0,1,4,train,train
3755,4,0,1,5,train,train
3756,4,0,1,6,train,train
3757,4,0,1,7,train,train
3758,4,0,1,8,train,train
3759,4,0,1,9,train,train
3760,4,0,1,10,train,train
3761,4,0,1,11,train,train
3762,4,0,1,12,train,train
3763,4,0,1,13,train,train
3764,4,0,1,14,train,train
3765,4,0,1,15,train,train
3766,4,0,1,16,train,train
3767,4,0,1,17,train,train
3768,4,0,1,18,train,train
3769,4,0,1,19,train,train
3770,4,0,1,20,train,train
3771,4,0,1,21,train,train
3772,4,0,1,22,train,train
3773,4,0,1,23,train,train
3774,4,0,1,24,train,train
3775,4,0,1,25,train,train
3776,4,0,1,26,train,train
3777,4,0,1,27,train,train
3778,4,0,1,28,train,train
3779,4,0,1,29,train,train
3780,4,0,1,30,train,train
3781,4,0,1,31,train,train
3782,4,0,1,32,train,train
3783,4,0,1,33,train,train
3784,4,0,1,34,train,train
3785,4,0,1,35,train,train
3786,4,0,1,36,train,train
3787,4,0,1,37,train,train
3788,4,0,1,38,train,train
3789,4,0,1,39,train,train
3790,4,0,1,40,train,train
3791,4,0,1,41,train,train
3792,4,0,1,42,train,train
3793,4,0,1,43,train,train
3794,4,0,1,44,train,train
3795,4,0,1,45,train,train
3796,4,0,1,46,train,train
3797,4,0,1,47,train,train
3798,4,0,1,48,train,train
3799,4,0,1,49,train,train
3800,4,0,1,50,train,train
3801,4,0,2,1,train,train
3802,4,0,2,2,train,train
3803,4,0,2,3,train,train
3804,4,0,2,4,train,train
3805,4,0,2,5,train,train
3806,4,0,2,6,train,train
3807,4,0,2,7,train,train
3808,4,0,2,8,train,train
3809,4,0,2,9,train,train
3810,4,0,2,10,train,train
3811,4,0,2,11,train,train
3812,4,0,2,12,train,train
3813,4,0,2,13,train,train
3814,4,0,2,14,train,train
3815,4,0,2,15,train,train
3816,4,0,2,16,train,train
3817,4,0,2,17,train,train
3818,4,0,2,18,train,train
3819,4,0,2,19,train,train
3820,4,0,2,20,train,train
3821,4,0,2,21,train,train
3822,4,0,2,22,train,train
3823,4,0,2,23,train,train
3824,4,0,2,24,train,train
3825,4,0,2,25,train,train
3826,4,0,2,26,train,train
3827,4,0,2,27,train,train
3828,4,0,2,28,train,train
3829,4,0,2,29,train,train
3830,4,0,2,30,train,train
3831,4,0,2,31,train,train
3832,4,0,2,32,train,train
3833,4,0,2,33,train,train
3834,4,0,2,34,train,train
3835,4,0,2,35,train,train
3836,4,0,2,36,train,train
3837,4,0,2,37,train,train
3838,4,0,2,38,train,train
3839,4,0,2,39,train,train
3840,4,0,2,40,train,train
3841,4,0,2,41,train,train
3842,4,0,2,42,train,train
3843,4,0,2,43,train,train
3844,4,0,2,44,train,train
3845,4,0,2,45,train,train
3846,4,0,2,46,train,train
3847,4,0,2,47,train,train
3848,4,0,2,48,train,train
3849,4,0,2,49,train,train
3850,4,0,2,50,train,train
3851,4,0,3,1,train,train
3852,4,0,3,2,train,train
3853,4,0,3,3,train,train
3854,4,0,3,4,train,train
3855,4,0,3,5,train,train
3856,4,0,3,6,train,train
3857,4,0,3,7,train,train
3858,4,0,3,8,train,train
3859,4,0,3,9,train,train
3860,4,0,3,10,train,train
3861,4,0,3,11,train,train
3862,4,0,3,12,train,train
3863,4,0,3,13,train,train
3864,4,0,3,14,train,train
3865,4,0,3,15,train,train
3866,4,0,3,16,train,train
3867,4,0,3,17,train,train
3868,4,0,3,18,train,train
3869,4,0,3,19,train,train
3870,4,0,3,20,train,train
3871,4,0,3,21,train,train
3872,4,0,3,22,train,train
3873,4,0,3,23,train,train
3874,4,0,3,24,train,train
3875,4,0,3,25,train,train
3876,4,0,3,26,train,train
3877,4,0,3,27,train,train
3878,4,0,3,28,train,train
3879,4,0,3,29,train,train
3880,4,0,3,30,train,train
3881,4,0,3,31,train,train
3882,4,0,3,32,train,train
3883,4,0,3,33,train,train
3884,4,0,3,34,train,train
3885,4,0,3,35,train,train
3886,4,0,3,36,train,train
3887,4,0,3,37,train,train
3888,4,0,3,38,train,train
3889,4,0,3,39,train,train
3890,4,0,3,40,train,train
3891,4,0,3,41,train,train
3892,4,0,3,42,train,train
3893,4,0,3,43,train,train
3894,4,0,3,44,train,train
3895,4,0,3,45,train,train
3896,4,0,3,46,train,train
3897,4,0,3,47,train,train
3898,4,0,3,48,train,train
3899,4,0,3,49,train,train
3900,4,0,3,50,train,train
3901,4,0,4,1,val,train
3902,4,0,4,2,val,train
3903,4,0,4,3,val,train
3904,4,0,4,4,val,train
3905,4,0,4,5,val,train
3906,4,0,4,6,val,train
3907,4,0,4,7,val,train
3908,4,0,4,8,val,train
3909,4,0,4,9,val,train
3910,4,0,4,10,val,train
3911,4,0,4,11,val,train
3912,4,0,4,12,val,train
3913,4,0,4,13,val,train
3914,4,0,4,14,val,train
3915,4,0,4,15,val,train
3916,4,0,4,16,val,train
3917,4,0,4,17,val,train
3918,4,0,4,18,val,train
3919,4,0,4,19,val,train
3920,4,0,4,20,val,train
3921,4,0,4,21,val,train
3922,4,0,4,22,val,train
3923,4,0,4,23,val,train
3924,4,0,4,24,val,train
3925,4,0,4,25,val,train
3926,4,0,4,26,val,train
3927,4,0,4,27,val,train
3928,4,0,4,28,val,train
3929,4,0,4,29,val,train
3930,4,0,4,30,val,train
3931,4,0,4,31,val,train
3932,4,0,4,32,val,train
3933,4,0,4,33,val,train
3934,4,0,4,34,val,train
3935,4,0,4,35,val,train
3936,4,0,4,36,val,train
3937,4,0,4,37,val,train
3938,4,0,4,38,val,train
3939,4,0,4,39,val,train
3940,4,0,4,40,val,train
3941,4,0,4,41,val,train
3942,4,0,4,42,val,train
3943,4,0,4,43,val,train
3944,4,0,4,44,val,train
3945,4,0,4,45,val,train
3946,4,0,4,46,val,train
3947,4,0,4,47,val,train
3948,4,0,4,48,val,train
3949,4,0,4,49,val,train
3950,4,0,4,50,val,train
3951,4,0,5,1,test,train
3952,4,0,5,2,test,train
3953,4,0,5,3,test,train
3954,4,0,5,4,test,train
3955,4,0,5,5,test,train
3956,4,0,5,6,test,train
3957,4,0,5,7,test,train
3958,4,0,5,8,test,train
3959,4,0,5,9,test,train
3960,4,0,5,10,test,train
3961,4,0,5,11,test,train
3962,4,0,5,12,test,train
3963,4,0,5,13,test,train
3964,4,0,5,14,test,train
3965,4,0,5,15,test,train
3966,4,0,5,16,test,train
3967,4,0,5,17,test,train
3968,4,0,5,18,test,train
3969,4,0,5,19,test,train
3970,4,0,5,20,test,train
3971,4,0,5,21,test,train
3972,4,0,5,22,test,train
3973,4,0,5,23,test,train
3974,4,0,5,24,test,train
3975,4,0,5,25,test,train
3976,4,0,5,26,test,train
3977,4,0,5,27,test,train
3978,4,0,5,28,test,train
3979,4,0,5,29,test,train
3980,4,0,5,30,test,train
3981,4,0,5,31,test,train
3982,4,0,5,32,test,train
3983,4,0,5,33,test,train
3984,4,0,5,34,test,train
3985,4,0,5,35,test,train
3986,4,0,5,36,test,train
3987,4,0,5,37,test,train
3988,4,0,5,38,test,train
3989,4,0,5,39,test,train
3990,4,0,5,40,test,train
3991,4,0,5,41,test,train
3992,4,0,5,42,test,train
3993,4,0,5,43,test,train
3994,4,0,5,44,test,train
3995,4,0,5,45,test,train
3996,4,0,5,46,test,train
3997,4,0,5,47,test,train
3998,4,0,5,48,test,train
3999,4,0,5,49,test,train
4000,4,0,5,50,test,train
4001,4,1,1,1,train,train
4002,4,1,1,2,train,train
4003,4,1,1,3,train,train
4004,4,1,1,4,train,train
4005,4,1,1,5,train,train
4006,4,1,1,6,train,train
4007,4,1,1,7,train,train
4008,4,1,1,8,train,train
4009,4,1,1,9,train,train
4010,4,1,1,10,train,train
4011,4,1,1,11,train,train
4012,4,1,1,12,train,train
4013,4,1,1,13,train,train
4014,4,1,1,14,train,train
4015,4,1,1,15,train,train
4016,4,1,1,16,train,train
4017,4,1,1,17,train,train
4018,4,1,1,18,train,train
4019,4,1,1,19,train,train
4020,4,1,1,20,train,train
4021,4,1,1,21,train,train
4022,4,1,1,22,train,train
4023,4,1,1,23,train,train
4024,4,1,1,24,train,train
4025,4,1,1,25,train,train
4026,4,1,1,26,train,train
4027,4,1,1,27,train,train
4028,4,1,1,28,train,train
4029,4,1,1,29,train,train
4030,4,1,1,30,train,train
4031,4,1,1,31,train,train
4032,4,1,1,32,train,train
4033,4,1,1,33,train,train
4034,4,1,1,34,train,train
4035,4,1,1,35,train,train
4036,4,1,1,36,train,train
4037,4,1,1,37,train,train
4038,4,1,1,38,train,train
4039,4,1,1,39,train,train
4040,4,1,1,40,train,train
4041,4,1,1,41,train,train
4042,4,1,1,42,train,train
4043,4,1,1,43,train,train
4044,4,1,1,44,train,train
4045,4,1,1,45,train,train
4046,4,1,1,46,train,train
4047,4,1,1,47,train,train
4048,4,1,1,48,train,train
4049,4,1,1,49,train,train
4050,4,1,1,50,train,train
4051,4,1,2,1,train,train
4052,4,1,2,2,train,train
4053,4,1,2,3,train,train
4054,4,1,2,4,train,train
4055,4,1,2,5,train,train
4056,4,1,2,6,train,train
4057,4,1,2,7,train,train
4058,4,1,2,8,train,train
4059,4,1,2,9,train,train
4060,4,1,2,10,train,train
4061,4,1,2,11,train,train
4062,4,1,2,12,train,train
4063,4,1,2,13,train,train
4064,4,1,2,14,train,train
4065,4,1,2,15,train,train
4066,4,1,2,16,train,train
4067,4,1,2,17,train,train
4068,4,1,2,18,train,train
4069,4,1,2,19,train,train
4070,4,1,2,20,train,train
4071,4,1,2,21,train,train
4072,4,1,2,22,train,train
4073,4,1,2,23,train,train
4074,4,1,2,24,train,train
4075,4,1,2,25,train,train
4076,4,1,2,26,train,train
4077,4,1,2,27,train,train
4078,4,1,2,28,train,train
4079,4,1,2,29,train,train
4080,4,1,2,30,train,train
4081,4,1,2,31,train,train
4082,4,1,2,32,train,train
4083,4,1,2,33,train,train
4084,4,1,2,34,train,train
4085,4,1,2,35,train,train
4086,4,1,2,36,train,train
4087,4,1,2,37,train,train
4088,4,1,2,38,train,train
4089,4,1,2,39,train,train
4090,4,1,2,40,train,train
4091,4,1,2,41,train,train
4092,4,1,2,42,train,train
4093,4,1,2,43,train,train
4094,4,1,2,44,train,train
4095,4,1,2,45,train,train
4096,4,1,2,46,train,train
4097,4,1,2,47,train,train
4098,4,1,2,48,train,train
4099,4,1,2,49,train,train
4100,4,1,2,50,train,train
4101,4,1,3,1,train,train
4102,4,1,3,2,train,train
4103,4,1,3,3,train,train
4104,4,1,3,4,train,train
4105,4,1,3,5,train,train
4106,4,1,3,6,train,train
4107,4,1,3,7,train,train
4108,4,1,3,8,train,train
4109,4,1,3,9,train,train
4110,4,1,3,10,train,train
4111,4,1,3,11,train,train
4112,4,1,3,12,train,train
4113,4,1,3,13,train,train
4114,4,1,3,14,train,train
4115,4,1,3,15,train,train
4116,4,1,3,16,train,train
4117,4,1,3,17,train,train
4118,4,1,3,18,train,train
4119,4,1,3,19,train,train
4120,4,1,3,20,train,train
4121,4,1,3,21,train,train
4122,4,1,3,22,train,train
4123,4,1,3,23,train,train
4124,4,1,3,24,train,train
4125,4,1,3,25,train,train
4126,4,1,3,26,train,train
4127,4,1,3,27,train,train
4128,4,1,3,28,train,train
4129,4,1,3,29,train,train
4130,4,1,3,30,train,train
4131,4,1,3,31,train,train
4132,4,1,3,32,train,train
4133,4,1,3,33,train,train
4134,4,1,3,34,train,train
4135,4,1,3,35,train,train
4136,4,1,3,36,train,train
4137,4,1,3,37,train,train
4138,4,1,3,38,train,train
4139,4,1,3,39,train,train
4140,4,1,3,40,train,train
4141,4,1,3,41,train,train
4142,4,1,3,42,train,train
4143,4,1,3,43,train,train
4144,4,1,3,44,train,train
4145,4,1,3,45,train,train
4146,4,1,3,46,train,train
4147,4,1,3,47,train,train
4148,4,1,3,48,train,train
4149,4,1,3,49,train,train
4150,4,1,3,50,train,train
4151,4,1,4,1,val,train
4152,4,1,4,2,val,train
4153,4,1,4,3,val,train
4154,4,1,4,4,val,train
4155,4,1,4,5,val,train
4156,4,1,4,6,val,train
4157,4,1,4,7,val,train
4158,4,1,4,8,val,train
4159,4,1,4,9,val,train
4160,4,1,4,10,val,train
4161,4,1,4,11,val,train
4162,4,1,4,12,val,train
4163,4,1,4,13,val,train
4164,4,1,4,14,val,train
4165,4,1,4,15,val,train
4166,4,1,4,16,val,train
4167,4,1,4,17,val,train
4168,4,1,4,18,val,train
4169,4,1,4,19,val,train
4170,4,1,4,20,val,train
4171,4,1,4,21,val,train
4172,4,1,4,22,val,train
4173,4,1,4,23,val,train
4174,4,1,4,24,val,train
4175,4,1,4,25,val,train
4176,4,1,4,26,val,train
4177,4,1,4,27,val,train
4178,4,1,4,28,val,train
4179,4,1,4,29,val,train
4180,4,1,4,30,val,train
4181,4,1,4,31,val,train
4182,4,1,4,32,val,train
4183,4,1,4,33,val,train
4184,4,1,4,34,val,train
4185,4,1,4,35,val,train
4186,4,1,4,36,val,train
4187,4,1,4,37,val,train
4188,4,1,4,38,val,train
4189,4,1,4,39,val,train
4190,4,1,4,40,val,train
4191,4,1,4,41,val,train
4192,4,1,4,42,val,train
4193,4,1,4,43,val,train
4194,4,1,4,44,val,train
4195,4,1,4,45,val,train
4196,4,1,4,46,val,train
4197,4,1,4,47,val,train
4198,4,1,4,48,val,train
4199,4,1,4,49,val,train
4200,4,1,4,50,val,train
4201,4,1,5,1,test,train
4202,4,1,5,2,test,train
4203,4,1,5,3,test,train
4204,4,1,5,4,test,train
4205,4,1,5,5,test,train
4206,4,1,5,6,test,train
4207,4,1,5,7,test,train
4208,4,1,5,8,test,train
4209,4,1,5,9,test,train
4210,4,1,5,10,test,train
4211,4,1,5,11,test,train
4212,4,1,5,12,test,train
4213,4,1,5,13,test,train
4214,4,1,5,14,test,train
4215,4,1,5,15,test,train
4216,4,1,5,16,test,train
4217,4,1,5,17,test,train
4218,4,1,5,18,test,train
4219,4,1,5,19,test,train
4220,4,1,5,20,test,train
4221,4,1,5,21,test,train
4222,4,1,5,22,test,train
4223,4,1,5,23,test,train
4224,4,1,5,24,test,train
4225,4,1,5,25,test,train
4226,4,1,5,26,test,train
4227,4,1,5,27,test,train
4228,4,1,5,28,test,train
4229,4,1,5,29,test,train
4230,4,1,5,30,test,train
4231,4,1,5,31,test,train
4232,4,1,5,32,test,train
4233,4,1,5,33,test,train
4234,4,1,5,34,test,train
4235,4,1,5,35,test,train
4236,4,1,5,36,test,train
4237,4,1,5,37,test,train
4238,4,1,5,38,test,train
4239,4,1,5,39,test,train
4240,4,1,5,40,test,train
4241,4,1,5,41,test,train
4242,4,1,5,42,test,train
4243,4,1,5,43,test,train
4244,4,1,5,44,test,train
4245,4,1,5,45,test,train
4246,4,1,5,46,test,train
4247,4,1,5,47,test,train
4248,4,1,5,48,test,train
4249,4,1,5,49,test,train
4250,4,1,5,50,test,train
4251,4,2,1,1,train,train
4252,4,2,1,2,train,train
4253,4,2,1,3,train,train
4254,4,2,1,4,train,train
4255,4,2,1,5,train,train
4256,4,2,1,6,train,train
4257,4,2,1,7,train,train
4258,4,2,1,8,train,train
4259,4,2,1,9,train,train
4260,4,2,1,10,train,train
4261,4,2,1,11,train,train
4262,4,2,1,12,train,train
4263,4,2,1,13,train,train
4264,4,2,1,14,train,train
4265,4,2,1,15,train,train
4266,4,2,1,16,train,train
4267,4,2,1,17,train,train
4268,4,2,1,18,train,train
4269,4,2,1,19,train,train
4270,4,2,1,20,train,train
4271,4,2,1,21,train,train
4272,4,2,1,22,train,train
4273,4,2,1,23,train,train
4274,4,2,1,24,train,train
4275,4,2,1,25,train,train
4276,4,2,1,26,train,train
4277,4,2,1,27,train,train
4278,4,2,1,28,train,train
4279,4,2,1,29,train,train
4280,4,2,1,30,train,train
4281,4,2,1,31,train,train
4282,4,2,1,32,train,train
4283,4,2,1,33,train,train
4284,4,2,1,34,train,train
4285,4,2,1,35,train,train
4286,4,2,1,36,train,train
4287,4,2,1,37,train,train
4288,4,2,1,38,train,train
4289,4,2,1,39,train,train
4290,4,2,1,40,train,train
4291,4,2,1,41,train,train
4292,4,2,1,42,train,train
4293,4,2,1,43,train,train
4294,4,2,1,44,train,train
4295,4,2,1,45,train,train
4296,4,2,1,46,train,train
4297,4,2,1,47,train,train
4298,4,2,1,48,train,train
4299,4,2,1,49,train,train
4300,4,2,1,50,train,train
4301,4,2,2,1,train,train
4302,4,2,2,2,train,train
4303,4,2,2,3,train,train
4304,4,2,2,4,train,train
4305,4,2,2,5,train,train
4306,4,2,2,6,train,train
4307,4,2,2,7,train,train
4308,4,2,2,8,train,train
4309,4,2,2,9,train,train
4310,4,2,2,10,train,train
4311,4,2,2,11,train,train
4312,4,2,2,12,train,train
4313,4,2,2,13,train,train
4314,4,2,2,14,train,train
4315,4,2,2,15,train,train
4316,4,2,2,16,train,train
4317,4,2,2,17,train,train
4318,4,2,2,18,train,train
4319,4,2,2,19,train,train
4320,4,2,2,20,train,train
4321,4,2,2,21,train,train
4322,4,2,2,22,train,train
4323,4,2,2,23,train,train
4324,4,2,2,24,train,train
4325,4,2,2,25,train,train
4326,4,2,2,26,train,train
4327,4,2,2,27,train,train
4328,4,2,2,28,train,train
4329,4,2,2,29,train,train
4330,4,2,2,30,train,train
4331,4,2,2,31,train,train
4332,4,2,2,32,train,train
4333,4,2,2,33,train,train
4334,4,2,2,34,train,train
4335,4,2,2,35,train,train
4336,4,2,2,36,train,train
4337,4,2,2,37,train,train
4338,4,2,2,38,train,train
4339,4,2,2,39,train,train
4340,4,2,2,40,train,train
4341,4,2,2,41,train,train
4342,4,2,2,42,train,train
4343,4,2,2,43,train,train
4344,4,2,2,44,train,train
4345,4,2,2,45,train,train
4346,4,2,2,46,train,train
4347,4,2,2,47,train,train
4348,4,2,2,48,train,train
4349,4,2,2,49,train,train
4350,4,2,2,50,train,train
4351,4,2,3,1,train,train
4352,4,2,3,2,train,train
4353,4,2,3,3,train,train
4354,4,2,3,4,train,train
4355,4,2,3,5,train,train
4356,4,2,3,6,train,train
4357,4,2,3,7,train,train
4358,4,2,3,8,train,train
4359,4,2,3,9,train,train
4360,4,2,3,10,train,train
4361,4,2,3,11,train,train
4362,4,2,3,12,train,train
4363,4,2,3,13,train,train
4364,4,2,3,14,train,train
4365,4,2,3,15,train,train
4366,4,2,3,16,train,train
4367,4,2,3,17,train,train
4368,4,2,3,18,train,train
4369,4,2,3,19,train,train
4370,4,2,3,20,train,train
4371,4,2,3,21,train,train
4372,4,2,3,22,train,train
4373,4,2,3,23,train,train
4374,4,2,3,24,train,train
4375,4,2,3,25,train,train
4376,4,2,3,26,train,train
4377,4,2,3,27,train,train
4378,4,2,3,28,train,train
4379,4,2,3,29,train,train
4380,4,2,3,30,train,train
4381,4,2,3,31,train,train
4382,4,2,3,32,train,train
4383,4,2,3,33,train,train
4384,4,2,3,34,train,train
4385,4,2,3,35,train,train
4386,4,2,3,36,train,train
4387,4,2,3,37,train,train
4388,4,2,3,38,train,train
4389,4,2,3,39,train,train
4390,4,2,3,40,train,train
4391,4,2,3,41,train,train
4392,4,2,3,42,train,train
4393,4,2,3,43,train,train
4394,4,2,3,44,train,train
4395,4,2,3,45,train,train
4396,4,2,3,46,train,train
4397,4,2,3,47,train,train
4398,4,2,3,48,train,train
4399,4,2,3,49,train,train
4400,4,2,3,50,train,train
4401,4,2,4,1,val,train
4402,4,2,4,2,val,train
4403,4,2,4,3,val,train
4404,4,2,4,4,val,train
4405,4,2,4,5,val,train
4406,4,2,4,6,val,train
4407,4,2,4,7,val,train
4408,4,2,4,8,val,train
4409,4,2,4,9,val,train
4410,4,2,4,10,val,train
4411,4,2,4,11,val,train
4412,4,2,4,12,val,train
4413,4,2,4,13,val,train
4414,4,2,4,14,val,train
4415,4,2,4,15,val,train
4416,4,2,4,16,val,train
4417,4,2,4,17,val,train
4418,4,2,4,18,val,train
4419,4,2,4,19,val,train
4420,4,2,4,20,val,train
4421,4,2,4,21,val,train
4422,4,2,4,22,val,train
4423,4,2,4,23,val,train
4424,4,2,4,24,val,train
4425,4,2,4,25,val,train
4426,4,2,4,26,val,train
4427,4,2,4,27,val,train
4428,4,2,4,28,val,train
4429,4,2,4,29,val,train
4430,4,2,4,30,val,train
4431,4,2,4,31,val,train
4432,4,2,4,32,val,train
4433,4,2,4,33,val,train
4434,4,2,4,34,val,train
4435,4,2,4,35,val,train
4436,4,2,4,36,val,train
4437,4,2,4,37,val,train
4438,4,2,4,38,val,train
4439,4,2,4,39,val,train
4440,4,2,4,40,val,train
4441,4,2,4,41,val,train
4442,4,2,4,42,val,train
4443,4,2,4,43,val,train
4444,4,2,4,44,val,train
4445,4,2,4,45,val,train
4446,4,2,4,46,val,train
4447,4,2,4,47,val,train
4448,4,2,4,48,val,train
4449,4,2,4,49,val,train
4450,4,2,4,50,val,train
4451,4,2,5,1,test,train
4452,4,2,5,2,test,train
4453,4,2,5,3,test,train
4454,4,2,5,4,test,train
4455,4,2,5,5,test,train
4456,4,2,5,6,test,train
4457,4,2,5,7,test,train
4458,4,2,5,8,test,train
4459,4,2,5,9,test,train
4460,4,2,5,10,test,train
4461,4,2,5,11,test,train
4462,4,2,5,12,test,train
4463,4,2,5,13,test,train
4464,4,2,5,14,test,train
4465,4,2,5,15,test,train
4466,4,2,5,16,test,train
4467,4,2,5,17,test,train
4468,4,2,5,18,test,train
4469,4,2,5,19,test,train
4470,4,2,5,20,test,train
4471,4,2,5,21,test,train
4472,4,2,5,22,test,train
4473,4,2,5,23,test,train
4474,4,2,5,24,test,train
4475,4,2,5,25,test,train
4476,4,2,5,26,test,train
4477,4,2,5,27,test,train
4478,4,2,5,28,test,train
4479,4,2,5,29,test,train
4480,4,2,5,30,test,train
4481,4,2,5,31,test,train
4482,4,2,5,32,test,train
4483,4,2,5,33,test,train
4484,4,2,5,34,test,train
4485,4,2,5,35,test,train
4486,4,2,5,36,test,train
4487,4,2,5,37,test,train
4488,4,2,5,38,test,train
4489,4,2,5,39,test,train
4490,4,2,5,40,test,train
4491,4,2,5,41,test,train
4492,4,2,5,42,test,train
4493,4,2,5,43,test,train
4494,4,2,5,44,test,train
4495,4,2,5,45,test,train
4496,4,2,5,46,test,train
4497,4,2,5,47,test,train
4498,4,2,5,48,test,train
4499,4,2,5,49,test,train
4500,4,2,5,50,test,train
4501,4,3,1,1,train,train
4502,4,3,1,2,train,train
4503,4,3,1,3,train,train
4504,4,3,1,4,train,train
4505,4,3,1,5,train,train
4506,4,3,1,6,train,train
4507,4,3,1,7,train,train
4508,4,3,1,8,train,train
4509,4,3,1,9,train,train
4510,4,3,1,10,train,train
4511,4,3,1,11,train,train
4512,4,3,1,12,train,train
4513,4,3,1,13,train,train
4514,4,3,1,14,train,train
4515,4,3,1,15,train,train
4516,4,3,1,16,train,train
4517,4,3,1,17,train,train
4518,4,3,1,18,train,train
4519,4,3,1,19,train,train
4520,4,3,1,20,train,train
4521,4,3,1,21,train,train
4522,4,3,1,22,train,train
4523,4,3,1,23,train,train
4524,4,3,1,24,train,train
4525,4,3,1,25,train,train
4526,4,3,1,26,train,train
4527,4,3,1,27,train,train
4528,4,3,1,28,train,train
4529,4,3,1,29,train,train
4530,4,3,1,30,train,train
4531,4,3,1,31,train,train
4532,4,3,1,32,train,train
4533,4,3,1,33,train,train
4534,4,3,1,34,train,train
4535,4,3,1,35,train,train
4536,4,3,1,36,train,train
4537,4,3,1,37,train,train
4538,4,3,1,38,train,train
4539,4,3,1,39,train,train
4540,4,3,1,40,train,train
4541,4,3,1,41,train,train
4542,4,3,1,42,train,train
4543,4,3,1,43,train,train
4544,4,3,1,44,train,train
4545,4,3,1,45,train,train
4546,4,3,1,46,train,train
4547,4,3,1,47,train,train
4548,4,3,1,48,train,train
4549,4,3,1,49,train,train
4550,4,3,1,50,train,train
4551,4,3,2,1,train,train
4552,4,3,2,2,train,train
4553,4,3,2,3,train,train
4554,4,3,2,4,train,train
4555,4,3,2,5,train,train
4556,4,3,2,6,train,train
4557,4,3,2,7,train,train
4558,4,3,2,8,train,train
4559,4,3,2,9,train,train
4560,4,3,2,10,train,train
4561,4,3,2,11,train,train
4562,4,3,2,12,train,train
4563,4,3,2,13,train,train
4564,4,3,2,14,train,train
4565,4,3,2,15,train,train
4566,4,3,2,16,train,train
4567,4,3,2,17,train,train
4568,4,3,2,18,train,train
4569,4,3,2,19,train,train
4570,4,3,2,20,train,train
4571,4,3,2,21,train,train
4572,4,3,2,22,train,train
4573,4,3,2,23,train,train
4574,4,3,2,24,train,train
4575,4,3,2,25,train,train
4576,4,3,2,26,train,train
4577,4,3,2,27,train,train
4578,4,3,2,28,train,train
4579,4,3,2,29,train,train
4580,4,3,2,30,train,train
4581,4,3,2,31,train,train
4582,4,3,2,32,train,train
4583,4,3,2,33,train,train
4584,4,3,2,34,train,train
4585,4,3,2,35,train,train
4586,4,3,2,36,train,train
4587,4,3,2,37,train,train
4588,4,3,2,38,train,train
4589,4,3,2,39,train,train
4590,4,3,2,40,train,train
4591,4,3,2,41,train,train
4592,4,3,2,42,train,train
4593,4,3,2,43,train,train
4594,4,3,2,44,train,train
4595,4,3,2,45,train,train
4596,4,3,2,46,train,train
4597,4,3,2,47,train,train
4598,4,3,2,48,train,train
4599,4,3,2,49,train,train
4600,4,3,2,50,train,train
4601,4,3,3,1,train,train
4602,4,3,3,2,train,train
4603,4,3,3,3,train,train
4604,4,3,3,4,train,train
4605,4,3,3,5,train,train
4606,4,3,3,6,train,train
4607,4,3,3,7,train,train
4608,4,3,3,8,train,train
4609,4,3,3,9,train,train
4610,4,3,3,10,train,train
4611,4,3,3,11,train,train
4612,4,3,3,12,train,train
4613,4,3,3,13,train,train
4614,4,3,3,14,train,train
4615,4,3,3,15,train,train
4616,4,3,3,16,train,train
4617,4,3,3,17,train,train
4618,4,3,3,18,train,train
4619,4,3,3,19,train,train
4620,4,3,3,20,train,train
4621,4,3,3,21,train,train
4622,4,3,3,22,train,train
4623,4,3,3,23,train,train
4624,4,3,3,24,train,train
4625,4,3,3,25,train,train
4626,4,3,3,26,train,train
4627,4,3,3,27,train,train
4628,4,3,3,28,train,train
4629,4,3,3,29,train,train
4630,4,3,3,30,train,train
4631,4,3,3,31,train,train
4632,4,3,3,32,train,train
4633,4,3,3,33,train,train
4634,4,3,3,34,train,train
4635,4,3,3,35,train,train
4636,4,3,3,36,train,train
4637,4,3,3,37,train,train
4638,4,3,3,38,train,train
4639,4,3,3,39,train,train
4640,4,3,3,40,train,train
4641,4,3,3,41,train,train
4642,4,3,3,42,train,train
4643,4,3,3,43,train,train
4644,4,3,3,44,train,train
4645,4,3,3,45,train,train
4646,4,3,3,46,train,train
4647,4,3,3,47,train,train
4648,4,3,3,48,train,train
4649,4,3,3,49,train,train
4650,4,3,3,50,train,train
4651,4,3,4,1,val,train
4652,4,3,4,2,val,train
4653,4,3,4,3,val,train
4654,4,3,4,4,val,train
4655,4,3,4,5,val,train
4656,4,3,4,6,val,train
4657,4,3,4,7,val,train
4658,4,3,4,8,val,train
4659,4,3,4,9,val,train
4660,4,3,4,10,val,train
4661,4,3,4,11,val,train
4662,4,3,4,12,val,train
4663,4,3,4,13,val,train
4664,4,3,4,14,val,train
4665,4,3,4,15,val,train
4666,4,3,4,16,val,train
4667,4,3,4,17,val,train
4668,4,3,4,18,val,train
4669,4,3,4,19,val,train
4670,4,3,4,20,val,train
4671,4,3,4,21,val,train
4672,4,3,4,22,val,train
4673,4,3,4,23,val,train
4674,4,3,4,24,val,train
4675,4,3,4,25,val,train
4676,4,3,4,26,val,train
4677,4,3,4,27,val,train
4678,4,3,4,28,val,train
4679,4,3,4,29,val,train
4680,4,3,4,30,val,train
4681,4,3,4,31,val,train
4682,4,3,4,32,val,train
4683,4,3,4,33,val,train
4684,4,3,4,34,val,train
4685,4,3,4,35,val,train
4686,4,3,4,36,val,train
4687,4,3,4,37,val,train
4688,4,3,4,38,val,train
4689,4,3,4,39,val,train
4690,4,3,4,40,val,train
4691,4,3,4,41,val,train
4692,4,3,4,42,val,train
4693,4,3,4,43,val,train
4694,4,3,4,44,val,train
4695,4,3,4,45,val,train
4696,4,3,4,46,val,train
4697,4,3,4,47,val,train
4698,4,3,4,48,val,train
4699,4,3,4,49,val,train
4700,4,3,4,50,val,train
4701,4,3,5,1,test,train
4702,4,3,5,2,test,train
4703,4,3,5,3,test,train
4704,4,3,5,4,test,train
4705,4,3,5,5,test,train
4706,4,3,5,6,test,train
4707,4,3,5,7,test,train
4708,4,3,5,8,test,train
4709,4,3,5,9,test,train
4710,4,3,5,10,test,train
4711,4,3,5,11,test,train
4712,4,3,5,12,test,train
4713,4,3,5,13,test,train
4714,4,3,5,14,test,train
4715,4,3,5,15,test,train
4716,4,3,5,16,test,train
4717,4,3,5,17,test,train
4718,4,3,5,18,test,train
4719,4,3,5,19,test,train
4720,4,3,5,20,test,train
4721,4,3,5,21,test,train
4722,4,3,5,22,test,train
4723,4,3,5,23,test,train
4724,4,3,5,24,test,train
4725,4,3,5,25,test,train
4726,4,3,5,26,test,train
4727,4,3,5,27,test,train
4728,4,3,5,28,test,train
4729,4,3,5,29,test,train
4730,4,3,5,30,test,train
4731,4,3,5,31,test,train
4732,4,3,5,32,test,train
4733,4,3,5,33,test,train
4734,4,3,5,34,test,train
4735,4,3,5,35,test,train
4736,4,3,5,36,test,train
4737,4,3,5,37,test,train
4738,4,3,5,38,test,train
4739,4,3,5,39,test,train
4740,4,3,5,40,test,train
4741,4,3,5,41,test,train
4742,4,3,5,42,test,train
4743,4,3,5,43,test,train
4744,4,3,5,44,test,train
4745,4,3,5,45,test,train
4746,4,3,5,46,test,train
4747,4,3,5,47,test,train
4748,4,3,5,48,test,train
4749,4,3,5,49,test,train
4750,4,3,5,50,test,train
4751,4,4,1,1,train,train
4752,4,4,1,2,train,train
4753,4,4,1,3,train,train
4754,4,4,1,4,train,train
4755,4,4,1,5,train,train
4756,4,4,1,6,train,train
4757,4,4,1,7,train,train
4758,4,4,1,8,train,train
4759,4,4,1,9,train,train
4760,4,4,1,10,train,train
4761,4,4,1,11,train,train
4762,4,4,1,12,train,train
4763,4,4,1,13,train,train
4764,4,4,1,14,train,train
4765,4,4,1,15,train,train
4766,4,4,1,16,train,train
4767,4,4,1,17,train,train
4768,4,4,1,18,train,train
4769,4,4,1,19,train,train
4770,4,4,1,20,train,train
4771,4,4,1,21,train,train
4772,4,4,1,22,train,train
4773,4,4,1,23,train,train
4774,4,4,1,24,train,train
4775,4,4,1,25,train,train
4776,4,4,1,26,train,train
4777,4,4,1,27,train,train
4778,4,4,1,28,train,train
4779,4,4,1,29,train,train
4780,4,4,1,30,train,train
4781,4,4,1,31,train,train
4782,4,4,1,32,train,train
4783,4,4,1,33,train,train
4784,4,4,1,34,train,train
4785,4,4,1,35,train,train
4786,4,4,1,36,train,train
4787,4,4,1,37,train,train
4788,4,4,1,38,train,train
4789,4,4,1,39,train,train
4790,4,4,1,40,train,train
4791,4,4,1,41,train,train
4792,4,4,1,42,train,train
4793,4,4,1,43,train,train
4794,4,4,1,44,train,train
4795,4,4,1,45,train,train
4796,4,4,1,46,train,train
4797,4,4,1,47,train,train
4798,4,4,1,48,train,train
4799,4,4,1,49,train,train
4800,4,4,1,50,train,train
4801,4,4,2,1,train,train
4802,4,4,2,2,train,train
4803,4,4,2,3,train,train
4804,4,4,2,4,train,train
4805,4,4,2,5,train,train
4806,4,4,2,6,train,train
4807,4,4,2,7,train,train
4808,4,4,2,8,train,train
4809,4,4,2,9,train,train
4810,4,4,2,10,train,train
4811,4,4,2,11,train,train
4812,4,4,2,12,train,train
4813,4,4,2,13,train,train
4814,4,4,2,14,train,train
4815,4,4,2,15,train,train
4816,4,4,2,16,train,train
4817,4,4,2,17,train,train
4818,4,4,2,18,train,train
4819,4,4,2,19,train,train
4820,4,4,2,20,train,train
4821,4,4,2,21,train,train
4822,4,4,2,22,train,train
4823,4,4,2,23,train,train
4824,4,4,2,24,train,train
4825,4,4,2,25,train,train
4826,4,4,2,26,train,train
4827,4,4,2,27,train,train
4828,4,4,2,28,train,train
4829,4,4,2,29,train,train
4830,4,4,2,30,train,train
4831,4,4,2,31,train,train
4832,4,4,2,32,train,train
4833,4,4,2,33,train,train
4834,4,4,2,34,train,train
4835,4,4,2,35,train,train
4836,4,4,2,36,train,train
4837,4,4,2,37,train,train
4838,4,4,2,38,train,train
4839,4,4,2,39,train,train
4840,4,4,2,40,train,train
4841,4,4,2,41,train,train
4842,4,4,2,42,train,train
4843,4,4,2,43,train,train
4844,4,4,2,44,train,train
4845,4,4,2,45,train,train
4846,4,4,2,46,train,train
4847,4,4,2,47,train,train
4848,4,4,2,48,train,train
4849,4,4,2,49,train,train
4850,4,4,2,50,train,train
4851,4,4,3,1,train,train
4852,4,4,3,2,train,train
4853,4,4,3,3,train,train
4854,4,4,3,4,train,train
4855,4,4,3,5,train,train
4856,4,4,3,6,train,train
4857,4,4,3,7,train,train
4858,4,4,3,8,train,train
4859,4,4,3,9,train,train
4860,4,4,3,10,train,train
4861,4,4,3,11,train,train
4862,4,4,3,12,train,train
4863,4,4,3,13,train,train
4864,4,4,3,14,train,train
4865,4,4,3,15,train,train
4866,4,4,3,16,train,train
4867,4,4,3,17,train,train
4868,4,4,3,18,train,train
4869,4,4,3,19,train,train
4870,4,4,3,20,train,train
4871,4,4,3,21,train,train
4872,4,4,3,22,train,train
4873,4,4,3,23,train,train
4874,4,4,3,24,train,train
4875,4,4,3,25,train,train
4876,4,4,3,26,train,train
4877,4,4,3,27,train,train
4878,4,4,3,28,train,train
4879,4,4,3,29,train,train
4880,4,4,3,30,train,train
4881,4,4,3,31,train,train
4882,4,4,3,32,train,train
4883,4,4,3,33,train,train
4884,4,4,3,34,train,train
4885,4,4,3,35,train,train
4886,4,4,3,36,train,train
4887,4,4,3,37,train,train
4888,4,4,3,38,train,train
4889,4,4,3,39,train,train
4890,4,4,3,40,train,train
4891,4,4,3,41,train,train
4892,4,4,3,42,train,train
4893,4,4,3,43,train,train
4894,4,4,3,44,train,train
4895,4,4,3,45,train,train
4896,4,4,3,46,train,train
4897,4,4,3,47,train,train
4898,4,4,3,48,train,train
4899,4,4,3,49,train,train
4900,4,4,3,50,train,train
4901,4,4,4,1,val,train
4902,4,4,4,2,val,train
4903,4,4,4,3,val,train
4904,4,4,4,4,val,train
4905,4,4,4,5,val,train
4906,4,4,4,6,val,train
4907,4,4,4,7,val,train
4908,4,4,4,8,val,train
4909,4,4,4,9,val,train
4910,4,4,4,10,val,train
4911,4,4,4,11,val,train
4912,4,4,4,12,val,train
4913,4,4,4,13,val,train
4914,4,4,4,14,val,train
4915,4,4,4,15,val,train
4916,4,4,4,16,val,train
4917,4,4,4,17,val,train
4918,4,4,4,18,val,train
4919,4,4,4,19,val,train
4920,4,4,4,20,val,train
4921,4,4,4,21,val,train
4922,4,4,4,22,val,train
4923,4,4,4,23,val,train
4924,4,4,4,24,val,train
4925,4,4,4,25,val,train
4926,4,4,4,26,val,train
4927,4,4,4,27,val,train
4928,4,4,4,28,val,train
4929,4,4,4,29,val,train
4930,4,4,4,30,val,train
4931,4,4,4,31,val,train
4932,4,4,4,32,val,train
4933,4,4,4,33,val,train
4934,4,4,4,34,val,train
4935,4,4,4,35,val,train
4936,4,4,4,36,val,train
4937,4,4,4,37,val,train
4938,4,4,4,38,val,train
4939,4,4,4,39,val,train
4940,4,4,4,40,val,train
4941,4,4,4,41,val,train
4942,4,4,4,42,val,train
4943,4,4,4,43,val,train
4944,4,4,4,44,val,train
4945,4,4,4,45,val,train
4946,4,4,4,46,val,train
4947,4,4,4,47,val,train
4948,4,4,4,48,val,train
4949,4,4,4,49,val,train
4950,4,4,4,50,val,train
4951,4,4,5,1,test,train
4952,4,4,5,2,test,train
4953,4,4,5,3,test,train
4954,4,4,5,4,test,train
4955,4,4,5,5,test,train
4956,4,4,5,6,test,train
4957,4,4,5,7,test,train
4958,4,4,5,8,test,train
4959,4,4,5,9,test,train
4960,4,4,5,10,test,train
4961,4,4,5,11,test,train
4962,4,4,5,12,test,train
4963,4,4,5,13,test,train
4964,4,4,5,14,test,train
4965,4,4,5,15,test,train
4966,4,4,5,16,test,train
4967,4,4,5,17,test,train
4968,4,4,5,18,test,train
4969,4,4,5,19,test,train
4970,4,4,5,20,test,train
4971,4,4,5,21,test,train
4972,4,4,5,22,test,train
4973,4,4,5,23,test,train
4974,4,4,5,24,test,train
4975,4,4,5,25,test,train
4976,4,4,5,26,test,train
4977,4,4,5,27,test,train
4978,4,4,5,28,test,train
4979,4,4,5,29,test,train
4980,4,4,5,30,test,train
4981,4,4,5,31,test,train
4982,4,4,5,32,test,train
4983,4,4,5,33,test,train
4984,4,4,5,34,test,train
4985,4,4,5,35,test,train
4986,4,4,5,36,test,train
4987,4,4,5,37,test,train
4988,4,4,5,38,test,train
4989,4,4,5,39,test,train
4990,4,4,5,40,test,train
4991,4,4,5,41,test,train
4992,4,4,5,42,test,train
4993,4,4,5,43,test,train
4994,4,4,5,44,test,train
4995,4,4,5,45,test,train
4996,4,4,5,46,test,train
4997,4,4,5,47,test,train
4998,4,4,5,48,test,train
4999,4,4,5,49,test,train
5000,4,4,5,50,test,train
5001,5,0,1,1,train,train
5002,5,0,1,2,train,train
5003,5,0,1,3,train,train
5004,5,0,1,4,train,train
5005,5,0,1,5,train,train
5006,5,0,1,6,train,train
5007,5,0,1,7,train,train
5008,5,0,1,8,train,train
5009,5,0,1,9,train,train
5010,5,0,1,10,train,train
5011,5,0,1,11,train,train
5012,5,0,1,12,train,train
5013,5,0,1,13,train,train
5014,5,0,1,14,train,train
5015,5,0,1,15,train,train
5016,5,0,1,16,train,train
5017,5,0,1,17,train,train
5018,5,0,1,18,train,train
5019,5,0,1,19,train,train
5020,5,0,1,20,train,train
5021,5,0,1,21,train,train
5022,5,0,1,22,train,train
5023,5,0,1,23,train,train
5024,5,0,1,24,train,train
5025,5,0,1,25,train,train
5026,5,0,1,26,train,train
5027,5,0,1,27,train,train
5028,5,0,1,28,train,train
5029,5,0,1,29,train,train
5030,5,0,1,30,train,train
5031,5,0,1,31,train,train
5032,5,0,1,32,train,train
5033,5,0,1,33,train,train
5034,5,0,1,34,train,train
5035,5,0,1,35,train,train
5036,5,0,1,36,train,train
5037,5,0,1,37,train,train
5038,5,0,1,38,train,train
5039,5,0,1,39,train,train
5040,5,0,1,40,train,train
5041,5,0,1,41,train,train
5042,5,0,1,42,train,train
5043,5,0,1,43,train,train
5044,5,0,1,44,train,train
5045,5,0,1,45,train,train
5046,5,0,1,46,train,train
5047,5,0,1,47,train,train
5048,5,0,1,48,train,train
5049,5,0,1,49,train,train
5050,5,0,1,50,train,train
5051,5,0,2,1,train,train
5052,5,0,2,2,train,train
5053,5,0,2,3,train,train
5054,5,0,2,4,train,train
5055,5,0,2,5,train,train
5056,5,0,2,6,train,train
5057,5,0,2,7,train,train
5058,5,0,2,8,train,train
5059,5,0,2,9,train,train
5060,5,0,2,10,train,train
5061,5,0,2,11,train,train
5062,5,0,2,12,train,train
5063,5,0,2,13,train,train
5064,5,0,2,14,train,train
5065,5,0,2,15,train,train
5066,5,0,2,16,train,train
5067,5,0,2,17,train,train
5068,5,0,2,18,train,train
5069,5,0,2,19,train,train
5070,5,0,2,20,train,train
5071,5,0,2,21,train,train
5072,5,0,2,22,train,train
5073,5,0,2,23,train,train
5074,5,0,2,24,train,train
5075,5,0,2,25,train,train
5076,5,0,2,26,train,train
5077,5,0,2,27,train,train
5078,5,0,2,28,train,train
5079,5,0,2,29,train,train
5080,5,0,2,30,train,train
5081,5,0,2,31,train,train
5082,5,0,2,32,train,train
5083,5,0,2,33,train,train
5084,5,0,2,34,train,train
5085,5,0,2,35,train,train
5086,5,0,2,36,train,train
5087,5,0,2,37,train,train
5088,5,0,2,38,train,train
5089,5,0,2,39,train,train
5090,5,0,2,40,train,train
5091,5,0,2,41,train,train
5092,5,0,2,42,train,train
5093,5,0,2,43,train,train
5094,5,0,2,44,train,train
5095,5,0,2,45,train,train
5096,5,0,2,46,train,train
5097,5,0,2,47,train,train
5098,5,0,2,48,train,train
5099,5,0,2,49,train,train
5100,5,0,2,50,train,train
5101,5,0,3,1,train,train
5102,5,0,3,2,train,train
5103,5,0,3,3,train,train
5104,5,0,3,4,train,train
5105,5,0,3,5,train,train
5106,5,0,3,6,train,train
5107,5,0,3,7,train,train
5108,5,0,3,8,train,train
5109,5,0,3,9,train,train
5110,5,0,3,10,train,train
5111,5,0,3,11,train,train
5112,5,0,3,12,train,train
5113,5,0,3,13,train,train
5114,5,0,3,14,train,train
5115,5,0,3,15,train,train
5116,5,0,3,16,train,train
5117,5,0,3,17,train,train
5118,5,0,3,18,train,train
5119,5,0,3,19,train,train
5120,5,0,3,20,train,train
5121,5,0,3,21,train,train
5122,5,0,3,22,train,train
5123,5,0,3,23,train,train
5124,5,0,3,24,train,train
5125,5,0,3,25,train,train
5126,5,0,3,26,train,train
5127,5,0,3,27,train,train
5128,5,0,3,28,train,train
5129,5,0,3,29,train,train
5130,5,0,3,30,train,train
5131,5,0,3,31,train,train
5132,5,0,3,32,train,train
5133,5,0,3,33,train,train
5134,5,0,3,34,train,train
5135,5,0,3,35,train,train
5136,5,0,3,36,train,train
5137,5,0,3,37,train,train
5138,5,0,3,38,train,train
5139,5,0,3,39,train,train
5140,5,0,3,40,train,train
5141,5,0,3,41,train,train
5142,5,0,3,42,train,train
5143,5,0,3,43,train,train
5144,5,0,3,44,train,train
5145,5,0,3,45,train,train
5146,5,0,3,46,train,train
5147,5,0,3,47,train,train
5148,5,0,3,48,train,train
5149,5,0,3,49,train,train
5150,5,0,3,50,train,train
5151,5,0,4,1,val,train
5152,5,0,4,2,val,train
5153,5,0,4,3,val,train
5154,5,0,4,4,val,train
5155,5,0,4,5,val,train
5156,5,0,4,6,val,train
5157,5,0,4,7,val,train
5158,5,0,4,8,val,train
5159,5,0,4,9,val,train
5160,5,0,4,10,val,train
5161,5,0,4,11,val,train
5162,5,0,4,12,val,train
5163,5,0,4,13,val,train
5164,5,0,4,14,val,train
5165,5,0,4,15,val,train
5166,5,0,4,16,val,train
5167,5,0,4,17,val,train
5168,5,0,4,18,val,train
5169,5,0,4,19,val,train
5170,5,0,4,20,val,train
5171,5,0,4,21,val,train
5172,5,0,4,22,val,train
5173,5,0,4,23,val,train
5174,5,0,4,24,val,train
5175,5,0,4,25,val,train
5176,5,0,4,26,val,train
5177,5,0,4,27,val,train
5178,5,0,4,28,val,train
5179,5,0,4,29,val,train
5180,5,0,4,30,val,train
5181,5,0,4,31,val,train
5182,5,0,4,32,val,train
5183,5,0,4,33,val,train
5184,5,0,4,34,val,train
5185,5,0,4,35,val,train
5186,5,0,4,36,val,train
5187,5,0,4,37,val,train
5188,5,0,4,38,val,train
5189,5,0,4,39,val,train
5190,5,0,4,40,val,train
5191,5,0,4,41,val,train
5192,5,0,4,42,val,train
5193,5,0,4,43,val,train
5194,5,0,4,44,val,train
5195,5,0,4,45,val,train
5196,5,0,4,46,val,train
5197,5,0,4,47,val,train
5198,5,0,4,48,val,train
5199,5,0,4,49,val,train
5200,5,0,4,50,val,train
5201,5,0,5,1,test,train
5202,5,0,5,2,test,train
5203,5,0,5,3,test,train
5204,5,0,5,4,test,train
5205,5,0,5,5,test,train
5206,5,0,5,6,test,train
5207,5,0,5,7,test,train
5208,5,0,5,8,test,train
5209,5,0,5,9,test,train
5210,5,0,5,10,test,train
5211,5,0,5,11,test,train
5212,5,0,5,12,test,train
5213,5,0,5,13,test,train
5214,5,0,5,14,test,train
5215,5,0,5,15,test,train
5216,5,0,5,16,test,train
5217,5,0,5,17,test,train
5218,5,0,5,18,test,train
5219,5,0,5,19,test,train
5220,5,0,5,20,test,train
5221,5,0,5,21,test,train
5222,5,0,5,22,test,train
5223,5,0,5,23,test,train
5224,5,0,5,24,test,train
5225,5,0,5,25,test,train
5226,5,0,5,26,test,train
5227,5,0,5,27,test,train
5228,5,0,5,28,test,train
5229,5,0,5,29,test,train
5230,5,0,5,30,test,train
5231,5,0,5,31,test,train
5232,5,0,5,32,test,train
5233,5,0,5,33,test,train
5234,5,0,5,34,test,train
5235,5,0,5,35,test,train
5236,5,0,5,36,test,train
5237,5,0,5,37,test,train
5238,5,0,5,38,test,train
5239,5,0,5,39,test,train
5240,5,0,5,40,test,train
5241,5,0,5,41,test,train
5242,5,0,5,42,test,train
5243,5,0,5,43,test,train
5244,5,0,5,44,test,train
5245,5,0,5,45,test,train
5246,5,0,5,46,test,train
5247,5,0,5,47,test,train
5248,5,0,5,48,test,train
5249,5,0,5,49,test,train
5250,5,0,5,50,test,train
5251,5,1,1,1,train,train
5252,5,1,1,2,train,train
5253,5,1,1,3,train,train
5254,5,1,1,4,train,train
5255,5,1,1,5,train,train
5256,5,1,1,6,train,train
5257,5,1,1,7,train,train
5258,5,1,1,8,train,train
5259,5,1,1,9,train,train
5260,5,1,1,10,train,train
5261,5,1,1,11,train,train
5262,5,1,1,12,train,train
5263,5,1,1,13,train,train
5264,5,1,1,14,train,train
5265,5,1,1,15,train,train
5266,5,1,1,16,train,train
5267,5,1,1,17,train,train
5268,5,1,1,18,train,train
5269,5,1,1,19,train,train
5270,5,1,1,20,train,train
5271,5,1,1,21,train,train
5272,5,1,1,22,train,train
5273,5,1,1,23,train,train
5274,5,1,1,24,train,train
5275,5,1,1,25,train,train
5276,5,1,1,26,train,train
5277,5,1,1,27,train,train
5278,5,1,1,28,train,train
5279,5,1,1,29,train,train
5280,5,1,1,30,train,train
5281,5,1,1,31,train,train
5282,5,1,1,32,train,train
5283,5,1,1,33,train,train
5284,5,1,1,34,train,train
5285,5,1,1,35,train,train
5286,5,1,1,36,train,train
5287,5,1,1,37,train,train
5288,5,1,1,38,train,train
5289,5,1,1,39,train,train
5290,5,1,1,40,train,train
5291,5,1,1,41,train,train
5292,5,1,1,42,train,train
5293,5,1,1,43,train,train
5294,5,1,1,44,train,train
5295,5,1,1,45,train,train
5296,5,1,1,46,train,train
5297,5,1,1,47,train,train
5298,5,1,1,48,train,train
5299,5,1,1,49,train,train
5300,5,1,1,50,train,train
5301,5,1,2,1,train,train
5302,5,1,2,2,train,train
5303,5,1,2,3,train,train
5304,5,1,2,4,train,train
5305,5,1,2,5,train,train
5306,5,1,2,6,train,train
5307,5,1,2,7,train,train
5308,5,1,2,8,train,train
5309,5,1,2,9,train,train
5310,5,1,2,10,train,train
5311,5,1,2,11,train,train
5312,5,1,2,12,train,train
5313,5,1,2,13,train,train
5314,5,1,2,14,train,train
5315,5,1,2,15,train,train
5316,5,1,2,16,train,train
5317,5,1,2,17,train,train
5318,5,1,2,18,train,train
5319,5,1,2,19,train,train
5320,5,1,2,20,train,train
5321,5,1,2,21,train,train
5322,5,1,2,22,train,train
5323,5,1,2,23,train,train
5324,5,1,2,24,train,train
5325,5,1,2,25,train,train
5326,5,1,2,26,train,train
5327,5,1,2,27,train,train
5328,5,1,2,28,train,train
5329,5,1,2,29,train,train
5330,5,1,2,30,train,train
5331,5,1,2,31,train,train
5332,5,1,2,32,train,train
5333,5,1,2,33,train,train
5334,5,1,2,34,train,train
5335,5,1,2,35,train,train
5336,5,1,2,36,train,train
5337,5,1,2,37,train,train
5338,5,1,2,38,train,train
5339,5,1,2,39,train,train
5340,5,1,2,40,train,train
5341,5,1,2,41,train,train
5342,5,1,2,42,train,train
5343,5,1,2,43,train,train
5344,5,1,2,44,train,train
5345,5,1,2,45,train,train
5346,5,1,2,46,train,train
5347,5,1,2,47,train,train
5348,5,1,2,48,train,train
5349,5,1,2,49,train,train
5350,5,1,2,50,train,train
5351,5,1,3,1,train,train
5352,5,1,3,2,train,train
5353,5,1,3,3,train,train
5354,5,1,3,4,train,train
5355,5,1,3,5,train,train
5356,5,1,3,6,train,train
5357,5,1,3,7,train,train
5358,5,1,3,8,train,train
5359,5,1,3,9,train,train
5360,5,1,3,10,train,train
5361,5,1,3,11,train,train
5362,5,1,3,12,train,train
5363,5,1,3,13,train,train
5364,5,1,3,14,train,train
5365,5,1,3,15,train,train
5366,5,1,3,16,train,train
5367,5,1,3,17,train,train
5368,5,1,3,18,train,train
5369,5,1,3,19,train,train
5370,5,1,3,20,train,train
5371,5,1,3,21,train,train
5372,5,1,3,22,train,train
5373,5,1,3,23,train,train
5374,5,1,3,24,train,train
5375,5,1,3,25,train,train
5376,5,1,3,26,train,train
5377,5,1,3,27,train,train
5378,5,1,3,28,train,train
5379,5,1,3,29,train,train
5380,5,1,3,30,train,train
5381,5,1,3,31,train,train
5382,5,1,3,32,train,train
5383,5,1,3,33,train,train
5384,5,1,3,34,train,train
5385,5,1,3,35,train,train
5386,5,1,3,36,train,train
5387,5,1,3,37,train,train
5388,5,1,3,38,train,train
5389,5,1,3,39,train,train
5390,5,1,3,40,train,train
5391,5,1,3,41,train,train
5392,5,1,3,42,train,train
5393,5,1,3,43,train,train
5394,5,1,3,44,train,train
5395,5,1,3,45,train,train
5396,5,1,3,46,train,train
5397,5,1,3,47,train,train
5398,5,1,3,48,train,train
5399,5,1,3,49,train,train
5400,5,1,3,50,train,train
5401,5,1,4,1,val,train
5402,5,1,4,2,val,train
5403,5,1,4,3,val,train
5404,5,1,4,4,val,train
5405,5,1,4,5,val,train
5406,5,1,4,6,val,train
5407,5,1,4,7,val,train
5408,5,1,4,8,val,train
5409,5,1,4,9,val,train
5410,5,1,4,10,val,train
5411,5,1,4,11,val,train
5412,5,1,4,12,val,train
5413,5,1,4,13,val,train
5414,5,1,4,14,val,train
5415,5,1,4,15,val,train
5416,5,1,4,16,val,train
5417,5,1,4,17,val,train
5418,5,1,4,18,val,train
5419,5,1,4,19,val,train
5420,5,1,4,20,val,train
5421,5,1,4,21,val,train
5422,5,1,4,22,val,train
5423,5,1,4,23,val,train
5424,5,1,4,24,val,train
5425,5,1,4,25,val,train
5426,5,1,4,26,val,train
5427,5,1,4,27,val,train
5428,5,1,4,28,val,train
5429,5,1,4,29,val,train
5430,5,1,4,30,val,train
5431,5,1,4,31,val,train
5432,5,1,4,32,val,train
5433,5,1,4,33,val,train
5434,5,1,4,34,val,train
5435,5,1,4,35,val,train
5436,5,1,4,36,val,train
5437,5,1,4,37,val,train
5438,5,1,4,38,val,train
5439,5,1,4,39,val,train
5440,5,1,4,40,val,train
5441,5,1,4,41,val,train
5442,5,1,4,42,val,train
5443,5,1,4,43,val,train
5444,5,1,4,44,val,train
5445,5,1,4,45,val,train
5446,5,1,4,46,val,train
5447,5,1,4,47,val,train
5448,5,1,4,48,val,train
5449,5,1,4,49,val,train
5450,5,1,4,50,val,train
5451,5,1,5,1,test,train
5452,5,1,5,2,test,train
5453,5,1,5,3,test,train
5454,5,1,5,4,test,train
5455,5,1,5,5,test,train
5456,5,1,5,6,test,train
5457,5,1,5,7,test,train
5458,5,1,5,8,test,train
5459,5,1,5,9,test,train
5460,5,1,5,10,test,train
5461,5,1,5,11,test,train
5462,5,1,5,12,test,train
5463,5,1,5,13,test,train
5464,5,1,5,14,test,train
5465,5,1,5,15,test,train
5466,5,1,5,16,test,train
5467,5,1,5,17,test,train
5468,5,1,5,18,test,train
5469,5,1,5,19,test,train
5470,5,1,5,20,test,train
5471,5,1,5,21,test,train
5472,5,1,5,22,test,train
5473,5,1,5,23,test,train
5474,5,1,5,24,test,train
5475,5,1,5,25,test,train
5476,5,1,5,26,test,train
5477,5,1,5,27,test,train
5478,5,1,5,28,test,train
5479,5,1,5,29,test,train
5480,5,1,5,30,test,train
5481,5,1,5,31,test,train
5482,5,1,5,32,test,train
5483,5,1,5,33,test,train
5484,5,1,5,34,test,train
5485,5,1,5,35,test,train
5486,5,1,5,36,test,train
5487,5,1,5,37,test,train
5488,5,1,5,38,test,train
5489,5,1,5,39,test,train
5490,5,1,5,40,test,train
5491,5,1,5,41,test,train
5492,5,1,5,42,test,train
5493,5,1,5,43,test,train
5494,5,1,5,44,test,train
5495,5,1,5,45,test,train
5496,5,1,5,46,test,train
5497,5,1,5,47,test,train
5498,5,1,5,48,test,train
5499,5,1,5,49,test,train
5500,5,1,5,50,test,train
5501,5,2,1,1,train,train
5502,5,2,1,2,train,train
5503,5,2,1,3,train,train
5504,5,2,1,4,train,train
5505,5,2,1,5,train,train
5506,5,2,1,6,train,train
5507,5,2,1,7,train,train
5508,5,2,1,8,train,train
5509,5,2,1,9,train,train
5510,5,2,1,10,train,train
5511,5,2,1,11,train,train
5512,5,2,1,12,train,train
5513,5,2,1,13,train,train
5514,5,2,1,14,train,train
5515,5,2,1,15,train,train
5516,5,2,1,16,train,train
5517,5,2,1,17,train,train
5518,5,2,1,18,train,train
5519,5,2,1,19,train,train
5520,5,2,1,20,train,train
5521,5,2,1,21,train,train
5522,5,2,1,22,train,train
5523,5,2,1,23,train,train
5524,5,2,1,24,train,train
5525,5,2,1,25,train,train
5526,5,2,1,26,train,train
5527,5,2,1,27,train,train
5528,5,2,1,28,train,train
5529,5,2,1,29,train,train
5530,5,2,1,30,train,train
5531,5,2,1,31,train,train
5532,5,2,1,32,train,train
5533,5,2,1,33,train,train
5534,5,2,1,34,train,train
5535,5,2,1,35,train,train
5536,5,2,1,36,train,train
5537,5,2,1,37,train,train
5538,5,2,1,38,train,train
5539,5,2,1,39,train,train
5540,5,2,1,40,train,train
5541,5,2,1,41,train,train
5542,5,2,1,42,train,train
5543,5,2,1,43,train,train
5544,5,2,1,44,train,train
5545,5,2,1,45,train,train
5546,5,2,1,46,train,train
5547,5,2,1,47,train,train
5548,5,2,1,48,train,train
5549,5,2,1,49,train,train
5550,5,2,1,50,train,train
5551,5,2,2,1,train,train
5552,5,2,2,2,train,train
5553,5,2,2,3,train,train
5554,5,2,2,4,train,train
5555,5,2,2,5,train,train
5556,5,2,2,6,train,train
5557,5,2,2,7,train,train
5558,5,2,2,8,train,train
5559,5,2,2,9,train,train
5560,5,2,2,10,train,train
5561,5,2,2,11,train,train
5562,5,2,2,12,train,train
5563,5,2,2,13,train,train
5564,5,2,2,14,train,train
5565,5,2,2,15,train,train
5566,5,2,2,16,train,train
5567,5,2,2,17,train,train
5568,5,2,2,18,train,train
5569,5,2,2,19,train,train
5570,5,2,2,20,train,train
5571,5,2,2,21,train,train
5572,5,2,2,22,train,train
5573,5,2,2,23,train,train
5574,5,2,2,24,train,train
5575,5,2,2,25,train,train
5576,5,2,2,26,train,train
5577,5,2,2,27,train,train
5578,5,2,2,28,train,train
5579,5,2,2,29,train,train
5580,5,2,2,30,train,train
5581,5,2,2,31,train,train
5582,5,2,2,32,train,train
5583,5,2,2,33,train,train
5584,5,2,2,34,train,train
5585,5,2,2,35,train,train
5586,5,2,2,36,train,train
5587,5,2,2,37,train,train
5588,5,2,2,38,train,train
5589,5,2,2,39,train,train
5590,5,2,2,40,train,train
5591,5,2,2,41,train,train
5592,5,2,2,42,train,train
5593,5,2,2,43,train,train
5594,5,2,2,44,train,train
5595,5,2,2,45,train,train
5596,5,2,2,46,train,train
5597,5,2,2,47,train,train
5598,5,2,2,48,train,train
5599,5,2,2,49,train,train
5600,5,2,2,50,train,train
5601,5,2,3,1,train,train
5602,5,2,3,2,train,train
5603,5,2,3,3,train,train
5604,5,2,3,4,train,train
5605,5,2,3,5,train,train
5606,5,2,3,6,train,train
5607,5,2,3,7,train,train
5608,5,2,3,8,train,train
5609,5,2,3,9,train,train
5610,5,2,3,10,train,train
5611,5,2,3,11,train,train
5612,5,2,3,12,train,train
5613,5,2,3,13,train,train
5614,5,2,3,14,train,train
5615,5,2,3,15,train,train
5616,5,2,3,16,train,train
5617,5,2,3,17,train,train
5618,5,2,3,18,train,train
5619,5,2,3,19,train,train
5620,5,2,3,20,train,train
5621,5,2,3,21,train,train
5622,5,2,3,22,train,train
5623,5,2,3,23,train,train
5624,5,2,3,24,train,train
5625,5,2,3,25,train,train
5626,5,2,3,26,train,train
5627,5,2,3,27,train,train
5628,5,2,3,28,train,train
5629,5,2,3,29,train,train
5630,5,2,3,30,train,train
5631,5,2,3,31,train,train
5632,5,2,3,32,train,train
5633,5,2,3,33,train,train
5634,5,2,3,34,train,train
5635,5,2,3,35,train,train
5636,5,2,3,36,train,train
5637,5,2,3,37,train,train
5638,5,2,3,38,train,train
5639,5,2,3,39,train,train
5640,5,2,3,40,train,train
5641,5,2,3,41,train,train
5642,5,2,3,42,train,train
5643,5,2,3,43,train,train
5644,5,2,3,44,train,train
5645,5,2,3,45,train,train
5646,5,2,3,46,train,train
5647,5,2,3,47,train,train
5648,5,2,3,48,train,train
5649,5,2,3,49,train,train
5650,5,2,3,50,train,train
5651,5,2,4,1,val,train
5652,5,2,4,2,val,train
5653,5,2,4,3,val,train
5654,5,2,4,4,val,train
5655,5,2,4,5,val,train
5656,5,2,4,6,val,train
5657,5,2,4,7,val,train
5658,5,2,4,8,val,train
5659,5,2,4,9,val,train
5660,5,2,4,10,val,train
5661,5,2,4,11,val,train
5662,5,2,4,12,val,train
5663,5,2,4,13,val,train
5664,5,2,4,14,val,train
5665,5,2,4,15,val,train
5666,5,2,4,16,val,train
5667,5,2,4,17,val,train
5668,5,2,4,18,val,train
5669,5,2,4,19,val,train
5670,5,2,4,20,val,train
5671,5,2,4,21,val,train
5672,5,2,4,22,val,train
5673,5,2,4,23,val,train
5674,5,2,4,24,val,train
5675,5,2,4,25,val,train
5676,5,2,4,26,val,train
5677,5,2,4,27,val,train
5678,5,2,4,28,val,train
5679,5,2,4,29,val,train
5680,5,2,4,30,val,train
5681,5,2,4,31,val,train
5682,5,2,4,32,val,train
5683,5,2,4,33,val,train
5684,5,2,4,34,val,train
5685,5,2,4,35,val,train
5686,5,2,4,36,val,train
5687,5,2,4,37,val,train
5688,5,2,4,38,val,train
5689,5,2,4,39,val,train
5690,5,2,4,40,val,train
5691,5,2,4,41,val,train
5692,5,2,4,42,val,train
5693,5,2,4,43,val,train
5694,5,2,4,44,val,train
5695,5,2,4,45,val,train
5696,5,2,4,46,val,train
5697,5,2,4,47,val,train
5698,5,2,4,48,val,train
5699,5,2,4,49,val,train
5700,5,2,4,50,val,train
5701,5,2,5,1,test,train
5702,5,2,5,2,test,train
5703,5,2,5,3,test,train
5704,5,2,5,4,test,train
5705,5,2,5,5,test,train
5706,5,2,5,6,test,train
5707,5,2,5,7,test,train
5708,5,2,5,8,test,train
5709,5,2,5,9,test,train
5710,5,2,5,10,test,train
5711,5,2,5,11,test,train
5712,5,2,5,12,test,train
5713,5,2,5,13,test,train
5714,5,2,5,14,test,train
5715,5,2,5,15,test,train
5716,5,2,5,16,test,train
5717,5,2,5,17,test,train
5718,5,2,5,18,test,train
5719,5,2,5,19,test,train
5720,5,2,5,20,test,train
5721,5,2,5,21,test,train
5722,5,2,5,22,test,train
5723,5,2,5,23,test,train
5724,5,2,5,24,test,train
5725,5,2,5,25,test,train
5726,5,2,5,26,test,train
5727,5,2,5,27,test,train
5728,5,2,5,28,test,train
5729,5,2,5,29,test,train
5730,5,2,5,30,test,train
5731,5,2,5,31,test,train
5732,5,2,5,32,test,train
5733,5,2,5,33,test,train
5734,5,2,5,34,test,train
5735,5,2,5,35,test,train
5736,5,2,5,36,test,train
5737,5,2,5,37,test,train
5738,5,2,5,38,test,train
5739,5,2,5,39,test,train
5740,5,2,5,40,test,train
5741,5,2,5,41,test,train
5742,5,2,5,42,test,train
5743,5,2,5,43,test,train
5744,5,2,5,44,test,train
5745,5,2,5,45,test,train
5746,5,2,5,46,test,train
5747,5,2,5,47,test,train
5748,5,2,5,48,test,train
5749,5,2,5,49,test,train
5750,5,2,5,50,test,train
5751,5,3,1,1,train,train
5752,5,3,1,2,train,train
5753,5,3,1,3,train,train
5754,5,3,1,4,train,train
5755,5,3,1,5,train,train
5756,5,3,1,6,train,train
5757,5,3,1,7,train,train
5758,5,3,1,8,train,train
5759,5,3,1,9,train,train
5760,5,3,1,10,train,train
5761,5,3,1,11,train,train
5762,5,3,1,12,train,train
5763,5,3,1,13,train,train
5764,5,3,1,14,train,train
5765,5,3,1,15,train,train
5766,5,3,1,16,train,train
5767,5,3,1,17,train,train
5768,5,3,1,18,train,train
5769,5,3,1,19,train,train
5770,5,3,1,20,train,train
5771,5,3,1,21,train,train
5772,5,3,1,22,train,train
5773,5,3,1,23,train,train
5774,5,3,1,24,train,train
5775,5,3,1,25,train,train
5776,5,3,1,26,train,train
5777,5,3,1,27,train,train
5778,5,3,1,28,train,train
5779,5,3,1,29,train,train
5780,5,3,1,30,train,train
5781,5,3,1,31,train,train
5782,5,3,1,32,train,train
5783,5,3,1,33,train,train
5784,5,3,1,34,train,train
5785,5,3,1,35,train,train
5786,5,3,1,36,train,train
5787,5,3,1,37,train,train
5788,5,3,1,38,train,train
5789,5,3,1,39,train,train
5790,5,3,1,40,train,train
5791,5,3,1,41,train,train
5792,5,3,1,42,train,train
5793,5,3,1,43,train,train
5794,5,3,1,44,train,train
5795,5,3,1,45,train,train
5796,5,3,1,46,train,train
5797,5,3,1,47,train,train
5798,5,3,1,48,train,train
5799,5,3,1,49,train,train
5800,5,3,1,50,train,train
5801,5,3,2,1,train,train
5802,5,3,2,2,train,train
5803,5,3,2,3,train,train
5804,5,3,2,4,train,train
5805,5,3,2,5,train,train
5806,5,3,2,6,train,train
5807,5,3,2,7,train,train
5808,5,3,2,8,train,train
5809,5,3,2,9,train,train
5810,5,3,2,10,train,train
5811,5,3,2,11,train,train
5812,5,3,2,12,train,train
5813,5,3,2,13,train,train
5814,5,3,2,14,train,train
5815,5,3,2,15,train,train
5816,5,3,2,16,train,train
5817,5,3,2,17,train,train
5818,5,3,2,18,train,train
5819,5,3,2,19,train,train
5820,5,3,2,20,train,train
5821,5,3,2,21,train,train
5822,5,3,2,22,train,train
5823,5,3,2,23,train,train
5824,5,3,2,24,train,train
5825,5,3,2,25,train,train
5826,5,3,2,26,train,train
5827,5,3,2,27,train,train
5828,5,3,2,28,train,train
5829,5,3,2,29,train,train
5830,5,3,2,30,train,train
5831,5,3,2,31,train,train
5832,5,3,2,32,train,train
5833,5,3,2,33,train,train
5834,5,3,2,34,train,train
5835,5,3,2,35,train,train
5836,5,3,2,36,train,train
5837,5,3,2,37,train,train
5838,5,3,2,38,train,train
5839,5,3,2,39,train,train
5840,5,3,2,40,train,train
5841,5,3,2,41,train,train
5842,5,3,2,42,train,train
5843,5,3,2,43,train,train
5844,5,3,2,44,train,train
5845,5,3,2,45,train,train
5846,5,3,2,46,train,train
5847,5,3,2,47,train,train
5848,5,3,2,48,train,train
5849,5,3,2,49,train,train
5850,5,3,2,50,train,train
5851,5,3,3,1,train,train
5852,5,3,3,2,train,train
5853,5,3,3,3,train,train
5854,5,3,3,4,train,train
5855,5,3,3,5,train,train
5856,5,3,3,6,train,train
5857,5,3,3,7,train,train
5858,5,3,3,8,train,train
5859,5,3,3,9,train,train
5860,5,3,3,10,train,train
5861,5,3,3,11,train,train
5862,5,3,3,12,train,train
5863,5,3,3,13,train,train
5864,5,3,3,14,train,train
5865,5,3,3,15,train,train
5866,5,3,3,16,train,train
5867,5,3,3,17,train,train
5868,5,3,3,18,train,train
5869,5,3,3,19,train,train
5870,5,3,3,20,train,train
5871,5,3,3,21,train,train
5872,5,3,3,22,train,train
5873,5,3,3,23,train,train
5874,5,3,3,24,train,train
5875,5,3,3,25,train,train
5876,5,3,3,26,train,train
5877,5,3,3,27,train,train
5878,5,3,3,28,train,train
5879,5,3,3,29,train,train
5880,5,3,3,30,train,train
5881,5,3,3,31,train,train
5882,5,3,3,32,train,train
5883,5,3,3,33,train,train
5884,5,3,3,34,train,train
5885,5,3,3,35,train,train
5886,5,3,3,36,train,train
5887,5,3,3,37,train,train
5888,5,3,3,38,train,train
5889,5,3,3,39,train,train
5890,5,3,3,40,train,train
5891,5,3,3,41,train,train
5892,5,3,3,42,train,train
5893,5,3,3,43,train,train
5894,5,3,3,44,train,train
5895,5,3,3,45,train,train
5896,5,3,3,46,train,train
5897,5,3,3,47,train,train
5898,5,3,3,48,train,train
5899,5,3,3,49,train,train
5900,5,3,3,50,train,train
5901,5,3,4,1,val,train
5902,5,3,4,2,val,train
5903,5,3,4,3,val,train
5904,5,3,4,4,val,train
5905,5,3,4,5,val,train
5906,5,3,4,6,val,train
5907,5,3,4,7,val,train
5908,5,3,4,8,val,train
5909,5,3,4,9,val,train
5910,5,3,4,10,val,train
5911,5,3,4,11,val,train
5912,5,3,4,12,val,train
5913,5,3,4,13,val,train
5914,5,3,4,14,val,train
5915,5,3,4,15,val,train
5916,5,3,4,16,val,train
5917,5,3,4,17,val,train
5918,5,3,4,18,val,train
5919,5,3,4,19,val,train
5920,5,3,4,20,val,train
5921,5,3,4,21,val,train
5922,5,3,4,22,val,train
5923,5,3,4,23,val,train
5924,5,3,4,24,val,train
5925,5,3,4,25,val,train
5926,5,3,4,26,val,train
5927,5,3,4,27,val,train
5928,5,3,4,28,val,train
5929,5,3,4,29,val,train
5930,5,3,4,30,val,train
5931,5,3,4,31,val,train
5932,5,3,4,32,val,train
5933,5,3,4,33,val,train
5934,5,3,4,34,val,train
5935,5,3,4,35,val,train
5936,5,3,4,36,val,train
5937,5,3,4,37,val,train
5938,5,3,4,38,val,train
5939,5,3,4,39,val,train
5940,5,3,4,40,val,train
5941,5,3,4,41,val,train
5942,5,3,4,42,val,train
5943,5,3,4,43,val,train
5944,5,3,4,44,val,train
5945,5,3,4,45,val,train
5946,5,3,4,46,val,train
5947,5,3,4,47,val,train
5948,5,3,4,48,val,train
5949,5,3,4,49,val,train
5950,5,3,4,50,val,train
5951,5,3,5,1,test,train
5952,5,3,5,2,test,train
5953,5,3,5,3,test,train
5954,5,3,5,4,test,train
5955,5,3,5,5,test,train
5956,5,3,5,6,test,train
5957,5,3,5,7,test,train
5958,5,3,5,8,test,train
5959,5,3,5,9,test,train
5960,5,3,5,10,test,train
5961,5,3,5,11,test,train
5962,5,3,5,12,test,train
5963,5,3,5,13,test,train
5964,5,3,5,14,test,train
5965,5,3,5,15,test,train
5966,5,3,5,16,test,train
5967,5,3,5,17,test,train
5968,5,3,5,18,test,train
5969,5,3,5,19,test,train
5970,5,3,5,20,test,train
5971,5,3,5,21,test,train
5972,5,3,5,22,test,train
5973,5,3,5,23,test,train
5974,5,3,5,24,test,train
5975,5,3,5,25,test,train
5976,5,3,5,26,test,train
5977,5,3,5,27,test,train
5978,5,3,5,28,test,train
5979,5,3,5,29,test,train
5980,5,3,5,30,test,train
5981,5,3,5,31,test,train
5982,5,3,5,32,test,train
5983,5,3,5,33,test,train
5984,5,3,5,34,test,train
5985,5,3,5,35,test,train
5986,5,3,5,36,test,train
5987,5,3,5,37,test,train
5988,5,3,5,38,test,train
5989,5,3,5,39,test,train
5990,5,3,5,40,test,train
5991,5,3,5,41,test,train
5992,5,3,5,42,test,train
5993,5,3,5,43,test,train
5994,5,3,5,44,test,train
5995,5,3,5,45,test,train
5996,5,3,5,46,test,train
5997,5,3,5,47,test,train
5998,5,3,5,48,test,train
5999,5,3,5,49,test,train
6000,5,3,5,50,test,train
6001,5,4,1,1,train,train
6002,5,4,1,2,train,train
6003,5,4,1,3,train,train
6004,5,4,1,4,train,train
6005,5,4,1,5,train,train
6006,5,4,1,6,train,train
6007,5,4,1,7,train,train
6008,5,4,1,8,train,train
6009,5,4,1,9,train,train
6010,5,4,1,10,train,train
6011,5,4,1,11,train,train
6012,5,4,1,12,train,train
6013,5,4,1,13,train,train
6014,5,4,1,14,train,train
6015,5,4,1,15,train,train
6016,5,4,1,16,train,train
6017,5,4,1,17,train,train
6018,5,4,1,18,train,train
6019,5,4,1,19,train,train
6020,5,4,1,20,train,train
6021,5,4,1,21,train,train
6022,5,4,1,22,train,train
6023,5,4,1,23,train,train
6024,5,4,1,24,train,train
6025,5,4,1,25,train,train
6026,5,4,1,26,train,train
6027,5,4,1,27,train,train
6028,5,4,1,28,train,train
6029,5,4,1,29,train,train
6030,5,4,1,30,train,train
6031,5,4,1,31,train,train
6032,5,4,1,32,train,train
6033,5,4,1,33,train,train
6034,5,4,1,34,train,train
6035,5,4,1,35,train,train
6036,5,4,1,36,train,train
6037,5,4,1,37,train,train
6038,5,4,1,38,train,train
6039,5,4,1,39,train,train
6040,5,4,1,40,train,train
6041,5,4,1,41,train,train
6042,5,4,1,42,train,train
6043,5,4,1,43,train,train
6044,5,4,1,44,train,train
6045,5,4,1,45,train,train
6046,5,4,1,46,train,train
6047,5,4,1,47,train,train
6048,5,4,1,48,train,train
6049,5,4,1,49,train,train
6050,5,4,1,50,train,train
6051,5,4,2,1,train,train
6052,5,4,2,2,train,train
6053,5,4,2,3,train,train
6054,5,4,2,4,train,train
6055,5,4,2,5,train,train
6056,5,4,2,6,train,train
6057,5,4,2,7,train,train
6058,5,4,2,8,train,train
6059,5,4,2,9,train,train
6060,5,4,2,10,train,train
6061,5,4,2,11,train,train
6062,5,4,2,12,train,train
6063,5,4,2,13,train,train
6064,5,4,2,14,train,train
6065,5,4,2,15,train,train
6066,5,4,2,16,train,train
6067,5,4,2,17,train,train
6068,5,4,2,18,train,train
6069,5,4,2,19,train,train
6070,5,4,2,20,train,train
6071,5,4,2,21,train,train
6072,5,4,2,22,train,train
6073,5,4,2,23,train,train
6074,5,4,2,24,train,train
6075,5,4,2,25,train,train
6076,5,4,2,26,train,train
6077,5,4,2,27,train,train
6078,5,4,2,28,train,train
6079,5,4,2,29,train,train
6080,5,4,2,30,train,train
6081,5,4,2,31,train,train
6082,5,4,2,32,train,train
6083,5,4,2,33,train,train
6084,5,4,2,34,train,train
6085,5,4,2,35,train,train
6086,5,4,2,36,train,train
6087,5,4,2,37,train,train
6088,5,4,2,38,train,train
6089,5,4,2,39,train,train
6090,5,4,2,40,train,train
6091,5,4,2,41,train,train
6092,5,4,2,42,train,train
6093,5,4,2,43,train,train
6094,5,4,2,44,train,train
6095,5,4,2,45,train,train
6096,5,4,2,46,train,train
6097,5,4,2,47,train,train
6098,5,4,2,48,train,train
6099,5,4,2,49,train,train
6100,5,4,2,50,train,train
6101,5,4,3,1,train,train
6102,5,4,3,2,train,train
6103,5,4,3,3,train,train
6104,5,4,3,4,train,train
6105,5,4,3,5,train,train
6106,5,4,3,6,train,train
6107,5,4,3,7,train,train
6108,5,4,3,8,train,train
6109,5,4,3,9,train,train
6110,5,4,3,10,train,train
6111,5,4,3,11,train,train
6112,5,4,3,12,train,train
6113,5,4,3,13,train,train
6114,5,4,3,14,train,train
6115,5,4,3,15,train,train
6116,5,4,3,16,train,train
6117,5,4,3,17,train,train
6118,5,4,3,18,train,train
6119,5,4,3,19,train,train
6120,5,4,3,20,train,train
6121,5,4,3,21,train,train
6122,5,4,3,22,train,train
6123,5,4,3,23,train,train
6124,5,4,3,24,train,train
6125,5,4,3,25,train,train
6126,5,4,3,26,train,train
6127,5,4,3,27,train,train
6128,5,4,3,28,train,train
6129,5,4,3,29,train,train
6130,5,4,3,30,train,train
6131,5,4,3,31,train,train
6132,5,4,3,32,train,train
6133,5,4,3,33,train,train
6134,5,4,3,34,train,train
6135,5,4,3,35,train,train
6136,5,4,3,36,train,train
6137,5,4,3,37,train,train
6138,5,4,3,38,train,train
6139,5,4,3,39,train,train
6140,5,4,3,40,train,train
6141,5,4,3,41,train,train
6142,5,4,3,42,train,train
6143,5,4,3,43,train,train
6144,5,4,3,44,train,train
6145,5,4,3,45,train,train
6146,5,4,3,46,train,train
6147,5,4,3,47,train,train
6148,5,4,3,48,train,train
6149,5,4,3,49,train,train
6150,5,4,3,50,train,train
6151,5,4,4,1,val,train
6152,5,4,4,2,val,train
6153,5,4,4,3,val,train
6154,5,4,4,4,val,train
6155,5,4,4,5,val,train
6156,5,4,4,6,val,train
6157,5,4,4,7,val,train
6158,5,4,4,8,val,train
6159,5,4,4,9,val,train
6160,5,4,4,10,val,train
6161,5,4,4,11,val,train
6162,5,4,4,12,val,train
6163,5,4,4,13,val,train
6164,5,4,4,14,val,train
6165,5,4,4,15,val,train
6166,5,4,4,16,val,train
6167,5,4,4,17,val,train
6168,5,4,4,18,val,train
6169,5,4,4,19,val,train
6170,5,4,4,20,val,train
6171,5,4,4,21,val,train
6172,5,4,4,22,val,train
6173,5,4,4,23,val,train
6174,5,4,4,24,val,train
6175,5,4,4,25,val,train
6176,5,4,4,26,val,train
6177,5,4,4,27,val,train
6178,5,4,4,28,val,train
6179,5,4,4,29,val,train
6180,5,4,4,30,val,train
6181,5,4,4,31,val,train
6182,5,4,4,32,val,train
6183,5,4,4,33,val,train
6184,5,4,4,34,val,train
6185,5,4,4,35,val,train
6186,5,4,4,36,val,train
6187,5,4,4,37,val,train
6188,5,4,4,38,val,train
6189,5,4,4,39,val,train
6190,5,4,4,40,val,train
6191,5,4,4,41,val,train
6192,5,4,4,42,val,train
6193,5,4,4,43,val,train
6194,5,4,4,44,val,train
6195,5,4,4,45,val,train
6196,5,4,4,46,val,train
6197,5,4,4,47,val,train
6198,5,4,4,48,val,train
6199,5,4,4,49,val,train
6200,5,4,4,50,val,train
6201,5,4,5,1,test,train
6202,5,4,5,2,test,train
6203,5,4,5,3,test,train
6204,5,4,5,4,test,train
6205,5,4,5,5,test,train
6206,5,4,5,6,test,train
6207,5,4,5,7,test,train
6208,5,4,5,8,test,train
6209,5,4,5,9,test,train
6210,5,4,5,10,test,train
6211,5,4,5,11,test,train
6212,5,4,5,12,test,train
6213,5,4,5,13,test,train
6214,5,4,5,14,test,train
6215,5,4,5,15,test,train
6216,5,4,5,16,test,train
6217,5,4,5,17,test,train
6218,5,4,5,18,test,train
6219,5,4,5,19,test,train
6220,5,4,5,20,test,train
6221,5,4,5,21,test,train
6222,5,4,5,22,test,train
6223,5,4,5,23,test,train
6224,5,4,5,24,test,train
6225,5,4,5,25,test,train
6226,5,4,5,26,test,train
6227,5,4,5,27,test,train
6228,5,4,5,28,test,train
6229,5,4,5,29,test,train
6230,5,4,5,30,test,train
6231,5,4,5,31,test,train
6232,5,4,5,32,test,train
6233,5,4,5,33,test,train
6234,5,4,5,34,test,train
6235,5,4,5,35,test,train
6236,5,4,5,36,test,train
6237,5,4,5,37,test,train
6238,5,4,5,38,test,train
6239,5,4,5,39,test,train
6240,5,4,5,40,test,train
6241,5,4,5,41,test,train
6242,5,4,5,42,test,train
6243,5,4,5,43,test,train
6244,5,4,5,44,test,train
6245,5,4,5,45,test,train
6246,5,4,5,46,test,train
6247,5,4,5,47,test,train
6248,5,4,5,48,test,train
6249,5,4,5,49,test,train
6250,5,4,5,50,test,train
6251,6,0,1,1,train,train
6252,6,0,1,2,train,train
6253,6,0,1,3,train,train
6254,6,0,1,4,train,train
6255,6,0,1,5,train,train
6256,6,0,1,6,train,train
6257,6,0,1,7,train,train
6258,6,0,1,8,train,train
6259,6,0,1,9,train,train
6260,6,0,1,10,train,train
6261,6,0,1,11,train,train
6262,6,0,1,12,train,train
6263,6,0,1,13,train,train
6264,6,0,1,14,train,train
6265,6,0,1,15,train,train
6266,6,0,1,16,train,train
6267,6,0,1,17,train,train
6268,6,0,1,18,train,train
6269,6,0,1,19,train,train
6270,6,0,1,20,train,train
6271,6,0,1,21,train,train
6272,6,0,1,22,train,train
6273,6,0,1,23,train,train
6274,6,0,1,24,train,train
6275,6,0,1,25,train,train
6276,6,0,1,26,train,train
6277,6,0,1,27,train,train
6278,6,0,1,28,train,train
6279,6,0,1,29,train,train
6280,6,0,1,30,train,train
6281,6,0,1,31,train,train
6282,6,0,1,32,train,train
6283,6,0,1,33,train,train
6284,6,0,1,34,train,train
6285,6,0,1,35,train,train
6286,6,0,1,36,train,train
6287,6,0,1,37,train,train
6288,6,0,1,38,train,train
6289,6,0,1,39,train,train
6290,6,0,1,40,train,train
6291,6,0,1,41,train,train
6292,6,0,1,42,train,train
6293,6,0,1,43,train,train
6294,6,0,1,44,train,train
6295,6,0,1,45,train,train
6296,6,0,1,46,train,train
6297,6,0,1,47,train,train
6298,6,0,1,48,train,train
6299,6,0,1,49,train,train
6300,6,0,1,50,train,train
6301,6,0,2,1,train,train
6302,6,0,2,2,train,train
6303,6,0,2,3,train,train
6304,6,0,2,4,train,train
6305,6,0,2,5,train,train
6306,6,0,2,6,train,train
6307,6,0,2,7,train,train
6308,6,0,2,8,train,train
6309,6,0,2,9,train,train
6310,6,0,2,10,train,train
6311,6,0,2,11,train,train
6312,6,0,2,12,train,train
6313,6,0,2,13,train,train
6314,6,0,2,14,train,train
6315,6,0,2,15,train,train
6316,6,0,2,16,train,train
6317,6,0,2,17,train,train
6318,6,0,2,18,train,train
6319,6,0,2,19,train,train
6320,6,0,2,20,train,train
6321,6,0,2,21,train,train
6322,6,0,2,22,train,train
6323,6,0,2,23,train,train
6324,6,0,2,24,train,train
6325,6,0,2,25,train,train
6326,6,0,2,26,train,train
6327,6,0,2,27,train,train
6328,6,0,2,28,train,train
6329,6,0,2,29,train,train
6330,6,0,2,30,train,train
6331,6,0,2,31,train,train
6332,6,0,2,32,train,train
6333,6,0,2,33,train,train
6334,6,0,2,34,train,train
6335,6,0,2,35,train,train
6336,6,0,2,36,train,train
6337,6,0,2,37,train,train
6338,6,0,2,38,train,train
6339,6,0,2,39,train,train
6340,6,0,2,40,train,train
6341,6,0,2,41,train,train
6342,6,0,2,42,train,train
6343,6,0,2,43,train,train
6344,6,0,2,44,train,train
6345,6,0,2,45,train,train
6346,6,0,2,46,train,train
6347,6,0,2,47,train,train
6348,6,0,2,48,train,train
6349,6,0,2,49,train,train
6350,6,0,2,50,train,train
6351,6,0,3,1,train,train
6352,6,0,3,2,train,train
6353,6,0,3,3,train,train
6354,6,0,3,4,train,train
6355,6,0,3,5,train,train
6356,6,0,3,6,train,train
6357,6,0,3,7,train,train
6358,6,0,3,8,train,train
6359,6,0,3,9,train,train
6360,6,0,3,10,train,train
6361,6,0,3,11,train,train
6362,6,0,3,12,train,train
6363,6,0,3,13,train,train
6364,6,0,3,14,train,train
6365,6,0,3,15,train,train
6366,6,0,3,16,train,train
6367,6,0,3,17,train,train
6368,6,0,3,18,train,train
6369,6,0,3,19,train,train
6370,6,0,3,20,train,train
6371,6,0,3,21,train,train
6372,6,0,3,22,train,train
6373,6,0,3,23,train,train
6374,6,0,3,24,train,train
6375,6,0,3,25,train,train
6376,6,0,3,26,train,train
6377,6,0,3,27,train,train
6378,6,0,3,28,train,train
6379,6,0,3,29,train,train
6380,6,0,3,30,train,train
6381,6,0,3,31,train,train
6382,6,0,3,32,train,train
6383,6,0,3,33,train,train
6384,6,0,3,34,train,train
6385,6,0,3,35,train,train
6386,6,0,3,36,train,train
6387,6,0,3,37,train,train
6388,6,0,3,38,train,train
6389,6,0,3,39,train,train
6390,6,0,3,40,train,train
6391,6,0,3,41,train,train
6392,6,0,3,42,train,train
6393,6,0,3,43,train,train
6394,6,0,3,44,train,train
6395,6,0,3,45,train,train
6396,6,0,3,46,train,train
6397,6,0,3,47,train,train
6398,6,0,3,48,train,train
6399,6,0,3,49,train,train
6400,6,0,3,50,train,train
6401,6,0,4,1,val,train
6402,6,0,4,2,val,train
6403,6,0,4,3,val,train
6404,6,0,4,4,val,train
6405,6,0,4,5,val,train
6406,6,0,4,6,val,train
6407,6,0,4,7,val,train
6408,6,0,4,8,val,train
6409,6,0,4,9,val,train
6410,6,0,4,10,val,train
6411,6,0,4,11,val,train
6412,6,0,4,12,val,train
6413,6,0,4,13,val,train
6414,6,0,4,14,val,train
6415,6,0,4,15,val,train
6416,6,0,4,16,val,train
6417,6,0,4,17,val,train
6418,6,0,4,18,val,train
6419,6,0,4,19,val,train
6420,6,0,4,20,val,train
6421,6,0,4,21,val,train
6422,6,0,4,22,val,train
6423,6,0,4,23,val,train
6424,6,0,4,24,val,train
6425,6,0,4,25,val,train
6426,6,0,4,26,val,train
6427,6,0,4,27,val,train
6428,6,0,4,28,val,train
6429,6,0,4,29,val,train
6430,6,0,4,30,val,train
6431,6,0,4,31,val,train
6432,6,0,4,32,val,train
6433,6,0,4,33,val,train
6434,6,0,4,34,val,train
6435,6,0,4,35,val,train
6436,6,0,4,36,val,train
6437,6,0,4,37,val,train
6438,6,0,4,38,val,train
6439,6,0,4,39,val,train
6440,6,0,4,40,val,train
6441,6,0,4,41,val,train
6442,6,0,4,42,val,train
6443,6,0,4,43,val,train
6444,6,0,4,44,val,train
6445,6,0,4,45,val,train
6446,6,0,4,46,val,train
6447,6,0,4,47,val,train
6448,6,0,4,48,val,train
6449,6,0,4,49,val,train
6450,6,0,4,50,val,train
6451,6,0,5,1,test,train
6452,6,0,5,2,test,train
6453,6,0,5,3,test,train
6454,6,0,5,4,test,train
6455,6,0,5,5,test,train
6456,6,0,5,6,test,train
6457,6,0,5,7,test,train
6458,6,0,5,8,test,train
6459,6,0,5,9,test,train
6460,6,0,5,10,test,train
6461,6,0,5,11,test,train
6462,6,0,5,12,test,train
6463,6,0,5,13,test,train
6464,6,0,5,14,test,train
6465,6,0,5,15,test,train
6466,6,0,5,16,test,train
6467,6,0,5,17,test,train
6468,6,0,5,18,test,train
6469,6,0,5,19,test,train
6470,6,0,5,20,test,train
6471,6,0,5,21,test,train
6472,6,0,5,22,test,train
6473,6,0,5,23,test,train
6474,6,0,5,24,test,train
6475,6,0,5,25,test,train
6476,6,0,5,26,test,train
6477,6,0,5,27,test,train
6478,6,0,5,28,test,train
6479,6,0,5,29,test,train
6480,6,0,5,30,test,train
6481,6,0,5,31,test,train
6482,6,0,5,32,test,train
6483,6,0,5,33,test,train
6484,6,0,5,34,test,train
6485,6,0,5,35,test,train
6486,6,0,5,36,test,train
6487,6,0,5,37,test,train
6488,6,0,5,38,test,train
6489,6,0,5,39,test,train
6490,6,0,5,40,test,train
6491,6,0,5,41,test,train
6492,6,0,5,42,test,train
6493,6,0,5,43,test,train
6494,6,0,5,44,test,train
6495,6,0,5,45,test,train
6496,6,0,5,46,test,train
6497,6,0,5,47,test,train
6498,6,0,5,48,test,train
6499,6,0,5,49,test,train
6500,6,0,5,50,test,train
6501,6,1,1,1,train,train
6502,6,1,1,2,train,train
6503,6,1,1,3,train,train
6504,6,1,1,4,train,train
6505,6,1,1,5,train,train
6506,6,1,1,6,train,train
6507,6,1,1,7,train,train
6508,6,1,1,8,train,train
6509,6,1,1,9,train,train
6510,6,1,1,10,train,train
6511,6,1,1,11,train,train
6512,6,1,1,12,train,train
6513,6,1,1,13,train,train
6514,6,1,1,14,train,train
6515,6,1,1,15,train,train
6516,6,1,1,16,train,train
6517,6,1,1,17,train,train
6518,6,1,1,18,train,train
6519,6,1,1,19,train,train
6520,6,1,1,20,train,train
6521,6,1,1,21,train,train
6522,6,1,1,22,train,train
6523,6,1,1,23,train,train
6524,6,1,1,24,train,train
6525,6,1,1,25,train,train
6526,6,1,1,26,train,train
6527,6,1,1,27,train,train
6528,6,1,1,28,train,train
6529,6,1,1,29,train,train
6530,6,1,1,30,train,train
6531,6,1,1,31,train,train
6532,6,1,1,32,train,train
6533,6,1,1,33,train,train
6534,6,1,1,34,train,train
6535,6,1,1,35,train,train
6536,6,1,1,36,train,train
6537,6,1,1,37,train,train
6538,6,1,1,38,train,train
6539,6,1,1,39,train,train
6540,6,1,1,40,train,train
6541,6,1,1,41,train,train
6542,6,1,1,42,train,train
6543,6,1,1,43,train,train
6544,6,1,1,44,train,train
6545,6,1,1,45,train,train
6546,6,1,1,46,train,train
6547,6,1,1,47,train,train
6548,6,1,1,48,train,train
6549,6,1,1,49,train,train
6550,6,1,1,50,train,train
6551,6,1,2,1,train,train
6552,6,1,2,2,train,train
6553,6,1,2,3,train,train
6554,6,1,2,4,train,train
6555,6,1,2,5,train,train
6556,6,1,2,6,train,train
6557,6,1,2,7,train,train
6558,6,1,2,8,train,train
6559,6,1,2,9,train,train
6560,6,1,2,10,train,train
6561,6,1,2,11,train,train
6562,6,1,2,12,train,train
6563,6,1,2,13,train,train
6564,6,1,2,14,train,train
6565,6,1,2,15,train,train
6566,6,1,2,16,train,train
6567,6,1,2,17,train,train
6568,6,1,2,18,train,train
6569,6,1,2,19,train,train
6570,6,1,2,20,train,train
6571,6,1,2,21,train,train
6572,6,1,2,22,train,train
6573,6,1,2,23,train,train
6574,6,1,2,24,train,train
6575,6,1,2,25,train,train
6576,6,1,2,26,train,train
6577,6,1,2,27,train,train
6578,6,1,2,28,train,train
6579,6,1,2,29,train,train
6580,6,1,2,30,train,train
6581,6,1,2,31,train,train
6582,6,1,2,32,train,train
6583,6,1,2,33,train,train
6584,6,1,2,34,train,train
6585,6,1,2,35,train,train
6586,6,1,2,36,train,train
6587,6,1,2,37,train,train
6588,6,1,2,38,train,train
6589,6,1,2,39,train,train
6590,6,1,2,40,train,train
6591,6,1,2,41,train,train
6592,6,1,2,42,train,train
6593,6,1,2,43,train,train
6594,6,1,2,44,train,train
6595,6,1,2,45,train,train
6596,6,1,2,46,train,train
6597,6,1,2,47,train,train
6598,6,1,2,48,train,train
6599,6,1,2,49,train,train
6600,6,1,2,50,train,train
6601,6,1,3,1,train,train
6602,6,1,3,2,train,train
6603,6,1,3,3,train,train
6604,6,1,3,4,train,train
6605,6,1,3,5,train,train
6606,6,1,3,6,train,train
6607,6,1,3,7,train,train
6608,6,1,3,8,train,train
6609,6,1,3,9,train,train
6610,6,1,3,10,train,train
6611,6,1,3,11,train,train
6612,6,1,3,12,train,train
6613,6,1,3,13,train,train
6614,6,1,3,14,train,train
6615,6,1,3,15,train,train
6616,6,1,3,16,train,train
6617,6,1,3,17,train,train
6618,6,1,3,18,train,train
6619,6,1,3,19,train,train
6620,6,1,3,20,train,train
6621,6,1,3,21,train,train
6622,6,1,3,22,train,train
6623,6,1,3,23,train,train
6624,6,1,3,24,train,train
6625,6,1,3,25,train,train
6626,6,1,3,26,train,train
6627,6,1,3,27,train,train
6628,6,1,3,28,train,train
6629,6,1,3,29,train,train
6630,6,1,3,30,train,train
6631,6,1,3,31,train,train
6632,6,1,3,32,train,train
6633,6,1,3,33,train,train
6634,6,1,3,34,train,train
6635,6,1,3,35,train,train
6636,6,1,3,36,train,train
6637,6,1,3,37,train,train
6638,6,1,3,38,train,train
6639,6,1,3,39,train,train
6640,6,1,3,40,train,train
6641,6,1,3,41,train,train
6642,6,1,3,42,train,train
6643,6,1,3,43,train,train
6644,6,1,3,44,train,train
6645,6,1,3,45,train,train
6646,6,1,3,46,train,train
6647,6,1,3,47,train,train
6648,6,1,3,48,train,train
6649,6,1,3,49,train,train
6650,6,1,3,50,train,train
6651,6,1,4,1,val,train
6652,6,1,4,2,val,train
6653,6,1,4,3,val,train
6654,6,1,4,4,val,train
6655,6,1,4,5,val,train
6656,6,1,4,6,val,train
6657,6,1,4,7,val,train
6658,6,1,4,8,val,train
6659,6,1,4,9,val,train
6660,6,1,4,10,val,train
6661,6,1,4,11,val,train
6662,6,1,4,12,val,train
6663,6,1,4,13,val,train
6664,6,1,4,14,val,train
6665,6,1,4,15,val,train
6666,6,1,4,16,val,train
6667,6,1,4,17,val,train
6668,6,1,4,18,val,train
6669,6,1,4,19,val,train
6670,6,1,4,20,val,train
6671,6,1,4,21,val,train
6672,6,1,4,22,val,train
6673,6,1,4,23,val,train
6674,6,1,4,24,val,train
6675,6,1,4,25,val,train
6676,6,1,4,26,val,train
6677,6,1,4,27,val,train
6678,6,1,4,28,val,train
6679,6,1,4,29,val,train
6680,6,1,4,30,val,train
6681,6,1,4,31,val,train
6682,6,1,4,32,val,train
6683,6,1,4,33,val,train
6684,6,1,4,34,val,train
6685,6,1,4,35,val,train
6686,6,1,4,36,val,train
6687,6,1,4,37,val,train
6688,6,1,4,38,val,train
6689,6,1,4,39,val,train
6690,6,1,4,40,val,train
6691,6,1,4,41,val,train
6692,6,1,4,42,val,train
6693,6,1,4,43,val,train
6694,6,1,4,44,val,train
6695,6,1,4,45,val,train
6696,6,1,4,46,val,train
6697,6,1,4,47,val,train
6698,6,1,4,48,val,train
6699,6,1,4,49,val,train
6700,6,1,4,50,val,train
6701,6,1,5,1,test,train
6702,6,1,5,2,test,train
6703,6,1,5,3,test,train
6704,6,1,5,4,test,train
6705,6,1,5,5,test,train
6706,6,1,5,6,test,train
6707,6,1,5,7,test,train
6708,6,1,5,8,test,train
6709,6,1,5,9,test,train
6710,6,1,5,10,test,train
6711,6,1,5,11,test,train
6712,6,1,5,12,test,train
6713,6,1,5,13,test,train
6714,6,1,5,14,test,train
6715,6,1,5,15,test,train
6716,6,1,5,16,test,train
6717,6,1,5,17,test,train
6718,6,1,5,18,test,train
6719,6,1,5,19,test,train
6720,6,1,5,20,test,train
6721,6,1,5,21,test,train
6722,6,1,5,22,test,train
6723,6,1,5,23,test,train
6724,6,1,5,24,test,train
6725,6,1,5,25,test,train
6726,6,1,5,26,test,train
6727,6,1,5,27,test,train
6728,6,1,5,28,test,train
6729,6,1,5,29,test,train
6730,6,1,5,30,test,train
6731,6,1,5,31,test,train
6732,6,1,5,32,test,train
6733,6,1,5,33,test,train
6734,6,1,5,34,test,train
6735,6,1,5,35,test,train
6736,6,1,5,36,test,train
6737,6,1,5,37,test,train
6738,6,1,5,38,test,train
6739,6,1,5,39,test,train
6740,6,1,5,40,test,train
6741,6,1,5,41,test,train
6742,6,1,5,42,test,train
6743,6,1,5,43,test,train
6744,6,1,5,44,test,train
6745,6,1,5,45,test,train
6746,6,1,5,46,test,train
6747,6,1,5,47,test,train
6748,6,1,5,48,test,train
6749,6,1,5,49,test,train
6750,6,1,5,50,test,train
6751,6,2,1,1,train,train
6752,6,2,1,2,train,train
6753,6,2,1,3,train,train
6754,6,2,1,4,train,train
6755,6,2,1,5,train,train
6756,6,2,1,6,train,train
6757,6,2,1,7,train,train
6758,6,2,1,8,train,train
6759,6,2,1,9,train,train
6760,6,2,1,10,train,train
6761,6,2,1,11,train,train
6762,6,2,1,12,train,train
6763,6,2,1,13,train,train
6764,6,2,1,14,train,train
6765,6,2,1,15,train,train
6766,6,2,1,16,train,train
6767,6,2,1,17,train,train
6768,6,2,1,18,train,train
6769,6,2,1,19,train,train
6770,6,2,1,20,train,train
6771,6,2,1,21,train,train
6772,6,2,1,22,train,train
6773,6,2,1,23,train,train
6774,6,2,1,24,train,train
6775,6,2,1,25,train,train
6776,6,2,1,26,train,train
6777,6,2,1,27,train,train
6778,6,2,1,28,train,train
6779,6,2,1,29,train,train
6780,6,2,1,30,train,train
6781,6,2,1,31,train,train
6782,6,2,1,32,train,train
6783,6,2,1,33,train,train
6784,6,2,1,34,train,train
6785,6,2,1,35,train,train
6786,6,2,1,36,train,train
6787,6,2,1,37,train,train
6788,6,2,1,38,train,train
6789,6,2,1,39,train,train
6790,6,2,1,40,train,train
6791,6,2,1,41,train,train
6792,6,2,1,42,train,train
6793,6,2,1,43,train,train
6794,6,2,1,44,train,train
6795,6,2,1,45,train,train
6796,6,2,1,46,train,train
6797,6,2,1,47,train,train
6798,6,2,1,48,train,train
6799,6,2,1,49,train,train
6800,6,2,1,50,train,train
6801,6,2,2,1,train,train
6802,6,2,2,2,train,train
6803,6,2,2,3,train,train
6804,6,2,2,4,train,train
6805,6,2,2,5,train,train
6806,6,2,2,6,train,train
6807,6,2,2,7,train,train
6808,6,2,2,8,train,train
6809,6,2,2,9,train,train
6810,6,2,2,10,train,train
6811,6,2,2,11,train,train
6812,6,2,2,12,train,train
6813,6,2,2,13,train,train
6814,6,2,2,14,train,train
6815,6,2,2,15,train,train
6816,6,2,2,16,train,train
6817,6,2,2,17,train,train
6818,6,2,2,18,train,train
6819,6,2,2,19,train,train
6820,6,2,2,20,train,train
6821,6,2,2,21,train,train
6822,6,2,2,22,train,train
6823,6,2,2,23,train,train
6824,6,2,2,24,train,train
6825,6,2,2,25,train,train
6826,6,2,2,26,train,train
6827,6,2,2,27,train,train
6828,6,2,2,28,train,train
6829,6,2,2,29,train,train
6830,6,2,2,30,train,train
6831,6,2,2,31,train,train
6832,6,2,2,32,train,train
6833,6,2,2,33,train,train
6834,6,2,2,34,train,train
6835,6,2,2,35,train,train
6836,6,2,2,36,train,train
6837,6,2,2,37,train,train
6838,6,2,2,38,train,train
6839,6,2,2,39,train,train
6840,6,2,2,40,train,train
6841,6,2,2,41,train,train
6842,6,2,2,42,train,train
6843,6,2,2,43,train,train
6844,6,2,2,44,train,train
6845,6,2,2,45,train,train
6846,6,2,2,46,train,train
6847,6,2,2,47,train,train
6848,6,2,2,48,train,train
6849,6,2,2,49,train,train
6850,6,2,2,50,train,train
6851,6,2,3,1,train,train
6852,6,2,3,2,train,train
6853,6,2,3,3,train,train
6854,6,2,3,4,train,train
6855,6,2,3,5,train,train
6856,6,2,3,6,train,train
6857,6,2,3,7,train,train
6858,6,2,3,8,train,train
6859,6,2,3,9,train,train
6860,6,2,3,10,train,train
6861,6,2,3,11,train,train
6862,6,2,3,12,train,train
6863,6,2,3,13,train,train
6864,6,2,3,14,train,train
6865,6,2,3,15,train,train
6866,6,2,3,16,train,train
6867,6,2,3,17,train,train
6868,6,2,3,18,train,train
6869,6,2,3,19,train,train
6870,6,2,3,20,train,train
6871,6,2,3,21,train,train
6872,6,2,3,22,train,train
6873,6,2,3,23,train,train
6874,6,2,3,24,train,train
6875,6,2,3,25,train,train
6876,6,2,3,26,train,train
6877,6,2,3,27,train,train
6878,6,2,3,28,train,train
6879,6,2,3,29,train,train
6880,6,2,3,30,train,train
6881,6,2,3,31,train,train
6882,6,2,3,32,train,train
6883,6,2,3,33,train,train
6884,6,2,3,34,train,train
6885,6,2,3,35,train,train
6886,6,2,3,36,train,train
6887,6,2,3,37,train,train
6888,6,2,3,38,train,train
6889,6,2,3,39,train,train
6890,6,2,3,40,train,train
6891,6,2,3,41,train,train
6892,6,2,3,42,train,train
6893,6,2,3,43,train,train
6894,6,2,3,44,train,train
6895,6,2,3,45,train,train
6896,6,2,3,46,train,train
6897,6,2,3,47,train,train
6898,6,2,3,48,train,train
6899,6,2,3,49,train,train
6900,6,2,3,50,train,train
6901,6,2,4,1,val,train
6902,6,2,4,2,val,train
6903,6,2,4,3,val,train
6904,6,2,4,4,val,train
6905,6,2,4,5,val,train
6906,6,2,4,6,val,train
6907,6,2,4,7,val,train
6908,6,2,4,8,val,train
6909,6,2,4,9,val,train
6910,6,2,4,10,val,train
6911,6,2,4,11,val,train
6912,6,2,4,12,val,train
6913,6,2,4,13,val,train
6914,6,2,4,14,val,train
6915,6,2,4,15,val,train
6916,6,2,4,16,val,train
6917,6,2,4,17,val,train
6918,6,2,4,18,val,train
6919,6,2,4,19,val,train
6920,6,2,4,20,val,train
6921,6,2,4,21,val,train
6922,6,2,4,22,val,train
6923,6,2,4,23,val,train
6924,6,2,4,24,val,train
6925,6,2,4,25,val,train
6926,6,2,4,26,val,train
6927,6,2,4,27,val,train
6928,6,2,4,28,val,train
6929,6,2,4,29,val,train
6930,6,2,4,30,val,train
6931,6,2,4,31,val,train
6932,6,2,4,32,val,train
6933,6,2,4,33,val,train
6934,6,2,4,34,val,train
6935,6,2,4,35,val,train
6936,6,2,4,36,val,train
6937,6,2,4,37,val,train
6938,6,2,4,38,val,train
6939,6,2,4,39,val,train
6940,6,2,4,40,val,train
6941,6,2,4,41,val,train
6942,6,2,4,42,val,train
6943,6,2,4,43,val,train
6944,6,2,4,44,val,train
6945,6,2,4,45,val,train
6946,6,2,4,46,val,train
6947,6,2,4,47,val,train
6948,6,2,4,48,val,train
6949,6,2,4,49,val,train
6950,6,2,4,50,val,train
6951,6,2,5,1,test,train
6952,6,2,5,2,test,train
6953,6,2,5,3,test,train
6954,6,2,5,4,test,train
6955,6,2,5,5,test,train
6956,6,2,5,6,test,train
6957,6,2,5,7,test,train
6958,6,2,5,8,test,train
6959,6,2,5,9,test,train
6960,6,2,5,10,test,train
6961,6,2,5,11,test,train
6962,6,2,5,12,test,train
6963,6,2,5,13,test,train
6964,6,2,5,14,test,train
6965,6,2,5,15,test,train
6966,6,2,5,16,test,train
6967,6,2,5,17,test,train
6968,6,2,5,18,test,train
6969,6,2,5,19,test,train
6970,6,2,5,20,test,train
6971,6,2,5,21,test,train
6972,6,2,5,22,test,train
6973,6,2,5,23,test,train
6974,6,2,5,24,test,train
6975,6,2,5,25,test,train
6976,6,2,5,26,test,train
6977,6,2,5,27,test,train
6978,6,2,5,28,test,train
6979,6,2,5,29,test,train
6980,6,2,5,30,test,train
6981,6,2,5,31,test,train
6982,6,2,5,32,test,train
6983,6,2,5,33,test,train
6984,6,2,5,34,test,train
6985,6,2,5,35,test,train
6986,6,2,5,36,test,train
6987,6,2,5,37,test,train
6988,6,2,5,38,test,train
6989,6,2,5,39,test,train
6990,6,2,5,40,test,train
6991,6,2,5,41,test,train
6992,6,2,5,42,test,train
6993,6,2,5,43,test,train
6994,6,2,5,44,test,train
6995,6,2,5,45,test,train
6996,6,2,5,46,test,train
6997,6,2,5,47,test,train
6998,6,2,5,48,test,train
6999,6,2,5,49,test,train
7000,6,2,5,50,test,train
7001,6,3,1,1,train,train
7002,6,3,1,2,train,train
7003,6,3,1,3,train,train
7004,6,3,1,4,train,train
7005,6,3,1,5,train,train
7006,6,3,1,6,train,train
7007,6,3,1,7,train,train
7008,6,3,1,8,train,train
7009,6,3,1,9,train,train
7010,6,3,1,10,train,train
7011,6,3,1,11,train,train
7012,6,3,1,12,train,train
7013,6,3,1,13,train,train
7014,6,3,1,14,train,train
7015,6,3,1,15,train,train
7016,6,3,1,16,train,train
7017,6,3,1,17,train,train
7018,6,3,1,18,train,train
7019,6,3,1,19,train,train
7020,6,3,1,20,train,train
7021,6,3,1,21,train,train
7022,6,3,1,22,train,train
7023,6,3,1,23,train,train
7024,6,3,1,24,train,train
7025,6,3,1,25,train,train
7026,6,3,1,26,train,train
7027,6,3,1,27,train,train
7028,6,3,1,28,train,train
7029,6,3,1,29,train,train
7030,6,3,1,30,train,train
7031,6,3,1,31,train,train
7032,6,3,1,32,train,train
7033,6,3,1,33,train,train
7034,6,3,1,34,train,train
7035,6,3,1,35,train,train
7036,6,3,1,36,train,train
7037,6,3,1,37,train,train
7038,6,3,1,38,train,train
7039,6,3,1,39,train,train
7040,6,3,1,40,train,train
7041,6,3,1,41,train,train
7042,6,3,1,42,train,train
7043,6,3,1,43,train,train
7044,6,3,1,44,train,train
7045,6,3,1,45,train,train
7046,6,3,1,46,train,train
7047,6,3,1,47,train,train
7048,6,3,1,48,train,train
7049,6,3,1,49,train,train
7050,6,3,1,50,train,train
7051,6,3,2,1,train,train
7052,6,3,2,2,train,train
7053,6,3,2,3,train,train
7054,6,3,2,4,train,train
7055,6,3,2,5,train,train
7056,6,3,2,6,train,train
7057,6,3,2,7,train,train
7058,6,3,2,8,train,train
7059,6,3,2,9,train,train
7060,6,3,2,10,train,train
7061,6,3,2,11,train,train
7062,6,3,2,12,train,train
7063,6,3,2,13,train,train
7064,6,3,2,14,train,train
7065,6,3,2,15,train,train
7066,6,3,2,16,train,train
7067,6,3,2,17,train,train
7068,6,3,2,18,train,train
7069,6,3,2,19,train,train
7070,6,3,2,20,train,train
7071,6,3,2,21,train,train
7072,6,3,2,22,train,train
7073,6,3,2,23,train,train
7074,6,3,2,24,train,train
7075,6,3,2,25,train,train
7076,6,3,2,26,train,train
7077,6,3,2,27,train,train
7078,6,3,2,28,train,train
7079,6,3,2,29,train,train
7080,6,3,2,30,train,train
7081,6,3,2,31,train,train
7082,6,3,2,32,train,train
7083,6,3,2,33,train,train
7084,6,3,2,34,train,train
7085,6,3,2,35,train,train
7086,6,3,2,36,train,train
7087,6,3,2,37,train,train
7088,6,3,2,38,train,train
7089,6,3,2,39,train,train
7090,6,3,2,40,train,train
7091,6,3,2,41,train,train
7092,6,3,2,42,train,train
7093,6,3,2,43,train,train
7094,6,3,2,44,train,train
7095,6,3,2,45,train,train
7096,6,3,2,46,train,train
7097,6,3,2,47,train,train
7098,6,3,2,48,train,train
7099,6,3,2,49,train,train
7100,6,3,2,50,train,train
7101,6,3,3,1,train,train
7102,6,3,3,2,train,train
7103,6,3,3,3,train,train
7104,6,3,3,4,train,train
7105,6,3,3,5,train,train
7106,6,3,3,6,train,train
7107,6,3,3,7,train,train
7108,6,3,3,8,train,train
7109,6,3,3,9,train,train
7110,6,3,3,10,train,train
7111,6,3,3,11,train,train
7112,6,3,3,12,train,train
7113,6,3,3,13,train,train
7114,6,3,3,14,train,train
7115,6,3,3,15,train,train
7116,6,3,3,16,train,train
7117,6,3,3,17,train,train
7118,6,3,3,18,train,train
7119,6,3,3,19,train,train
7120,6,3,3,20,train,train
7121,6,3,3,21,train,train
7122,6,3,3,22,train,train
7123,6,3,3,23,train,train
7124,6,3,3,24,train,train
7125,6,3,3,25,train,train
7126,6,3,3,26,train,train
7127,6,3,3,27,train,train
7128,6,3,3,28,train,train
7129,6,3,3,29,train,train
7130,6,3,3,30,train,train
7131,6,3,3,31,train,train
7132,6,3,3,32,train,train
7133,6,3,3,33,train,train
7134,6,3,3,34,train,train
7135,6,3,3,35,train,train
7136,6,3,3,36,train,train
7137,6,3,3,37,train,train
7138,6,3,3,38,train,train
7139,6,3,3,39,train,train
7140,6,3,3,40,train,train
7141,6,3,3,41,train,train
7142,6,3,3,42,train,train
7143,6,3,3,43,train,train
7144,6,3,3,44,train,train
7145,6,3,3,45,train,train
7146,6,3,3,46,train,train
7147,6,3,3,47,train,train
7148,6,3,3,48,train,train
7149,6,3,3,49,train,train
7150,6,3,3,50,train,train
7151,6,3,4,1,val,train
7152,6,3,4,2,val,train
7153,6,3,4,3,val,train
7154,6,3,4,4,val,train
7155,6,3,4,5,val,train
7156,6,3,4,6,val,train
7157,6,3,4,7,val,train
7158,6,3,4,8,val,train
7159,6,3,4,9,val,train
7160,6,3,4,10,val,train
7161,6,3,4,11,val,train
7162,6,3,4,12,val,train
7163,6,3,4,13,val,train
7164,6,3,4,14,val,train
7165,6,3,4,15,val,train
7166,6,3,4,16,val,train
7167,6,3,4,17,val,train
7168,6,3,4,18,val,train
7169,6,3,4,19,val,train
7170,6,3,4,20,val,train
7171,6,3,4,21,val,train
7172,6,3,4,22,val,train
7173,6,3,4,23,val,train
7174,6,3,4,24,val,train
7175,6,3,4,25,val,train
7176,6,3,4,26,val,train
7177,6,3,4,27,val,train
7178,6,3,4,28,val,train
7179,6,3,4,29,val,train
7180,6,3,4,30,val,train
7181,6,3,4,31,val,train
7182,6,3,4,32,val,train
7183,6,3,4,33,val,train
7184,6,3,4,34,val,train
7185,6,3,4,35,val,train
7186,6,3,4,36,val,train
7187,6,3,4,37,val,train
7188,6,3,4,38,val,train
7189,6,3,4,39,val,train
7190,6,3,4,40,val,train
7191,6,3,4,41,val,train
7192,6,3,4,42,val,train
7193,6,3,4,43,val,train
7194,6,3,4,44,val,train
7195,6,3,4,45,val,train
7196,6,3,4,46,val,train
7197,6,3,4,47,val,train
7198,6,3,4,48,val,train
7199,6,3,4,49,val,train
7200,6,3,4,50,val,train
7201,6,3,5,1,test,train
7202,6,3,5,2,test,train
7203,6,3,5,3,test,train
7204,6,3,5,4,test,train
7205,6,3,5,5,test,train
7206,6,3,5,6,test,train
7207,6,3,5,7,test,train
7208,6,3,5,8,test,train
7209,6,3,5,9,test,train
7210,6,3,5,10,test,train
7211,6,3,5,11,test,train
7212,6,3,5,12,test,train
7213,6,3,5,13,test,train
7214,6,3,5,14,test,train
7215,6,3,5,15,test,train
7216,6,3,5,16,test,train
7217,6,3,5,17,test,train
7218,6,3,5,18,test,train
7219,6,3,5,19,test,train
7220,6,3,5,20,test,train
7221,6,3,5,21,test,train
7222,6,3,5,22,test,train
7223,6,3,5,23,test,train
7224,6,3,5,24,test,train
7225,6,3,5,25,test,train
7226,6,3,5,26,test,train
7227,6,3,5,27,test,train
7228,6,3,5,28,test,train
7229,6,3,5,29,test,train
7230,6,3,5,30,test,train
7231,6,3,5,31,test,train
7232,6,3,5,32,test,train
7233,6,3,5,33,test,train
7234,6,3,5,34,test,train
7235,6,3,5,35,test,train
7236,6,3,5,36,test,train
7237,6,3,5,37,test,train
7238,6,3,5,38,test,train
7239,6,3,5,39,test,train
7240,6,3,5,40,test,train
7241,6,3,5,41,test,train
7242,6,3,5,42,test,train
7243,6,3,5,43,test,train
7244,6,3,5,44,test,train
7245,6,3,5,45,test,train
7246,6,3,5,46,test,train
7247,6,3,5,47,test,train
7248,6,3,5,48,test,train
7249,6,3,5,49,test,train
7250,6,3,5,50,test,train
7251,6,4,1,1,train,train
7252,6,4,1,2,train,train
7253,6,4,1,3,train,train
7254,6,4,1,4,train,train
7255,6,4,1,5,train,train
7256,6,4,1,6,train,train
7257,6,4,1,7,train,train
7258,6,4,1,8,train,train
7259,6,4,1,9,train,train
7260,6,4,1,10,train,train
7261,6,4,1,11,train,train
7262,6,4,1,12,train,train
7263,6,4,1,13,train,train
7264,6,4,1,14,train,train
7265,6,4,1,15,train,train
7266,6,4,1,16,train,train
7267,6,4,1,17,train,train
7268,6,4,1,18,train,train
7269,6,4,1,19,train,train
7270,6,4,1,20,train,train
7271,6,4,1,21,train,train
7272,6,4,1,22,train,train
7273,6,4,1,23,train,train
7274,6,4,1,24,train,train
7275,6,4,1,25,train,train
7276,6,4,1,26,train,train
7277,6,4,1,27,train,train
7278,6,4,1,28,train,train
7279,6,4,1,29,train,train
7280,6,4,1,30,train,train
7281,6,4,1,31,train,train
7282,6,4,1,32,train,train
7283,6,4,1,33,train,train
7284,6,4,1,34,train,train
7285,6,4,1,35,train,train
7286,6,4,1,36,train,train
7287,6,4,1,37,train,train
7288,6,4,1,38,train,train
7289,6,4,1,39,train,train
7290,6,4,1,40,train,train
7291,6,4,1,41,train,train
7292,6,4,1,42,train,train
7293,6,4,1,43,train,train
7294,6,4,1,44,train,train
7295,6,4,1,45,train,train
7296,6,4,1,46,train,train
7297,6,4,1,47,train,train
7298,6,4,1,48,train,train
7299,6,4,1,49,train,train
7300,6,4,1,50,train,train
7301,6,4,2,1,train,train
7302,6,4,2,2,train,train
7303,6,4,2,3,train,train
7304,6,4,2,4,train,train
7305,6,4,2,5,train,train
7306,6,4,2,6,train,train
7307,6,4,2,7,train,train
7308,6,4,2,8,train,train
7309,6,4,2,9,train,train
7310,6,4,2,10,train,train
7311,6,4,2,11,train,train
7312,6,4,2,12,train,train
7313,6,4,2,13,train,train
7314,6,4,2,14,train,train
7315,6,4,2,15,train,train
7316,6,4,2,16,train,train
7317,6,4,2,17,train,train
7318,6,4,2,18,train,train
7319,6,4,2,19,train,train
7320,6,4,2,20,train,train
7321,6,4,2,21,train,train
7322,6,4,2,22,train,train
7323,6,4,2,23,train,train
7324,6,4,2,24,train,train
7325,6,4,2,25,train,train
7326,6,4,2,26,train,train
7327,6,4,2,27,train,train
7328,6,4,2,28,train,train
7329,6,4,2,29,train,train
7330,6,4,2,30,train,train
7331,6,4,2,31,train,train
7332,6,4,2,32,train,train
7333,6,4,2,33,train,train
7334,6,4,2,34,train,train
7335,6,4,2,35,train,train
7336,6,4,2,36,train,train
7337,6,4,2,37,train,train
7338,6,4,2,38,train,train
7339,6,4,2,39,train,train
7340,6,4,2,40,train,train
7341,6,4,2,41,train,train
7342,6,4,2,42,train,train
7343,6,4,2,43,train,train
7344,6,4,2,44,train,train
7345,6,4,2,45,train,train
7346,6,4,2,46,train,train
7347,6,4,2,47,train,train
7348,6,4,2,48,train,train
7349,6,4,2,49,train,train
7350,6,4,2,50,train,train
7351,6,4,3,1,train,train
7352,6,4,3,2,train,train
7353,6,4,3,3,train,train
7354,6,4,3,4,train,train
7355,6,4,3,5,train,train
7356,6,4,3,6,train,train
7357,6,4,3,7,train,train
7358,6,4,3,8,train,train
7359,6,4,3,9,train,train
7360,6,4,3,10,train,train
7361,6,4,3,11,train,train
7362,6,4,3,12,train,train
7363,6,4,3,13,train,train
7364,6,4,3,14,train,train
7365,6,4,3,15,train,train
7366,6,4,3,16,train,train
7367,6,4,3,17,train,train
7368,6,4,3,18,train,train
7369,6,4,3,19,train,train
7370,6,4,3,20,train,train
7371,6,4,3,21,train,train
7372,6,4,3,22,train,train
7373,6,4,3,23,train,train
7374,6,4,3,24,train,train
7375,6,4,3,25,train,train
7376,6,4,3,26,train,train
7377,6,4,3,27,train,train
7378,6,4,3,28,train,train
7379,6,4,3,29,train,train
7380,6,4,3,30,train,train
7381,6,4,3,31,train,train
7382,6,4,3,32,train,train
7383,6,4,3,33,train,train
7384,6,4,3,34,train,train
7385,6,4,3,35,train,train
7386,6,4,3,36,train,train
7387,6,4,3,37,train,train
7388,6,4,3,38,train,train
7389,6,4,3,39,train,train
7390,6,4,3,40,train,train
7391,6,4,3,41,train,train
7392,6,4,3,42,train,train
7393,6,4,3,43,train,train
7394,6,4,3,44,train,train
7395,6,4,3,45,train,train
7396,6,4,3,46,train,train
7397,6,4,3,47,train,train
7398,6,4,3,48,train,train
7399,6,4,3,49,train,train
7400,6,4,3,50,train,train
7401,6,4,4,1,val,train
7402,6,4,4,2,val,train
7403,6,4,4,3,val,train
7404,6,4,4,4,val,train
7405,6,4,4,5,val,train
7406,6,4,4,6,val,train
7407,6,4,4,7,val,train
7408,6,4,4,8,val,train
7409,6,4,4,9,val,train
7410,6,4,4,10,val,train
7411,6,4,4,11,val,train
7412,6,4,4,12,val,train
7413,6,4,4,13,val,train
7414,6,4,4,14,val,train
7415,6,4,4,15,val,train
7416,6,4,4,16,val,train
7417,6,4,4,17,val,train
7418,6,4,4,18,val,train
7419,6,4,4,19,val,train
7420,6,4,4,20,val,train
7421,6,4,4,21,val,train
7422,6,4,4,22,val,train
7423,6,4,4,23,val,train
7424,6,4,4,24,val,train
7425,6,4,4,25,val,train
7426,6,4,4,26,val,train
7427,6,4,4,27,val,train
7428,6,4,4,28,val,train
7429,6,4,4,29,val,train
7430,6,4,4,30,val,train
7431,6,4,4,31,val,train
7432,6,4,4,32,val,train
7433,6,4,4,33,val,train
7434,6,4,4,34,val,train
7435,6,4,4,35,val,train
7436,6,4,4,36,val,train
7437,6,4,4,37,val,train
7438,6,4,4,38,val,train
7439,6,4,4,39,val,train
7440,6,4,4,40,val,train
7441,6,4,4,41,val,train
7442,6,4,4,42,val,train
7443,6,4,4,43,val,train
7444,6,4,4,44,val,train
7445,6,4,4,45,val,train
7446,6,4,4,46,val,train
7447,6,4,4,47,val,train
7448,6,4,4,48,val,train
7449,6,4,4,49,val,train
7450,6,4,4,50,val,train
7451,6,4,5,1,test,train
7452,6,4,5,2,test,train
7453,6,4,5,3,test,train
7454,6,4,5,4,test,train
7455,6,4,5,5,test,train
7456,6,4,5,6,test,train
7457,6,4,5,7,test,train
7458,6,4,5,8,test,train
7459,6,4,5,9,test,train
7460,6,4,5,10,test,train
7461,6,4,5,11,test,train
7462,6,4,5,12,test,train
7463,6,4,5,13,test,train
7464,6,4,5,14,test,train
7465,6,4,5,15,test,train
7466,6,4,5,16,test,train
7467,6,4,5,17,test,train
7468,6,4,5,18,test,train
7469,6,4,5,19,test,train
7470,6,4,5,20,test,train
7471,6,4,5,21,test,train
7472,6,4,5,22,test,train
7473,6,4,5,23,test,train
7474,6,4,5,24,test,train
7475,6,4,5,25,test,train
7476,6,4,5,26,test,train
7477,6,4,5,27,test,train
7478,6,4,5,28,test,train
7479,6,4,5,29,test,train
7480,6,4,5,30,test,train
7481,6,4,5,31,test,train
7482,6,4,5,32,test,train
7483,6,4,5,33,test,train
7484,6,4,5,34,test,train
7485,6,4,5,35,test,train
7486,6,4,5,36,test,train
7487,6,4,5,37,test,train
7488,6,4,5,38,test,train
7489,6,4,5,39,test,train
7490,6,4,5,40,test,train
7491,6,4,5,41,test,train
7492,6,4,5,42,test,train
7493,6,4,5,43,test,train
7494,6,4,5,44,test,train
7495,6,4,5,45,test,train
7496,6,4,5,46,test,train
7497,6,4,5,47,test,train
7498,6,4,5,48,test,train
7499,6,4,5,49,test,train
7500,6,4,5,50,test,train
7501,7,0,1,1,train,train
7502,7,0,1,2,train,train
7503,7,0,1,3,train,train
7504,7,0,1,4,train,train
7505,7,0,1,5,train,train
7506,7,0,1,6,train,train
7507,7,0,1,7,train,train
7508,7,0,1,8,train,train
7509,7,0,1,9,train,train
7510,7,0,1,10,train,train
7511,7,0,1,11,train,train
7512,7,0,1,12,train,train
7513,7,0,1,13,train,train
7514,7,0,1,14,train,train
7515,7,0,1,15,train,train
7516,7,0,1,16,train,train
7517,7,0,1,17,train,train
7518,7,0,1,18,train,train
7519,7,0,1,19,train,train
7520,7,0,1,20,train,train
7521,7,0,1,21,train,train
7522,7,0,1,22,train,train
7523,7,0,1,23,train,train
7524,7,0,1,24,train,train
7525,7,0,1,25,train,train
7526,7,0,1,26,train,train
7527,7,0,1,27,train,train
7528,7,0,1,28,train,train
7529,7,0,1,29,train,train
7530,7,0,1,30,train,train
7531,7,0,1,31,train,train
7532,7,0,1,32,train,train
7533,7,0,1,33,train,train
7534,7,0,1,34,train,train
7535,7,0,1,35,train,train
7536,7,0,1,36,train,train
7537,7,0,1,37,train,train
7538,7,0,1,38,train,train
7539,7,0,1,39,train,train
7540,7,0,1,40,train,train
7541,7,0,1,41,train,train
7542,7,0,1,42,train,train
7543,7,0,1,43,train,train
7544,7,0,1,44,train,train
7545,7,0,1,45,train,train
7546,7,0,1,46,train,train
7547,7,0,1,47,train,train
7548,7,0,1,48,train,train
7549,7,0,1,49,train,train
7550,7,0,1,50,train,train
7551,7,0,2,1,train,train
7552,7,0,2,2,train,train
7553,7,0,2,3,train,train
7554,7,0,2,4,train,train
7555,7,0,2,5,train,train
7556,7,0,2,6,train,train
7557,7,0,2,7,train,train
7558,7,0,2,8,train,train
7559,7,0,2,9,train,train
7560,7,0,2,10,train,train
7561,7,0,2,11,train,train
7562,7,0,2,12,train,train
7563,7,0,2,13,train,train
7564,7,0,2,14,train,train
7565,7,0,2,15,train,train
7566,7,0,2,16,train,train
7567,7,0,2,17,train,train
7568,7,0,2,18,train,train
7569,7,0,2,19,train,train
7570,7,0,2,20,train,train
7571,7,0,2,21,train,train
7572,7,0,2,22,train,train
7573,7,0,2,23,train,train
7574,7,0,2,24,train,train
7575,7,0,2,25,train,train
7576,7,0,2,26,train,train
7577,7,0,2,27,train,train
7578,7,0,2,28,train,train
7579,7,0,2,29,train,train
7580,7,0,2,30,train,train
7581,7,0,2,31,train,train
7582,7,0,2,32,train,train
7583,7,0,2,33,train,train
7584,7,0,2,34,train,train
7585,7,0,2,35,train,train
7586,7,0,2,36,train,train
7587,7,0,2,37,train,train
7588,7,0,2,38,train,train
7589,7,0,2,39,train,train
7590,7,0,2,40,train,train
7591,7,0,2,41,train,train
7592,7,0,2,42,train,train
7593,7,0,2,43,train,train
7594,7,0,2,44,train,train
7595,7,0,2,45,train,train
7596,7,0,2,46,train,train
7597,7,0,2,47,train,train
7598,7,0,2,48,train,train
7599,7,0,2,49,train,train
7600,7,0,2,50,train,train
7601,7,0,3,1,train,train
7602,7,0,3,2,train,train
7603,7,0,3,3,train,train
7604,7,0,3,4,train,train
7605,7,0,3,5,train,train
7606,7,0,3,6,train,train
7607,7,0,3,7,train,train
7608,7,0,3,8,train,train
7609,7,0,3,9,train,train
7610,7,0,3,10,train,train
7611,7,0,3,11,train,train
7612,7,0,3,12,train,train
7613,7,0,3,13,train,train
7614,7,0,3,14,train,train
7615,7,0,3,15,train,train
7616,7,0,3,16,train,train
7617,7,0,3,17,train,train
7618,7,0,3,18,train,train
7619,7,0,3,19,train,train
7620,7,0,3,20,train,train
7621,7,0,3,21,train,train
7622,7,0,3,22,train,train
7623,7,0,3,23,train,train
7624,7,0,3,24,train,train
7625,7,0,3,25,train,train
7626,7,0,3,26,train,train
7627,7,0,3,27,train,train
7628,7,0,3,28,train,train
7629,7,0,3,29,train,train
7630,7,0,3,30,train,train
7631,7,0,3,31,train,train
7632,7,0,3,32,train,train
7633,7,0,3,33,train,train
7634,7,0,3,34,train,train
7635,7,0,3,35,train,train
7636,7,0,3,36,train,train
7637,7,0,3,37,train,train
7638,7,0,3,38,train,train
7639,7,0,3,39,train,train
7640,7,0,3,40,train,train
7641,7,0,3,41,train,train
7642,7,0,3,42,train,train
7643,7,0,3,43,train,train
7644,7,0,3,44,train,train
7645,7,0,3,45,train,train
7646,7,0,3,46,train,train
7647,7,0,3,47,train,train
7648,7,0,3,48,train,train
7649,7,0,3,49,train,train
7650,7,0,3,50,train,train
7651,7,0,4,1,val,train
7652,7,0,4,2,val,train
7653,7,0,4,3,val,train
7654,7,0,4,4,val,train
7655,7,0,4,5,val,train
7656,7,0,4,6,val,train
7657,7,0,4,7,val,train
7658,7,0,4,8,val,train
7659,7,0,4,9,val,train
7660,7,0,4,10,val,train
7661,7,0,4,11,val,train
7662,7,0,4,12,val,train
7663,7,0,4,13,val,train
7664,7,0,4,14,val,train
7665,7,0,4,15,val,train
7666,7,0,4,16,val,train
7667,7,0,4,17,val,train
7668,7,0,4,18,val,train
7669,7,0,4,19,val,train
7670,7,0,4,20,val,train
7671,7,0,4,21,val,train
7672,7,0,4,22,val,train
7673,7,0,4,23,val,train
7674,7,0,4,24,val,train
7675,7,0,4,25,val,train
7676,7,0,4,26,val,train
7677,7,0,4,27,val,train
7678,7,0,4,28,val,train
7679,7,0,4,29,val,train
7680,7,0,4,30,val,train
7681,7,0,4,31,val,train
7682,7,0,4,32,val,train
7683,7,0,4,33,val,train
7684,7,0,4,34,val,train
7685,7,0,4,35,val,train
7686,7,0,4,36,val,train
7687,7,0,4,37,val,train
7688,7,0,4,38,val,train
7689,7,0,4,39,val,train
7690,7,0,4,40,val,train
7691,7,0,4,41,val,train
7692,7,0,4,42,val,train
7693,7,0,4,43,val,train
7694,7,0,4,44,val,train
7695,7,0,4,45,val,train
7696,7,0,4,46,val,train
7697,7,0,4,47,val,train
7698,7,0,4,48,val,train
7699,7,0,4,49,val,train
7700,7,0,4,50,val,train
7701,7,0,5,1,test,train
7702,7,0,5,2,test,train
7703,7,0,5,3,test,train
7704,7,0,5,4,test,train
7705,7,0,5,5,test,train
7706,7,0,5,6,test,train
7707,7,0,5,7,test,train
7708,7,0,5,8,test,train
7709,7,0,5,9,test,train
7710,7,0,5,10,test,train
7711,7,0,5,11,test,train
7712,7,0,5,12,test,train
7713,7,0,5,13,test,train
7714,7,0,5,14,test,train
7715,7,0,5,15,test,train
7716,7,0,5,16,test,train
7717,7,0,5,17,test,train
7718,7,0,5,18,test,train
7719,7,0,5,19,test,train
7720,7,0,5,20,test,train
7721,7,0,5,21,test,train
7722,7,0,5,22,test,train
7723,7,0,5,23,test,train
7724,7,0,5,24,test,train
7725,7,0,5,25,test,train
7726,7,0,5,26,test,train
7727,7,0,5,27,test,train
7728,7,0,5,28,test,train
7729,7,0,5,29,test,train
7730,7,0,5,30,test,train
7731,7,0,5,31,test,train
7732,7,0,5,32,test,train
7733,7,0,5,33,test,train
7734,7,0,5,34,test,train
7735,7,0,5,35,test,train
7736,7,0,5,36,test,train
7737,7,0,5,37,test,train
7738,7,0,5,38,test,train
7739,7,0,5,39,test,train
7740,7,0,5,40,test,train
7741,7,0,5,41,test,train
7742,7,0,5,42,test,train
7743,7,0,5,43,test,train
7744,7,0,5,44,test,train
7745,7,0,5,45,test,train
7746,7,0,5,46,test,train
7747,7,0,5,47,test,train
7748,7,0,5,48,test,train
7749,7,0,5,49,test,train
7750,7,0,5,50,test,train
7751,7,1,1,1,train,train
7752,7,1,1,2,train,train
7753,7,1,1,3,train,train
7754,7,1,1,4,train,train
7755,7,1,1,5,train,train
7756,7,1,1,6,train,train
7757,7,1,1,7,train,train
7758,7,1,1,8,train,train
7759,7,1,1,9,train,train
7760,7,1,1,10,train,train
7761,7,1,1,11,train,train
7762,7,1,1,12,train,train
7763,7,1,1,13,train,train
7764,7,1,1,14,train,train
7765,7,1,1,15,train,train
7766,7,1,1,16,train,train
7767,7,1,1,17,train,train
7768,7,1,1,18,train,train
7769,7,1,1,19,train,train
7770,7,1,1,20,train,train
7771,7,1,1,21,train,train
7772,7,1,1,22,train,train
7773,7,1,1,23,train,train
7774,7,1,1,24,train,train
7775,7,1,1,25,train,train
7776,7,1,1,26,train,train
7777,7,1,1,27,train,train
7778,7,1,1,28,train,train
7779,7,1,1,29,train,train
7780,7,1,1,30,train,train
7781,7,1,1,31,train,train
7782,7,1,1,32,train,train
7783,7,1,1,33,train,train
7784,7,1,1,34,train,train
7785,7,1,1,35,train,train
7786,7,1,1,36,train,train
7787,7,1,1,37,train,train
7788,7,1,1,38,train,train
7789,7,1,1,39,train,train
7790,7,1,1,40,train,train
7791,7,1,1,41,train,train
7792,7,1,1,42,train,train
7793,7,1,1,43,train,train
7794,7,1,1,44,train,train
7795,7,1,1,45,train,train
7796,7,1,1,46,train,train
7797,7,1,1,47,train,train
7798,7,1,1,48,train,train
7799,7,1,1,49,train,train
7800,7,1,1,50,train,train
7801,7,1,2,1,train,train
7802,7,1,2,2,train,train
7803,7,1,2,3,train,train
7804,7,1,2,4,train,train
7805,7,1,2,5,train,train
7806,7,1,2,6,train,train
7807,7,1,2,7,train,train
7808,7,1,2,8,train,train
7809,7,1,2,9,train,train
7810,7,1,2,10,train,train
7811,7,1,2,11,train,train
7812,7,1,2,12,train,train
7813,7,1,2,13,train,train
7814,7,1,2,14,train,train
7815,7,1,2,15,train,train
7816,7,1,2,16,train,train
7817,7,1,2,17,train,train
7818,7,1,2,18,train,train
7819,7,1,2,19,train,train
7820,7,1,2,20,train,train
7821,7,1,2,21,train,train
7822,7,1,2,22,train,train
7823,7,1,2,23,train,train
7824,7,1,2,24,train,train
7825,7,1,2,25,train,train
7826,7,1,2,26,train,train
7827,7,1,2,27,train,train
7828,7,1,2,28,train,train
7829,7,1,2,29,train,train
7830,7,1,2,30,train,train
7831,7,1,2,31,train,train
7832,7,1,2,32,train,train
7833,7,1,2,33,train,train
7834,7,1,2,34,train,train
7835,7,1,2,35,train,train
7836,7,1,2,36,train,train
7837,7,1,2,37,train,train
7838,7,1,2,38,train,train
7839,7,1,2,39,train,train
7840,7,1,2,40,train,train
7841,7,1,2,41,train,train
7842,7,1,2,42,train,train
7843,7,1,2,43,train,train
7844,7,1,2,44,train,train
7845,7,1,2,45,train,train
7846,7,1,2,46,train,train
7847,7,1,2,47,train,train
7848,7,1,2,48,train,train
7849,7,1,2,49,train,train
7850,7,1,2,50,train,train
7851,7,1,3,1,train,train
7852,7,1,3,2,train,train
7853,7,1,3,3,train,train
7854,7,1,3,4,train,train
7855,7,1,3,5,train,train
7856,7,1,3,6,train,train
7857,7,1,3,7,train,train
7858,7,1,3,8,train,train
7859,7,1,3,9,train,train
7860,7,1,3,10,train,train
7861,7,1,3,11,train,train
7862,7,1,3,12,train,train
7863,7,1,3,13,train,train
7864,7,1,3,14,train,train
7865,7,1,3,15,train,train
7866,7,1,3,16,train,train
7867,7,1,3,17,train,train
7868,7,1,3,18,train,train
7869,7,1,3,19,train,train
7870,7,1,3,20,train,train
7871,7,1,3,21,train,train
7872,7,1,3,22,train,train
7873,7,1,3,23,train,train
7874,7,1,3,24,train,train
7875,7,1,3,25,train,train
7876,7,1,3,26,train,train
7877,7,1,3,27,train,train
7878,7,1,3,28,train,train
7879,7,1,3,29,train,train
7880,7,1,3,30,train,train
7881,7,1,3,31,train,train
7882,7,1,3,32,train,train
7883,7,1,3,33,train,train
7884,7,1,3,34,train,train
7885,7,1,3,35,train,train
7886,7,1,3,36,train,train
7887,7,1,3,37,train,train
7888,7,1,3,38,train,train
7889,7,1,3,39,train,train
7890,7,1,3,40,train,train
7891,7,1,3,41,train,train
7892,7,1,3,42,train,train
7893,7,1,3,43,train,train
7894,7,1,3,44,train,train
7895,7,1,3,45,train,train
7896,7,1,3,46,train,train
7897,7,1,3,47,train,train
7898,7,1,3,48,train,train
7899,7,1,3,49,train,train
7900,7,1,3,50,train,train
7901,7,1,4,1,val,train
7902,7,1,4,2,val,train
7903,7,1,4,3,val,train
7904,7,1,4,4,val,train
7905,7,1,4,5,val,train
7906,7,1,4,6,val,train
7907,7,1,4,7,val,train
7908,7,1,4,8,val,train
7909,7,1,4,9,val,train
7910,7,1,4,10,val,train
7911,7,1,4,11,val,train
7912,7,1,4,12,val,train
7913,7,1,4,13,val,train
7914,7,1,4,14,val,train
7915,7,1,4,15,val,train
7916,7,1,4,16,val,train
7917,7,1,4,17,val,train
7918,7,1,4,18,val,train
7919,7,1,4,19,val,train
7920,7,1,4,20,val,train
7921,7,1,4,21,val,train
7922,7,1,4,22,val,train
7923,7,1,4,23,val,train
7924,7,1,4,24,val,train
7925,7,1,4,25,val,train
7926,7,1,4,26,val,train
7927,7,1,4,27,val,train
7928,7,1,4,28,val,train
7929,7,1,4,29,val,train
7930,7,1,4,30,val,train
7931,7,1,4,31,val,train
7932,7,1,4,32,val,train
7933,7,1,4,33,val,train
7934,7,1,4,34,val,train
7935,7,1,4,35,val,train
7936,7,1,4,36,val,train
7937,7,1,4,37,val,train
7938,7,1,4,38,val,train
7939,7,1,4,39,val,train
7940,7,1,4,40,val,train
7941,7,1,4,41,val,train
7942,7,1,4,42,val,train
7943,7,1,4,43,val,train
7944,7,1,4,44,val,train
7945,7,1,4,45,val,train
7946,7,1,4,46,val,train
7947,7,1,4,47,val,train
7948,7,1,4,48,val,train
7949,7,1,4,49,val,train
7950,7,1,4,50,val,train
7951,7,1,5,1,test,train
7952,7,1,5,2,test,train
7953,7,1,5,3,test,train
7954,7,1,5,4,test,train
7955,7,1,5,5,test,train
7956,7,1,5,6,test,train
7957,7,1,5,7,test,train
7958,7,1,5,8,test,train
7959,7,1,5,9,test,train
7960,7,1,5,10,test,train
7961,7,1,5,11,test,train
7962,7,1,5,12,test,train
7963,7,1,5,13,test,train
7964,7,1,5,14,test,train
7965,7,1,5,15,test,train
7966,7,1,5,16,test,train
7967,7,1,5,17,test,train
7968,7,1,5,18,test,train
7969,7,1,5,19,test,train
7970,7,1,5,20,test,train
7971,7,1,5,21,test,train
7972,7,1,5,22,test,train
7973,7,1,5,23,test,train
7974,7,1,5,24,test,train
7975,7,1,5,25,test,train
7976,7,1,5,26,test,train
7977,7,1,5,27,test,train
7978,7,1,5,28,test,train
7979,7,1,5,29,test,train
7980,7,1,5,30,test,train
7981,7,1,5,31,test,train
7982,7,1,5,32,test,train
7983,7,1,5,33,test,train
7984,7,1,5,34,test,train
7985,7,1,5,35,test,train
7986,7,1,5,36,test,train
7987,7,1,5,37,test,train
7988,7,1,5,38,test,train
7989,7,1,5,39,test,train
7990,7,1,5,40,test,train
7991,7,1,5,41,test,train
7992,7,1,5,42,test,train
7993,7,1,5,43,test,train
7994,7,1,5,44,test,train
7995,7,1,5,45,test,train
7996,7,1,5,46,test,train
7997,7,1,5,47,test,train
7998,7,1,5,48,test,train
7999,7,1,5,49,test,train
8000,7,1,5,50,test,train
8001,7,2,1,1,train,train
8002,7,2,1,2,train,train
8003,7,2,1,3,train,train
8004,7,2,1,4,train,train
8005,7,2,1,5,train,train
8006,7,2,1,6,train,train
8007,7,2,1,7,train,train
8008,7,2,1,8,train,train
8009,7,2,1,9,train,train
8010,7,2,1,10,train,train
8011,7,2,1,11,train,train
8012,7,2,1,12,train,train
8013,7,2,1,13,train,train
8014,7,2,1,14,train,train
8015,7,2,1,15,train,train
8016,7,2,1,16,train,train
8017,7,2,1,17,train,train
8018,7,2,1,18,train,train
8019,7,2,1,19,train,train
8020,7,2,1,20,train,train
8021,7,2,1,21,train,train
8022,7,2,1,22,train,train
8023,7,2,1,23,train,train
8024,7,2,1,24,train,train
8025,7,2,1,25,train,train
8026,7,2,1,26,train,train
8027,7,2,1,27,train,train
8028,7,2,1,28,train,train
8029,7,2,1,29,train,train
8030,7,2,1,30,train,train
8031,7,2,1,31,train,train
8032,7,2,1,32,train,train
8033,7,2,1,33,train,train
8034,7,2,1,34,train,train
8035,7,2,1,35,train,train
8036,7,2,1,36,train,train
8037,7,2,1,37,train,train
8038,7,2,1,38,train,train
8039,7,2,1,39,train,train
8040,7,2,1,40,train,train
8041,7,2,1,41,train,train
8042,7,2,1,42,train,train
8043,7,2,1,43,train,train
8044,7,2,1,44,train,train
8045,7,2,1,45,train,train
8046,7,2,1,46,train,train
8047,7,2,1,47,train,train
8048,7,2,1,48,train,train
8049,7,2,1,49,train,train
8050,7,2,1,50,train,train
8051,7,2,2,1,train,train
8052,7,2,2,2,train,train
8053,7,2,2,3,train,train
8054,7,2,2,4,train,train
8055,7,2,2,5,train,train
8056,7,2,2,6,train,train
8057,7,2,2,7,train,train
8058,7,2,2,8,train,train
8059,7,2,2,9,train,train
8060,7,2,2,10,train,train
8061,7,2,2,11,train,train
8062,7,2,2,12,train,train
8063,7,2,2,13,train,train
8064,7,2,2,14,train,train
8065,7,2,2,15,train,train
8066,7,2,2,16,train,train
8067,7,2,2,17,train,train
8068,7,2,2,18,train,train
8069,7,2,2,19,train,train
8070,7,2,2,20,train,train
8071,7,2,2,21,train,train
8072,7,2,2,22,train,train
8073,7,2,2,23,train,train
8074,7,2,2,24,train,train
8075,7,2,2,25,train,train
8076,7,2,2,26,train,train
8077,7,2,2,27,train,train
8078,7,2,2,28,train,train
8079,7,2,2,29,train,train
8080,7,2,2,30,train,train
8081,7,2,2,31,train,train
8082,7,2,2,32,train,train
8083,7,2,2,33,train,train
8084,7,2,2,34,train,train
8085,7,2,2,35,train,train
8086,7,2,2,36,train,train
8087,7,2,2,37,train,train
8088,7,2,2,38,train,train
8089,7,2,2,39,train,train
8090,7,2,2,40,train,train
8091,7,2,2,41,train,train
8092,7,2,2,42,train,train
8093,7,2,2,43,train,train
8094,7,2,2,44,train,train
8095,7,2,2,45,train,train
8096,7,2,2,46,train,train
8097,7,2,2,47,train,train
8098,7,2,2,48,train,train
8099,7,2,2,49,train,train
8100,7,2,2,50,train,train
8101,7,2,3,1,train,train
8102,7,2,3,2,train,train
8103,7,2,3,3,train,train
8104,7,2,3,4,train,train
8105,7,2,3,5,train,train
8106,7,2,3,6,train,train
8107,7,2,3,7,train,train
8108,7,2,3,8,train,train
8109,7,2,3,9,train,train
8110,7,2,3,10,train,train
8111,7,2,3,11,train,train
8112,7,2,3,12,train,train
8113,7,2,3,13,train,train
8114,7,2,3,14,train,train
8115,7,2,3,15,train,train
8116,7,2,3,16,train,train
8117,7,2,3,17,train,train
8118,7,2,3,18,train,train
8119,7,2,3,19,train,train
8120,7,2,3,20,train,train
8121,7,2,3,21,train,train
8122,7,2,3,22,train,train
8123,7,2,3,23,train,train
8124,7,2,3,24,train,train
8125,7,2,3,25,train,train
8126,7,2,3,26,train,train
8127,7,2,3,27,train,train
8128,7,2,3,28,train,train
8129,7,2,3,29,train,train
8130,7,2,3,30,train,train
8131,7,2,3,31,train,train
8132,7,2,3,32,train,train
8133,7,2,3,33,train,train
8134,7,2,3,34,train,train
8135,7,2,3,35,train,train
8136,7,2,3,36,train,train
8137,7,2,3,37,train,train
8138,7,2,3,38,train,train
8139,7,2,3,39,train,train
8140,7,2,3,40,train,train
8141,7,2,3,41,train,train
8142,7,2,3,42,train,train
8143,7,2,3,43,train,train
8144,7,2,3,44,train,train
8145,7,2,3,45,train,train
8146,7,2,3,46,train,train
8147,7,2,3,47,train,train
8148,7,2,3,48,train,train
8149,7,2,3,49,train,train
8150,7,2,3,50,train,train
8151,7,2,4,1,val,train
8152,7,2,4,2,val,train
8153,7,2,4,3,val,train
8154,7,2,4,4,val,train
8155,7,2,4,5,val,train
8156,7,2,4,6,val,train
8157,7,2,4,7,val,train
8158,7,2,4,8,val,train
8159,7,2,4,9,val,train
8160,7,2,4,10,val,train
8161,7,2,4,11,val,train
8162,7,2,4,12,val,train
8163,7,2,4,13,val,train
8164,7,2,4,14,val,train
8165,7,2,4,15,val,train
8166,7,2,4,16,val,train
8167,7,2,4,17,val,train
8168,7,2,4,18,val,train
8169,7,2,4,19,val,train
8170,7,2,4,20,val,train
8171,7,2,4,21,val,train
8172,7,2,4,22,val,train
8173,7,2,4,23,val,train
8174,7,2,4,24,val,train
8175,7,2,4,25,val,train
8176,7,2,4,26,val,train
8177,7,2,4,27,val,train
8178,7,2,4,28,val,train
8179,7,2,4,29,val,train
8180,7,2,4,30,val,train
8181,7,2,4,31,val,train
8182,7,2,4,32,val,train
8183,7,2,4,33,val,train
8184,7,2,4,34,val,train
8185,7,2,4,35,val,train
8186,7,2,4,36,val,train
8187,7,2,4,37,val,train
8188,7,2,4,38,val,train
8189,7,2,4,39,val,train
8190,7,2,4,40,val,train
8191,7,2,4,41,val,train
8192,7,2,4,42,val,train
8193,7,2,4,43,val,train
8194,7,2,4,44,val,train
8195,7,2,4,45,val,train
8196,7,2,4,46,val,train
8197,7,2,4,47,val,train
8198,7,2,4,48,val,train
8199,7,2,4,49,val,train
8200,7,2,4,50,val,train
8201,7,2,5,1,test,train
8202,7,2,5,2,test,train
8203,7,2,5,3,test,train
8204,7,2,5,4,test,train
8205,7,2,5,5,test,train
8206,7,2,5,6,test,train
8207,7,2,5,7,test,train
8208,7,2,5,8,test,train
8209,7,2,5,9,test,train
8210,7,2,5,10,test,train
8211,7,2,5,11,test,train
8212,7,2,5,12,test,train
8213,7,2,5,13,test,train
8214,7,2,5,14,test,train
8215,7,2,5,15,test,train
8216,7,2,5,16,test,train
8217,7,2,5,17,test,train
8218,7,2,5,18,test,train
8219,7,2,5,19,test,train
8220,7,2,5,20,test,train
8221,7,2,5,21,test,train
8222,7,2,5,22,test,train
8223,7,2,5,23,test,train
8224,7,2,5,24,test,train
8225,7,2,5,25,test,train
8226,7,2,5,26,test,train
8227,7,2,5,27,test,train
8228,7,2,5,28,test,train
8229,7,2,5,29,test,train
8230,7,2,5,30,test,train
8231,7,2,5,31,test,train
8232,7,2,5,32,test,train
8233,7,2,5,33,test,train
8234,7,2,5,34,test,train
8235,7,2,5,35,test,train
8236,7,2,5,36,test,train
8237,7,2,5,37,test,train
8238,7,2,5,38,test,train
8239,7,2,5,39,test,train
8240,7,2,5,40,test,train
8241,7,2,5,41,test,train
8242,7,2,5,42,test,train
8243,7,2,5,43,test,train
8244,7,2,5,44,test,train
8245,7,2,5,45,test,train
8246,7,2,5,46,test,train
8247,7,2,5,47,test,train
8248,7,2,5,48,test,train
8249,7,2,5,49,test,train
8250,7,2,5,50,test,train
8251,7,3,1,1,train,train
8252,7,3,1,2,train,train
8253,7,3,1,3,train,train
8254,7,3,1,4,train,train
8255,7,3,1,5,train,train
8256,7,3,1,6,train,train
8257,7,3,1,7,train,train
8258,7,3,1,8,train,train
8259,7,3,1,9,train,train
8260,7,3,1,10,train,train
8261,7,3,1,11,train,train
8262,7,3,1,12,train,train
8263,7,3,1,13,train,train
8264,7,3,1,14,train,train
8265,7,3,1,15,train,train
8266,7,3,1,16,train,train
8267,7,3,1,17,train,train
8268,7,3,1,18,train,train
8269,7,3,1,19,train,train
8270,7,3,1,20,train,train
8271,7,3,1,21,train,train
8272,7,3,1,22,train,train
8273,7,3,1,23,train,train
8274,7,3,1,24,train,train
8275,7,3,1,25,train,train
8276,7,3,1,26,train,train
8277,7,3,1,27,train,train
8278,7,3,1,28,train,train
8279,7,3,1,29,train,train
8280,7,3,1,30,train,train
8281,7,3,1,31,train,train
8282,7,3,1,32,train,train
8283,7,3,1,33,train,train
8284,7,3,1,34,train,train
8285,7,3,1,35,train,train
8286,7,3,1,36,train,train
8287,7,3,1,37,train,train
8288,7,3,1,38,train,train
8289,7,3,1,39,train,train
8290,7,3,1,40,train,train
8291,7,3,1,41,train,train
8292,7,3,1,42,train,train
8293,7,3,1,43,train,train
8294,7,3,1,44,train,train
8295,7,3,1,45,train,train
8296,7,3,1,46,train,train
8297,7,3,1,47,train,train
8298,7,3,1,48,train,train
8299,7,3,1,49,train,train
8300,7,3,1,50,train,train
8301,7,3,2,1,train,train
8302,7,3,2,2,train,train
8303,7,3,2,3,train,train
8304,7,3,2,4,train,train
8305,7,3,2,5,train,train
8306,7,3,2,6,train,train
8307,7,3,2,7,train,train
8308,7,3,2,8,train,train
8309,7,3,2,9,train,train
8310,7,3,2,10,train,train
8311,7,3,2,11,train,train
8312,7,3,2,12,train,train
8313,7,3,2,13,train,train
8314,7,3,2,14,train,train
8315,7,3,2,15,train,train
8316,7,3,2,16,train,train
8317,7,3,2,17,train,train
8318,7,3,2,18,train,train
8319,7,3,2,19,train,train
8320,7,3,2,20,train,train
8321,7,3,2,21,train,train
8322,7,3,2,22,train,train
8323,7,3,2,23,train,train
8324,7,3,2,24,train,train
8325,7,3,2,25,train,train
8326,7,3,2,26,train,train
8327,7,3,2,27,train,train
8328,7,3,2,28,train,train
8329,7,3,2,29,train,train
8330,7,3,2,30,train,train
8331,7,3,2,31,train,train
8332,7,3,2,32,train,train
8333,7,3,2,33,train,train
8334,7,3,2,34,train,train
8335,7,3,2,35,train,train
8336,7,3,2,36,train,train
8337,7,3,2,37,train,train
8338,7,3,2,38,train,train
8339,7,3,2,39,train,train
8340,7,3,2,40,train,train
8341,7,3,2,41,train,train
8342,7,3,2,42,train,train
8343,7,3,2,43,train,train
8344,7,3,2,44,train,train
8345,7,3,2,45,train,train
8346,7,3,2,46,train,train
8347,7,3,2,47,train,train
8348,7,3,2,48,train,train
8349,7,3,2,49,train,train
8350,7,3,2,50,train,train
8351,7,3,3,1,train,train
8352,7,3,3,2,train,train
8353,7,3,3,3,train,train
8354,7,3,3,4,train,train
8355,7,3,3,5,train,train
8356,7,3,3,6,train,train
8357,7,3,3,7,train,train
8358,7,3,3,8,train,train
8359,7,3,3,9,train,train
8360,7,3,3,10,train,train
8361,7,3,3,11,train,train
8362,7,3,3,12,train,train
8363,7,3,3,13,train,train
8364,7,3,3,14,train,train
8365,7,3,3,15,train,train
8366,7,3,3,16,train,train
8367,7,3,3,17,train,train
8368,7,3,3,18,train,train
8369,7,3,3,19,train,train
8370,7,3,3,20,train,train
8371,7,3,3,21,train,train
8372,7,3,3,22,train,train
8373,7,3,3,23,train,train
8374,7,3,3,24,train,train
8375,7,3,3,25,train,train
8376,7,3,3,26,train,train
8377,7,3,3,27,train,train
8378,7,3,3,28,train,train
8379,7,3,3,29,train,train
8380,7,3,3,30,train,train
8381,7,3,3,31,train,train
8382,7,3,3,32,train,train
8383,7,3,3,33,train,train
8384,7,3,3,34,train,train
8385,7,3,3,35,train,train
8386,7,3,3,36,train,train
8387,7,3,3,37,train,train
8388,7,3,3,38,train,train
8389,7,3,3,39,train,train
8390,7,3,3,40,train,train
8391,7,3,3,41,train,train
8392,7,3,3,42,train,train
8393,7,3,3,43,train,train
8394,7,3,3,44,train,train
8395,7,3,3,45,train,train
8396,7,3,3,46,train,train
8397,7,3,3,47,train,train
8398,7,3,3,48,train,train
8399,7,3,3,49,train,train
8400,7,3,3,50,train,train
8401,7,3,4,1,val,train
8402,7,3,4,2,val,train
8403,7,3,4,3,val,train
8404,7,3,4,4,val,train
8405,7,3,4,5,val,train
8406,7,3,4,6,val,train
8407,7,3,4,7,val,train
8408,7,3,4,8,val,train
8409,7,3,4,9,val,train
8410,7,3,4,10,val,train
8411,7,3,4,11,val,train
8412,7,3,4,12,val,train
8413,7,3,4,13,val,train
8414,7,3,4,14,val,train
8415,7,3,4,15,val,train
8416,7,3,4,16,val,train
8417,7,3,4,17,val,train
8418,7,3,4,18,val,train
8419,7,3,4,19,val,train
8420,7,3,4,20,val,train
8421,7,3,4,21,val,train
8422,7,3,4,22,val,train
8423,7,3,4,23,val,train
8424,7,3,4,24,val,train
8425,7,3,4,25,val,train
8426,7,3,4,26,val,train
8427,7,3,4,27,val,train
8428,7,3,4,28,val,train
8429,7,3,4,29,val,train
8430,7,3,4,30,val,train
8431,7,3,4,31,val,train
8432,7,3,4,32,val,train
8433,7,3,4,33,val,train
8434,7,3,4,34,val,train
8435,7,3,4,35,val,train
8436,7,3,4,36,val,train
8437,7,3,4,37,val,train
8438,7,3,4,38,val,train
8439,7,3,4,39,val,train
8440,7,3,4,40,val,train
8441,7,3,4,41,val,train
8442,7,3,4,42,val,train
8443,7,3,4,43,val,train
8444,7,3,4,44,val,train
8445,7,3,4,45,val,train
8446,7,3,4,46,val,train
8447,7,3,4,47,val,train
8448,7,3,4,48,val,train
8449,7,3,4,49,val,train
8450,7,3,4,50,val,train
8451,7,3,5,1,test,train
8452,7,3,5,2,test,train
8453,7,3,5,3,test,train
8454,7,3,5,4,test,train
8455,7,3,5,5,test,train
8456,7,3,5,6,test,train
8457,7,3,5,7,test,train
8458,7,3,5,8,test,train
8459,7,3,5,9,test,train
8460,7,3,5,10,test,train
8461,7,3,5,11,test,train
8462,7,3,5,12,test,train
8463,7,3,5,13,test,train
8464,7,3,5,14,test,train
8465,7,3,5,15,test,train
8466,7,3,5,16,test,train
8467,7,3,5,17,test,train
8468,7,3,5,18,test,train
8469,7,3,5,19,test,train
8470,7,3,5,20,test,train
8471,7,3,5,21,test,train
8472,7,3,5,22,test,train
8473,7,3,5,23,test,train
8474,7,3,5,24,test,train
8475,7,3,5,25,test,train
8476,7,3,5,26,test,train
8477,7,3,5,27,test,train
8478,7,3,5,28,test,train
8479,7,3,5,29,test,train
8480,7,3,5,30,test,train
8481,7,3,5,31,test,train
8482,7,3,5,32,test,train
8483,7,3,5,33,test,train
8484,7,3,5,34,test,train
8485,7,3,5,35,test,train
8486,7,3,5,36,test,train
8487,7,3,5,37,test,train
8488,7,3,5,38,test,train
8489,7,3,5,39,test,train
8490,7,3,5,40,test,train
8491,7,3,5,41,test,train
8492,7,3,5,42,test,train
8493,7,3,5,43,test,train
8494,7,3,5,44,test,train
8495,7,3,5,45,test,train
8496,7,3,5,46,test,train
8497,7,3,5,47,test,train
8498,7,3,5,48,test,train
8499,7,3,5,49,test,train
8500,7,3,5,50,test,train
8501,7,4,1,1,train,train
8502,7,4,1,2,train,train
8503,7,4,1,3,train,train
8504,7,4,1,4,train,train
8505,7,4,1,5,train,train
8506,7,4,1,6,train,train
8507,7,4,1,7,train,train
8508,7,4,1,8,train,train
8509,7,4,1,9,train,train
8510,7,4,1,10,train,train
8511,7,4,1,11,train,train
8512,7,4,1,12,train,train
8513,7,4,1,13,train,train
8514,7,4,1,14,train,train
8515,7,4,1,15,train,train
8516,7,4,1,16,train,train
8517,7,4,1,17,train,train
8518,7,4,1,18,train,train
8519,7,4,1,19,train,train
8520,7,4,1,20,train,train
8521,7,4,1,21,train,train
8522,7,4,1,22,train,train
8523,7,4,1,23,train,train
8524,7,4,1,24,train,train
8525,7,4,1,25,train,train
8526,7,4,1,26,train,train
8527,7,4,1,27,train,train
8528,7,4,1,28,train,train
8529,7,4,1,29,train,train
8530,7,4,1,30,train,train
8531,7,4,1,31,train,train
8532,7,4,1,32,train,train
8533,7,4,1,33,train,train
8534,7,4,1,34,train,train
8535,7,4,1,35,train,train
8536,7,4,1,36,train,train
8537,7,4,1,37,train,train
8538,7,4,1,38,train,train
8539,7,4,1,39,train,train
8540,7,4,1,40,train,train
8541,7,4,1,41,train,train
8542,7,4,1,42,train,train
8543,7,4,1,43,train,train
8544,7,4,1,44,train,train
8545,7,4,1,45,train,train
8546,7,4,1,46,train,train
8547,7,4,1,47,train,train
8548,7,4,1,48,train,train
8549,7,4,1,49,train,train
8550,7,4,1,50,train,train
8551,7,4,2,1,train,train
8552,7,4,2,2,train,train
8553,7,4,2,3,train,train
8554,7,4,2,4,train,train
8555,7,4,2,5,train,train
8556,7,4,2,6,train,train
8557,7,4,2,7,train,train
8558,7,4,2,8,train,train
8559,7,4,2,9,train,train
8560,7,4,2,10,train,train
8561,7,4,2,11,train,train
8562,7,4,2,12,train,train
8563,7,4,2,13,train,train
8564,7,4,2,14,train,train
8565,7,4,2,15,train,train
8566,7,4,2,16,train,train
8567,7,4,2,17,train,train
8568,7,4,2,18,train,train
8569,7,4,2,19,train,train
8570,7,4,2,20,train,train
8571,7,4,2,21,train,train
8572,7,4,2,22,train,train
8573,7,4,2,23,train,train
8574,7,4,2,24,train,train
8575,7,4,2,25,train,train
8576,7,4,2,26,train,train
8577,7,4,2,27,train,train
8578,7,4,2,28,train,train
8579,7,4,2,29,train,train
8580,7,4,2,30,train,train
8581,7,4,2,31,train,train
8582,7,4,2,32,train,train
8583,7,4,2,33,train,train
8584,7,4,2,34,train,train
8585,7,4,2,35,train,train
8586,7,4,2,36,train,train
8587,7,4,2,37,train,train
8588,7,4,2,38,train,train
8589,7,4,2,39,train,train
8590,7,4,2,40,train,train
8591,7,4,2,41,train,train
8592,7,4,2,42,train,train
8593,7,4,2,43,train,train
8594,7,4,2,44,train,train
8595,7,4,2,45,train,train
8596,7,4,2,46,train,train
8597,7,4,2,47,train,train
8598,7,4,2,48,train,train
8599,7,4,2,49,train,train
8600,7,4,2,50,train,train
8601,7,4,3,1,train,train
8602,7,4,3,2,train,train
8603,7,4,3,3,train,train
8604,7,4,3,4,train,train
8605,7,4,3,5,train,train
8606,7,4,3,6,train,train
8607,7,4,3,7,train,train
8608,7,4,3,8,train,train
8609,7,4,3,9,train,train
8610,7,4,3,10,train,train
8611,7,4,3,11,train,train
8612,7,4,3,12,train,train
8613,7,4,3,13,train,train
8614,7,4,3,14,train,train
8615,7,4,3,15,train,train
8616,7,4,3,16,train,train
8617,7,4,3,17,train,train
8618,7,4,3,18,train,train
8619,7,4,3,19,train,train
8620,7,4,3,20,train,train
8621,7,4,3,21,train,train
8622,7,4,3,22,train,train
8623,7,4,3,23,train,train
8624,7,4,3,24,train,train
8625,7,4,3,25,train,train
8626,7,4,3,26,train,train
8627,7,4,3,27,train,train
8628,7,4,3,28,train,train
8629,7,4,3,29,train,train
8630,7,4,3,30,train,train
8631,7,4,3,31,train,train
8632,7,4,3,32,train,train
8633,7,4,3,33,train,train
8634,7,4,3,34,train,train
8635,7,4,3,35,train,train
8636,7,4,3,36,train,train
8637,7,4,3,37,train,train
8638,7,4,3,38,train,train
8639,7,4,3,39,train,train
8640,7,4,3,40,train,train
8641,7,4,3,41,train,train
8642,7,4,3,42,train,train
8643,7,4,3,43,train,train
8644,7,4,3,44,train,train
8645,7,4,3,45,train,train
8646,7,4,3,46,train,train
8647,7,4,3,47,train,train
8648,7,4,3,48,train,train
8649,7,4,3,49,train,train
8650,7,4,3,50,train,train
8651,7,4,4,1,val,train
8652,7,4,4,2,val,train
8653,7,4,4,3,val,train
8654,7,4,4,4,val,train
8655,7,4,4,5,val,train
8656,7,4,4,6,val,train
8657,7,4,4,7,val,train
8658,7,4,4,8,val,train
8659,7,4,4,9,val,train
8660,7,4,4,10,val,train
8661,7,4,4,11,val,train
8662,7,4,4,12,val,train
8663,7,4,4,13,val,train
8664,7,4,4,14,val,train
8665,7,4,4,15,val,train
8666,7,4,4,16,val,train
8667,7,4,4,17,val,train
8668,7,4,4,18,val,train
8669,7,4,4,19,val,train
8670,7,4,4,20,val,train
8671,7,4,4,21,val,train
8672,7,4,4,22,val,train
8673,7,4,4,23,val,train
8674,7,4,4,24,val,train
8675,7,4,4,25,val,train
8676,7,4,4,26,val,train
8677,7,4,4,27,val,train
8678,7,4,4,28,val,train
8679,7,4,4,29,val,train
8680,7,4,4,30,val,train
8681,7,4,4,31,val,train
8682,7,4,4,32,val,train
8683,7,4,4,33,val,train
8684,7,4,4,34,val,train
8685,7,4,4,35,val,train
8686,7,4,4,36,val,train
8687,7,4,4,37,val,train
8688,7,4,4,38,val,train
8689,7,4,4,39,val,train
8690,7,4,4,40,val,train
8691,7,4,4,41,val,train
8692,7,4,4,42,val,train
8693,7,4,4,43,val,train
8694,7,4,4,44,val,train
8695,7,4,4,45,val,train
8696,7,4,4,46,val,train
8697,7,4,4,47,val,train
8698,7,4,4,48,val,train
8699,7,4,4,49,val,train
8700,7,4,4,50,val,train
8701,7,4,5,1,test,train
8702,7,4,5,2,test,train
8703,7,4,5,3,test,train
8704,7,4,5,4,test,train
8705,7,4,5,5,test,train
8706,7,4,5,6,test,train
8707,7,4,5,7,test,train
8708,7,4,5,8,test,train
8709,7,4,5,9,test,train
8710,7,4,5,10,test,train
8711,7,4,5,11,test,train
8712,7,4,5,12,test,train
8713,7,4,5,13,test,train
8714,7,4,5,14,test,train
8715,7,4,5,15,test,train
8716,7,4,5,16,test,train
8717,7,4,5,17,test,train
8718,7,4,5,18,test,train
8719,7,4,5,19,test,train
8720,7,4,5,20,test,train
8721,7,4,5,21,test,train
8722,7,4,5,22,test,train
8723,7,4,5,23,test,train
8724,7,4,5,24,test,train
8725,7,4,5,25,test,train
8726,7,4,5,26,test,train
8727,7,4,5,27,test,train
8728,7,4,5,28,test,train
8729,7,4,5,29,test,train
8730,7,4,5,30,test,train
8731,7,4,5,31,test,train
8732,7,4,5,32,test,train
8733,7,4,5,33,test,train
8734,7,4,5,34,test,train
8735,7,4,5,35,test,train
8736,7,4,5,36,test,train
8737,7,4,5,37,test,train
8738,7,4,5,38,test,train
8739,7,4,5,39,test,train
8740,7,4,5,40,test,train
8741,7,4,5,41,test,train
8742,7,4,5,42,test,train
8743,7,4,5,43,test,train
8744,7,4,5,44,test,train
8745,7,4,5,45,test,train
8746,7,4,5,46,test,train
8747,7,4,5,47,test,train
8748,7,4,5,48,test,train
8749,7,4,5,49,test,train
8750,7,4,5,50,test,train
8751,8,0,1,1,train,train
8752,8,0,1,2,train,train
8753,8,0,1,3,train,train
8754,8,0,1,4,train,train
8755,8,0,1,5,train,train
8756,8,0,1,6,train,train
8757,8,0,1,7,train,train
8758,8,0,1,8,train,train
8759,8,0,1,9,train,train
8760,8,0,1,10,train,train
8761,8,0,1,11,train,train
8762,8,0,1,12,train,train
8763,8,0,1,13,train,train
8764,8,0,1,14,train,train
8765,8,0,1,15,train,train
8766,8,0,1,16,train,train
8767,8,0,1,17,train,train
8768,8,0,1,18,train,train
8769,8,0,1,19,train,train
8770,8,0,1,20,train,train
8771,8,0,1,21,train,train
8772,8,0,1,22,train,train
8773,8,0,1,23,train,train
8774,8,0,1,24,train,train
8775,8,0,1,25,train,train
8776,8,0,1,26,train,train
8777,8,0,1,27,train,train
8778,8,0,1,28,train,train
8779,8,0,1,29,train,train
8780,8,0,1,30,train,train
8781,8,0,1,31,train,train
8782,8,0,1,32,train,train
8783,8,0,1,33,train,train
8784,8,0,1,34,train,train
8785,8,0,1,35,train,train
8786,8,0,1,36,train,train
8787,8,0,1,37,train,train
8788,8,0,1,38,train,train
8789,8,0,1,39,train,train
8790,8,0,1,40,train,train
8791,8,0,1,41,train,train
8792,8,0,1,42,train,train
8793,8,0,1,43,train,train
8794,8,0,1,44,train,train
8795,8,0,1,45,train,train
8796,8,0,1,46,train,train
8797,8,0,1,47,train,train
8798,8,0,1,48,train,train
8799,8,0,1,49,train,train
8800,8,0,1,50,train,train
8801,8,0,2,1,train,train
8802,8,0,2,2,train,train
8803,8,0,2,3,train,train
8804,8,0,2,4,train,train
8805,8,0,2,5,train,train
8806,8,0,2,6,train,train
8807,8,0,2,7,train,train
8808,8,0,2,8,train,train
8809,8,0,2,9,train,train
8810,8,0,2,10,train,train
8811,8,0,2,11,train,train
8812,8,0,2,12,train,train
8813,8,0,2,13,train,train
8814,8,0,2,14,train,train
8815,8,0,2,15,train,train
8816,8,0,2,16,train,train
8817,8,0,2,17,train,train
8818,8,0,2,18,train,train
8819,8,0,2,19,train,train
8820,8,0,2,20,train,train
8821,8,0,2,21,train,train
8822,8,0,2,22,train,train
8823,8,0,2,23,train,train
8824,8,0,2,24,train,train
8825,8,0,2,25,train,train
8826,8,0,2,26,train,train
8827,8,0,2,27,train,train
8828,8,0,2,28,train,train
8829,8,0,2,29,train,train
8830,8,0,2,30,train,train
8831,8,0,2,31,train,train
8832,8,0,2,32,train,train
8833,8,0,2,33,train,train
8834,8,0,2,34,train,train
8835,8,0,2,35,train,train
8836,8,0,2,36,train,train
8837,8,0,2,37,train,train
8838,8,0,2,38,train,train
8839,8,0,2,39,train,train
8840,8,0,2,40,train,train
8841,8,0,2,41,train,train
8842,8,0,2,42,train,train
8843,8,0,2,43,train,train
8844,8,0,2,44,train,train
8845,8,0,2,45,train,train
8846,8,0,2,46,train,train
8847,8,0,2,47,train,train
8848,8,0,2,48,train,train
8849,8,0,2,49,train,train
8850,8,0,2,50,train,train
8851,8,0,3,1,train,train
8852,8,0,3,2,train,train
8853,8,0,3,3,train,train
8854,8,0,3,4,train,train
8855,8,0,3,5,train,train
8856,8,0,3,6,train,train
8857,8,0,3,7,train,train
8858,8,0,3,8,train,train
8859,8,0,3,9,train,train
8860,8,0,3,10,train,train
8861,8,0,3,11,train,train
8862,8,0,3,12,train,train
8863,8,0,3,13,train,train
8864,8,0,3,14,train,train
8865,8,0,3,15,train,train
8866,8,0,3,16,train,train
8867,8,0,3,17,train,train
8868,8,0,3,18,train,train
8869,8,0,3,19,train,train
8870,8,0,3,20,train,train
8871,8,0,3,21,train,train
8872,8,0,3,22,train,train
8873,8,0,3,23,train,train
8874,8,0,3,24,train,train
8875,8,0,3,25,train,train
8876,8,0,3,26,train,train
8877,8,0,3,27,train,train
8878,8,0,3,28,train,train
8879,8,0,3,29,train,train
8880,8,0,3,30,train,train
8881,8,0,3,31,train,train
8882,8,0,3,32,train,train
8883,8,0,3,33,train,train
8884,8,0,3,34,train,train
8885,8,0,3,35,train,train
8886,8,0,3,36,train,train
8887,8,0,3,37,train,train
8888,8,0,3,38,train,train
8889,8,0,3,39,train,train
8890,8,0,3,40,train,train
8891,8,0,3,41,train,train
8892,8,0,3,42,train,train
8893,8,0,3,43,train,train
8894,8,0,3,44,train,train
8895,8,0,3,45,train,train
8896,8,0,3,46,train,train
8897,8,0,3,47,train,train
8898,8,0,3,48,train,train
8899,8,0,3,49,train,train
8900,8,0,3,50,train,train
8901,8,0,4,1,val,train
8902,8,0,4,2,val,train
8903,8,0,4,3,val,train
8904,8,0,4,4,val,train
8905,8,0,4,5,val,train
8906,8,0,4,6,val,train
8907,8,0,4,7,val,train
8908,8,0,4,8,val,train
8909,8,0,4,9,val,train
8910,8,0,4,10,val,train
8911,8,0,4,11,val,train
8912,8,0,4,12,val,train
8913,8,0,4,13,val,train
8914,8,0,4,14,val,train
8915,8,0,4,15,val,train
8916,8,0,4,16,val,train
8917,8,0,4,17,val,train
8918,8,0,4,18,val,train
8919,8,0,4,19,val,train
8920,8,0,4,20,val,train
8921,8,0,4,21,val,train
8922,8,0,4,22,val,train
8923,8,0,4,23,val,train
8924,8,0,4,24,val,train
8925,8,0,4,25,val,train
8926,8,0,4,26,val,train
8927,8,0,4,27,val,train
8928,8,0,4,28,val,train
8929,8,0,4,29,val,train
8930,8,0,4,30,val,train
8931,8,0,4,31,val,train
8932,8,0,4,32,val,train
8933,8,0,4,33,val,train
8934,8,0,4,34,val,train
8935,8,0,4,35,val,train
8936,8,0,4,36,val,train
8937,8,0,4,37,val,train
8938,8,0,4,38,val,train
8939,8,0,4,39,val,train
8940,8,0,4,40,val,train
8941,8,0,4,41,val,train
8942,8,0,4,42,val,train
8943,8,0,4,43,val,train
8944,8,0,4,44,val,train
8945,8,0,4,45,val,train
8946,8,0,4,46,val,train
8947,8,0,4,47,val,train
8948,8,0,4,48,val,train
8949,8,0,4,49,val,train
8950,8,0,4,50,val,train
8951,8,0,5,1,test,train
8952,8,0,5,2,test,train
8953,8,0,5,3,test,train
8954,8,0,5,4,test,train
8955,8,0,5,5,test,train
8956,8,0,5,6,test,train
8957,8,0,5,7,test,train
8958,8,0,5,8,test,train
8959,8,0,5,9,test,train
8960,8,0,5,10,test,train
8961,8,0,5,11,test,train
8962,8,0,5,12,test,train
8963,8,0,5,13,test,train
8964,8,0,5,14,test,train
8965,8,0,5,15,test,train
8966,8,0,5,16,test,train
8967,8,0,5,17,test,train
8968,8,0,5,18,test,train
8969,8,0,5,19,test,train
8970,8,0,5,20,test,train
8971,8,0,5,21,test,train
8972,8,0,5,22,test,train
8973,8,0,5,23,test,train
8974,8,0,5,24,test,train
8975,8,0,5,25,test,train
8976,8,0,5,26,test,train
8977,8,0,5,27,test,train
8978,8,0,5,28,test,train
8979,8,0,5,29,test,train
8980,8,0,5,30,test,train
8981,8,0,5,31,test,train
8982,8,0,5,32,test,train
8983,8,0,5,33,test,train
8984,8,0,5,34,test,train
8985,8,0,5,35,test,train
8986,8,0,5,36,test,train
8987,8,0,5,37,test,train
8988,8,0,5,38,test,train
8989,8,0,5,39,test,train
8990,8,0,5,40,test,train
8991,8,0,5,41,test,train
8992,8,0,5,42,test,train
8993,8,0,5,43,test,train
8994,8,0,5,44,test,train
8995,8,0,5,45,test,train
8996,8,0,5,46,test,train
8997,8,0,5,47,test,train
8998,8,0,5,48,test,train
8999,8,0,5,49,test,train
9000,8,0,5,50,test,train
9001,8,1,1,1,train,train
9002,8,1,1,2,train,train
9003,8,1,1,3,train,train
9004,8,1,1,4,train,train
9005,8,1,1,5,train,train
9006,8,1,1,6,train,train
9007,8,1,1,7,train,train
9008,8,1,1,8,train,train
9009,8,1,1,9,train,train
9010,8,1,1,10,train,train
9011,8,1,1,11,train,train
9012,8,1,1,12,train,train
9013,8,1,1,13,train,train
9014,8,1,1,14,train,train
9015,8,1,1,15,train,train
9016,8,1,1,16,train,train
9017,8,1,1,17,train,train
9018,8,1,1,18,train,train
9019,8,1,1,19,train,train
9020,8,1,1,20,train,train
9021,8,1,1,21,train,train
9022,8,1,1,22,train,train
9023,8,1,1,23,train,train
9024,8,1,1,24,train,train
9025,8,1,1,25,train,train
9026,8,1,1,26,train,train
9027,8,1,1,27,train,train
9028,8,1,1,28,train,train
9029,8,1,1,29,train,train
9030,8,1,1,30,train,train
9031,8,1,1,31,train,train
9032,8,1,1,32,train,train
9033,8,1,1,33,train,train
9034,8,1,1,34,train,train
9035,8,1,1,35,train,train
9036,8,1,1,36,train,train
9037,8,1,1,37,train,train
9038,8,1,1,38,train,train
9039,8,1,1,39,train,train
9040,8,1,1,40,train,train
9041,8,1,1,41,train,train
9042,8,1,1,42,train,train
9043,8,1,1,43,train,train
9044,8,1,1,44,train,train
9045,8,1,1,45,train,train
9046,8,1,1,46,train,train
9047,8,1,1,47,train,train
9048,8,1,1,48,train,train
9049,8,1,1,49,train,train
9050,8,1,1,50,train,train
9051,8,1,2,1,train,train
9052,8,1,2,2,train,train
9053,8,1,2,3,train,train
9054,8,1,2,4,train,train
9055,8,1,2,5,train,train
9056,8,1,2,6,train,train
9057,8,1,2,7,train,train
9058,8,1,2,8,train,train
9059,8,1,2,9,train,train
9060,8,1,2,10,train,train
9061,8,1,2,11,train,train
9062,8,1,2,12,train,train
9063,8,1,2,13,train,train
9064,8,1,2,14,train,train
9065,8,1,2,15,train,train
9066,8,1,2,16,train,train
9067,8,1,2,17,train,train
9068,8,1,2,18,train,train
9069,8,1,2,19,train,train
9070,8,1,2,20,train,train
9071,8,1,2,21,train,train
9072,8,1,2,22,train,train
9073,8,1,2,23,train,train
9074,8,1,2,24,train,train
9075,8,1,2,25,train,train
9076,8,1,2,26,train,train
9077,8,1,2,27,train,train
9078,8,1,2,28,train,train
9079,8,1,2,29,train,train
9080,8,1,2,30,train,train
9081,8,1,2,31,train,train
9082,8,1,2,32,train,train
9083,8,1,2,33,train,train
9084,8,1,2,34,train,train
9085,8,1,2,35,train,train
9086,8,1,2,36,train,train
9087,8,1,2,37,train,train
9088,8,1,2,38,train,train
9089,8,1,2,39,train,train
9090,8,1,2,40,train,train
9091,8,1,2,41,train,train
9092,8,1,2,42,train,train
9093,8,1,2,43,train,train
9094,8,1,2,44,train,train
9095,8,1,2,45,train,train
9096,8,1,2,46,train,train
9097,8,1,2,47,train,train
9098,8,1,2,48,train,train
9099,8,1,2,49,train,train
9100,8,1,2,50,train,train
9101,8,1,3,1,train,train
9102,8,1,3,2,train,train
9103,8,1,3,3,train,train
9104,8,1,3,4,train,train
9105,8,1,3,5,train,train
9106,8,1,3,6,train,train
9107,8,1,3,7,train,train
9108,8,1,3,8,train,train
9109,8,1,3,9,train,train
9110,8,1,3,10,train,train
9111,8,1,3,11,train,train
9112,8,1,3,12,train,train
9113,8,1,3,13,train,train
9114,8,1,3,14,train,train
9115,8,1,3,15,train,train
9116,8,1,3,16,train,train
9117,8,1,3,17,train,train
9118,8,1,3,18,train,train
9119,8,1,3,19,train,train
9120,8,1,3,20,train,train
9121,8,1,3,21,train,train
9122,8,1,3,22,train,train
9123,8,1,3,23,train,train
9124,8,1,3,24,train,train
9125,8,1,3,25,train,train
9126,8,1,3,26,train,train
9127,8,1,3,27,train,train
9128,8,1,3,28,train,train
9129,8,1,3,29,train,train
9130,8,1,3,30,train,train
9131,8,1,3,31,train,train
9132,8,1,3,32,train,train
9133,8,1,3,33,train,train
9134,8,1,3,34,train,train
9135,8,1,3,35,train,train
9136,8,1,3,36,train,train
9137,8,1,3,37,train,train
9138,8,1,3,38,train,train
9139,8,1,3,39,train,train
9140,8,1,3,40,train,train
9141,8,1,3,41,train,train
9142,8,1,3,42,train,train
9143,8,1,3,43,train,train
9144,8,1,3,44,train,train
9145,8,1,3,45,train,train
9146,8,1,3,46,train,train
9147,8,1,3,47,train,train
9148,8,1,3,48,train,train
9149,8,1,3,49,train,train
9150,8,1,3,50,train,train
9151,8,1,4,1,val,train
9152,8,1,4,2,val,train
9153,8,1,4,3,val,train
9154,8,1,4,4,val,train
9155,8,1,4,5,val,train
9156,8,1,4,6,val,train
9157,8,1,4,7,val,train
9158,8,1,4,8,val,train
9159,8,1,4,9,val,train
9160,8,1,4,10,val,train
9161,8,1,4,11,val,train
9162,8,1,4,12,val,train
9163,8,1,4,13,val,train
9164,8,1,4,14,val,train
9165,8,1,4,15,val,train
9166,8,1,4,16,val,train
9167,8,1,4,17,val,train
9168,8,1,4,18,val,train
9169,8,1,4,19,val,train
9170,8,1,4,20,val,train
9171,8,1,4,21,val,train
9172,8,1,4,22,val,train
9173,8,1,4,23,val,train
9174,8,1,4,24,val,train
9175,8,1,4,25,val,train
9176,8,1,4,26,val,train
9177,8,1,4,27,val,train
9178,8,1,4,28,val,train
9179,8,1,4,29,val,train
9180,8,1,4,30,val,train
9181,8,1,4,31,val,train
9182,8,1,4,32,val,train
9183,8,1,4,33,val,train
9184,8,1,4,34,val,train
9185,8,1,4,35,val,train
9186,8,1,4,36,val,train
9187,8,1,4,37,val,train
9188,8,1,4,38,val,train
9189,8,1,4,39,val,train
9190,8,1,4,40,val,train
9191,8,1,4,41,val,train
9192,8,1,4,42,val,train
9193,8,1,4,43,val,train
9194,8,1,4,44,val,train
9195,8,1,4,45,val,train
9196,8,1,4,46,val,train
9197,8,1,4,47,val,train
9198,8,1,4,48,val,train
9199,8,1,4,49,val,train
9200,8,1,4,50,val,train
9201,8,1,5,1,test,train
9202,8,1,5,2,test,train
9203,8,1,5,3,test,train
9204,8,1,5,4,test,train
9205,8,1,5,5,test,train
9206,8,1,5,6,test,train
9207,8,1,5,7,test,train
9208,8,1,5,8,test,train
9209,8,1,5,9,test,train
9210,8,1,5,10,test,train
9211,8,1,5,11,test,train
9212,8,1,5,12,test,train
9213,8,1,5,13,test,train
9214,8,1,5,14,test,train
9215,8,1,5,15,test,train
9216,8,1,5,16,test,train
9217,8,1,5,17,test,train
9218,8,1,5,18,test,train
9219,8,1,5,19,test,train
9220,8,1,5,20,test,train
9221,8,1,5,21,test,train
9222,8,1,5,22,test,train
9223,8,1,5,23,test,train
9224,8,1,5,24,test,train
9225,8,1,5,25,test,train
9226,8,1,5,26,test,train
9227,8,1,5,27,test,train
9228,8,1,5,28,test,train
9229,8,1,5,29,test,train
9230,8,1,5,30,test,train
9231,8,1,5,31,test,train
9232,8,1,5,32,test,train
9233,8,1,5,33,test,train
9234,8,1,5,34,test,train
9235,8,1,5,35,test,train
9236,8,1,5,36,test,train
9237,8,1,5,37,test,train
9238,8,1,5,38,test,train
9239,8,1,5,39,test,train
9240,8,1,5,40,test,train
9241,8,1,5,41,test,train
9242,8,1,5,42,test,train
9243,8,1,5,43,test,train
9244,8,1,5,44,test,train
9245,8,1,5,45,test,train
9246,8,1,5,46,test,train
9247,8,1,5,47,test,train
9248,8,1,5,48,test,train
9249,8,1,5,49,test,train
9250,8,1,5,50,test,train
9251,8,2,1,1,train,train
9252,8,2,1,2,train,train
9253,8,2,1,3,train,train
9254,8,2,1,4,train,train
9255,8,2,1,5,train,train
9256,8,2,1,6,train,train
9257,8,2,1,7,train,train
9258,8,2,1,8,train,train
9259,8,2,1,9,train,train
9260,8,2,1,10,train,train
9261,8,2,1,11,train,train
9262,8,2,1,12,train,train
9263,8,2,1,13,train,train
9264,8,2,1,14,train,train
9265,8,2,1,15,train,train
9266,8,2,1,16,train,train
9267,8,2,1,17,train,train
9268,8,2,1,18,train,train
9269,8,2,1,19,train,train
9270,8,2,1,20,train,train
9271,8,2,1,21,train,train
9272,8,2,1,22,train,train
9273,8,2,1,23,train,train
9274,8,2,1,24,train,train
9275,8,2,1,25,train,train
9276,8,2,1,26,train,train
9277,8,2,1,27,train,train
9278,8,2,1,28,train,train
9279,8,2,1,29,train,train
9280,8,2,1,30,train,train
9281,8,2,1,31,train,train
9282,8,2,1,32,train,train
9283,8,2,1,33,train,train
9284,8,2,1,34,train,train
9285,8,2,1,35,train,train
9286,8,2,1,36,train,train
9287,8,2,1,37,train,train
9288,8,2,1,38,train,train
9289,8,2,1,39,train,train
9290,8,2,1,40,train,train
9291,8,2,1,41,train,train
9292,8,2,1,42,train,train
9293,8,2,1,43,train,train
9294,8,2,1,44,train,train
9295,8,2,1,45,train,train
9296,8,2,1,46,train,train
9297,8,2,1,47,train,train
9298,8,2,1,48,train,train
9299,8,2,1,49,train,train
9300,8,2,1,50,train,train
9301,8,2,2,1,train,train
9302,8,2,2,2,train,train
9303,8,2,2,3,train,train
9304,8,2,2,4,train,train
9305,8,2,2,5,train,train
9306,8,2,2,6,train,train
9307,8,2,2,7,train,train
9308,8,2,2,8,train,train
9309,8,2,2,9,train,train
9310,8,2,2,10,train,train
9311,8,2,2,11,train,train
9312,8,2,2,12,train,train
9313,8,2,2,13,train,train
9314,8,2,2,14,train,train
9315,8,2,2,15,train,train
9316,8,2,2,16,train,train
9317,8,2,2,17,train,train
9318,8,2,2,18,train,train
9319,8,2,2,19,train,train
9320,8,2,2,20,train,train
9321,8,2,2,21,train,train
9322,8,2,2,22,train,train
9323,8,2,2,23,train,train
9324,8,2,2,24,train,train
9325,8,2,2,25,train,train
9326,8,2,2,26,train,train
9327,8,2,2,27,train,train
9328,8,2,2,28,train,train
9329,8,2,2,29,train,train
9330,8,2,2,30,train,train
9331,8,2,2,31,train,train
9332,8,2,2,32,train,train
9333,8,2,2,33,train,train
9334,8,2,2,34,train,train
9335,8,2,2,35,train,train
9336,8,2,2,36,train,train
9337,8,2,2,37,train,train
9338,8,2,2,38,train,train
9339,8,2,2,39,train,train
9340,8,2,2,40,train,train
9341,8,2,2,41,train,train
9342,8,2,2,42,train,train
9343,8,2,2,43,train,train
9344,8,2,2,44,train,train
9345,8,2,2,45,train,train
9346,8,2,2,46,train,train
9347,8,2,2,47,train,train
9348,8,2,2,48,train,train
9349,8,2,2,49,train,train
9350,8,2,2,50,train,train
9351,8,2,3,1,train,train
9352,8,2,3,2,train,train
9353,8,2,3,3,train,train
9354,8,2,3,4,train,train
9355,8,2,3,5,train,train
9356,8,2,3,6,train,train
9357,8,2,3,7,train,train
9358,8,2,3,8,train,train
9359,8,2,3,9,train,train
9360,8,2,3,10,train,train
9361,8,2,3,11,train,train
9362,8,2,3,12,train,train
9363,8,2,3,13,train,train
9364,8,2,3,14,train,train
9365,8,2,3,15,train,train
9366,8,2,3,16,train,train
9367,8,2,3,17,train,train
9368,8,2,3,18,train,train
9369,8,2,3,19,train,train
9370,8,2,3,20,train,train
9371,8,2,3,21,train,train
9372,8,2,3,22,train,train
9373,8,2,3,23,train,train
9374,8,2,3,24,train,train
9375,8,2,3,25,train,train
9376,8,2,3,26,train,train
9377,8,2,3,27,train,train
9378,8,2,3,28,train,train
9379,8,2,3,29,train,train
9380,8,2,3,30,train,train
9381,8,2,3,31,train,train
9382,8,2,3,32,train,train
9383,8,2,3,33,train,train
9384,8,2,3,34,train,train
9385,8,2,3,35,train,train
9386,8,2,3,36,train,train
9387,8,2,3,37,train,train
9388,8,2,3,38,train,train
9389,8,2,3,39,train,train
9390,8,2,3,40,train,train
9391,8,2,3,41,train,train
9392,8,2,3,42,train,train
9393,8,2,3,43,train,train
9394,8,2,3,44,train,train
9395,8,2,3,45,train,train
9396,8,2,3,46,train,train
9397,8,2,3,47,train,train
9398,8,2,3,48,train,train
9399,8,2,3,49,train,train
9400,8,2,3,50,train,train
9401,8,2,4,1,val,train
9402,8,2,4,2,val,train
9403,8,2,4,3,val,train
9404,8,2,4,4,val,train
9405,8,2,4,5,val,train
9406,8,2,4,6,val,train
9407,8,2,4,7,val,train
9408,8,2,4,8,val,train
9409,8,2,4,9,val,train
9410,8,2,4,10,val,train
9411,8,2,4,11,val,train
9412,8,2,4,12,val,train
9413,8,2,4,13,val,train
9414,8,2,4,14,val,train
9415,8,2,4,15,val,train
9416,8,2,4,16,val,train
9417,8,2,4,17,val,train
9418,8,2,4,18,val,train
9419,8,2,4,19,val,train
9420,8,2,4,20,val,train
9421,8,2,4,21,val,train
9422,8,2,4,22,val,train
9423,8,2,4,23,val,train
9424,8,2,4,24,val,train
9425,8,2,4,25,val,train
9426,8,2,4,26,val,train
9427,8,2,4,27,val,train
9428,8,2,4,28,val,train
9429,8,2,4,29,val,train
9430,8,2,4,30,val,train
9431,8,2,4,31,val,train
9432,8,2,4,32,val,train
9433,8,2,4,33,val,train
9434,8,2,4,34,val,train
9435,8,2,4,35,val,train
9436,8,2,4,36,val,train
9437,8,2,4,37,val,train
9438,8,2,4,38,val,train
9439,8,2,4,39,val,train
9440,8,2,4,40,val,train
9441,8,2,4,41,val,train
9442,8,2,4,42,val,train
9443,8,2,4,43,val,train
9444,8,2,4,44,val,train
9445,8,2,4,45,val,train
9446,8,2,4,46,val,train
9447,8,2,4,47,val,train
9448,8,2,4,48,val,train
9449,8,2,4,49,val,train
9450,8,2,4,50,val,train
9451,8,2,5,1,test,train
9452,8,2,5,2,test,train
9453,8,2,5,3,test,train
9454,8,2,5,4,test,train
9455,8,2,5,5,test,train
9456,8,2,5,6,test,train
9457,8,2,5,7,test,train
9458,8,2,5,8,test,train
9459,8,2,5,9,test,train
9460,8,2,5,10,test,train
9461,8,2,5,11,test,train
9462,8,2,5,12,test,train
9463,8,2,5,13,test,train
9464,8,2,5,14,test,train
9465,8,2,5,15,test,train
9466,8,2,5,16,test,train
9467,8,2,5,17,test,train
9468,8,2,5,18,test,train
9469,8,2,5,19,test,train
9470,8,2,5,20,test,train
9471,8,2,5,21,test,train
9472,8,2,5,22,test,train
9473,8,2,5,23,test,train
9474,8,2,5,24,test,train
9475,8,2,5,25,test,train
9476,8,2,5,26,test,train
9477,8,2,5,27,test,train
9478,8,2,5,28,test,train
9479,8,2,5,29,test,train
9480,8,2,5,30,test,train
9481,8,2,5,31,test,train
9482,8,2,5,32,test,train
9483,8,2,5,33,test,train
9484,8,2,5,34,test,train
9485,8,2,5,35,test,train
9486,8,2,5,36,test,train
9487,8,2,5,37,test,train
9488,8,2,5,38,test,train
9489,8,2,5,39,test,train
9490,8,2,5,40,test,train
9491,8,2,5,41,test,train
9492,8,2,5,42,test,train
9493,8,2,5,43,test,train
9494,8,2,5,44,test,train
9495,8,2,5,45,test,train
9496,8,2,5,46,test,train
9497,8,2,5,47,test,train
9498,8,2,5,48,test,train
9499,8,2,5,49,test,train
9500,8,2,5,50,test,train
9501,8,3,1,1,train,train
9502,8,3,1,2,train,train
9503,8,3,1,3,train,train
9504,8,3,1,4,train,train
9505,8,3,1,5,train,train
9506,8,3,1,6,train,train
9507,8,3,1,7,train,train
9508,8,3,1,8,train,train
9509,8,3,1,9,train,train
9510,8,3,1,10,train,train
9511,8,3,1,11,train,train
9512,8,3,1,12,train,train
9513,8,3,1,13,train,train
9514,8,3,1,14,train,train
9515,8,3,1,15,train,train
9516,8,3,1,16,train,train
9517,8,3,1,17,train,train
9518,8,3,1,18,train,train
9519,8,3,1,19,train,train
9520,8,3,1,20,train,train
9521,8,3,1,21,train,train
9522,8,3,1,22,train,train
9523,8,3,1,23,train,train
9524,8,3,1,24,train,train
9525,8,3,1,25,train,train
9526,8,3,1,26,train,train
9527,8,3,1,27,train,train
9528,8,3,1,28,train,train
9529,8,3,1,29,train,train
9530,8,3,1,30,train,train
9531,8,3,1,31,train,train
9532,8,3,1,32,train,train
9533,8,3,1,33,train,train
9534,8,3,1,34,train,train
9535,8,3,1,35,train,train
9536,8,3,1,36,train,train
9537,8,3,1,37,train,train
9538,8,3,1,38,train,train
9539,8,3,1,39,train,train
9540,8,3,1,40,train,train
9541,8,3,1,41,train,train
9542,8,3,1,42,train,train
9543,8,3,1,43,train,train
9544,8,3,1,44,train,train
9545,8,3,1,45,train,train
9546,8,3,1,46,train,train
9547,8,3,1,47,train,train
9548,8,3,1,48,train,train
9549,8,3,1,49,train,train
9550,8,3,1,50,train,train
9551,8,3,2,1,train,train
9552,8,3,2,2,train,train
9553,8,3,2,3,train,train
9554,8,3,2,4,train,train
9555,8,3,2,5,train,train
9556,8,3,2,6,train,train
9557,8,3,2,7,train,train
9558,8,3,2,8,train,train
9559,8,3,2,9,train,train
9560,8,3,2,10,train,train
9561,8,3,2,11,train,train
9562,8,3,2,12,train,train
9563,8,3,2,13,train,train
9564,8,3,2,14,train,train
9565,8,3,2,15,train,train
9566,8,3,2,16,train,train
9567,8,3,2,17,train,train
9568,8,3,2,18,train,train
9569,8,3,2,19,train,train
9570,8,3,2,20,train,train
9571,8,3,2,21,train,train
9572,8,3,2,22,train,train
9573,8,3,2,23,train,train
9574,8,3,2,24,train,train
9575,8,3,2,25,train,train
9576,8,3,2,26,train,train
9577,8,3,2,27,train,train
9578,8,3,2,28,train,train
9579,8,3,2,29,train,train
9580,8,3,2,30,train,train
9581,8,3,2,31,train,train
9582,8,3,2,32,train,train
9583,8,3,2,33,train,train
9584,8,3,2,34,train,train
9585,8,3,2,35,train,train
9586,8,3,2,36,train,train
9587,8,3,2,37,train,train
9588,8,3,2,38,train,train
9589,8,3,2,39,train,train
9590,8,3,2,40,train,train
9591,8,3,2,41,train,train
9592,8,3,2,42,train,train
9593,8,3,2,43,train,train
9594,8,3,2,44,train,train
9595,8,3,2,45,train,train
9596,8,3,2,46,train,train
9597,8,3,2,47,train,train
9598,8,3,2,48,train,train
9599,8,3,2,49,train,train
9600,8,3,2,50,train,train
9601,8,3,3,1,train,train
9602,8,3,3,2,train,train
9603,8,3,3,3,train,train
9604,8,3,3,4,train,train
9605,8,3,3,5,train,train
9606,8,3,3,6,train,train
9607,8,3,3,7,train,train
9608,8,3,3,8,train,train
9609,8,3,3,9,train,train
9610,8,3,3,10,train,train
9611,8,3,3,11,train,train
9612,8,3,3,12,train,train
9613,8,3,3,13,train,train
9614,8,3,3,14,train,train
9615,8,3,3,15,train,train
9616,8,3,3,16,train,train
9617,8,3,3,17,train,train
9618,8,3,3,18,train,train
9619,8,3,3,19,train,train
9620,8,3,3,20,train,train
9621,8,3,3,21,train,train
9622,8,3,3,22,train,train
9623,8,3,3,23,train,train
9624,8,3,3,24,train,train
9625,8,3,3,25,train,train
9626,8,3,3,26,train,train
9627,8,3,3,27,train,train
9628,8,3,3,28,train,train
9629,8,3,3,29,train,train
9630,8,3,3,30,train,train
9631,8,3,3,31,train,train
9632,8,3,3,32,train,train
9633,8,3,3,33,train,train
9634,8,3,3,34,train,train
9635,8,3,3,35,train,train
9636,8,3,3,36,train,train
9637,8,3,3,37,train,train
9638,8,3,3,38,train,train
9639,8,3,3,39,train,train
9640,8,3,3,40,train,train
9641,8,3,3,41,train,train
9642,8,3,3,42,train,train
9643,8,3,3,43,train,train
9644,8,3,3,44,train,train
9645,8,3,3,45,train,train
9646,8,3,3,46,train,train
9647,8,3,3,47,train,train
9648,8,3,3,48,train,train
9649,8,3,3,49,train,train
9650,8,3,3,50,train,train
9651,8,3,4,1,val,train
9652,8,3,4,2,val,train
9653,8,3,4,3,val,train
9654,8,3,4,4,val,train
9655,8,3,4,5,val,train
9656,8,3,4,6,val,train
9657,8,3,4,7,val,train
9658,8,3,4,8,val,train
9659,8,3,4,9,val,train
9660,8,3,4,10,val,train
9661,8,3,4,11,val,train
9662,8,3,4,12,val,train
9663,8,3,4,13,val,train
9664,8,3,4,14,val,train
9665,8,3,4,15,val,train
9666,8,3,4,16,val,train
9667,8,3,4,17,val,train
9668,8,3,4,18,val,train
9669,8,3,4,19,val,train
9670,8,3,4,20,val,train
9671,8,3,4,21,val,train
9672,8,3,4,22,val,train
9673,8,3,4,23,val,train
9674,8,3,4,24,val,train
9675,8,3,4,25,val,train
9676,8,3,4,26,val,train
9677,8,3,4,27,val,train
9678,8,3,4,28,val,train
9679,8,3,4,29,val,train
9680,8,3,4,30,val,train
9681,8,3,4,31,val,train
9682,8,3,4,32,val,train
9683,8,3,4,33,val,train
9684,8,3,4,34,val,train
9685,8,3,4,35,val,train
9686,8,3,4,36,val,train
9687,8,3,4,37,val,train
9688,8,3,4,38,val,train
9689,8,3,4,39,val,train
9690,8,3,4,40,val,train
9691,8,3,4,41,val,train
9692,8,3,4,42,val,train
9693,8,3,4,43,val,train
9694,8,3,4,44,val,train
9695,8,3,4,45,val,train
9696,8,3,4,46,val,train
9697,8,3,4,47,val,train
9698,8,3,4,48,val,train
9699,8,3,4,49,val,train
9700,8,3,4,50,val,train
9701,8,3,5,1,test,train
9702,8,3,5,2,test,train
9703,8,3,5,3,test,train
9704,8,3,5,4,test,train
9705,8,3,5,5,test,train
9706,8,3,5,6,test,train
9707,8,3,5,7,test,train
9708,8,3,5,8,test,train
9709,8,3,5,9,test,train
9710,8,3,5,10,test,train
9711,8,3,5,11,test,train
9712,8,3,5,12,test,train
9713,8,3,5,13,test,train
9714,8,3,5,14,test,train
9715,8,3,5,15,test,train
9716,8,3,5,16,test,train
9717,8,3,5,17,test,train
9718,8,3,5,18,test,train
9719,8,3,5,19,test,train
9720,8,3,5,20,test,train
9721,8,3,5,21,test,train
9722,8,3,5,22,test,train
9723,8,3,5,23,test,train
9724,8,3,5,24,test,train
9725,8,3,5,25,test,train
9726,8,3,5,26,test,train
9727,8,3,5,27,test,train
9728,8,3,5,28,test,train
9729,8,3,5,29,test,train
9730,8,3,5,30,test,train
9731,8,3,5,31,test,train
9732,8,3,5,32,test,train
9733,8,3,5,33,test,train
9734,8,3,5,34,test,train
9735,8,3,5,35,test,train
9736,8,3,5,36,test,train
9737,8,3,5,37,test,train
9738,8,3,5,38,test,train
9739,8,3,5,39,test,train
9740,8,3,5,40,test,train
9741,8,3,5,41,test,train
9742,8,3,5,42,test,train
9743,8,3,5,43,test,train
9744,8,3,5,44,test,train
9745,8,3,5,45,test,train
9746,8,3,5,46,test,train
9747,8,3,5,47,test,train
9748,8,3,5,48,test,train
9749,8,3,5,49,test,train
9750,8,3,5,50,test,train
9751,8,4,1,1,train,train
9752,8,4,1,2,train,train
9753,8,4,1,3,train,train
9754,8,4,1,4,train,train
9755,8,4,1,5,train,train
9756,8,4,1,6,train,train
9757,8,4,1,7,train,train
9758,8,4,1,8,train,train
9759,8,4,1,9,train,train
9760,8,4,1,10,train,train
9761,8,4,1,11,train,train
9762,8,4,1,12,train,train
9763,8,4,1,13,train,train
9764,8,4,1,14,train,train
9765,8,4,1,15,train,train
9766,8,4,1,16,train,train
9767,8,4,1,17,train,train
9768,8,4,1,18,train,train
9769,8,4,1,19,train,train
9770,8,4,1,20,train,train
9771,8,4,1,21,train,train
9772,8,4,1,22,train,train
9773,8,4,1,23,train,train
9774,8,4,1,24,train,train
9775,8,4,1,25,train,train
9776,8,4,1,26,train,train
9777,8,4,1,27,train,train
9778,8,4,1,28,train,train
9779,8,4,1,29,train,train
9780,8,4,1,30,train,train
9781,8,4,1,31,train,train
9782,8,4,1,32,train,train
9783,8,4,1,33,train,train
9784,8,4,1,34,train,train
9785,8,4,1,35,train,train
9786,8,4,1,36,train,train
9787,8,4,1,37,train,train
9788,8,4,1,38,train,train
9789,8,4,1,39,train,train
9790,8,4,1,40,train,train
9791,8,4,1,41,train,train
9792,8,4,1,42,train,train
9793,8,4,1,43,train,train
9794,8,4,1,44,train,train
9795,8,4,1,45,train,train
9796,8,4,1,46,train,train
9797,8,4,1,47,train,train
9798,8,4,1,48,train,train
9799,8,4,1,49,train,train
9800,8,4,1,50,train,train
9801,8,4,2,1,train,train
9802,8,4,2,2,train,train
9803,8,4,2,3,train,train
9804,8,4,2,4,train,train
9805,8,4,2,5,train,train
9806,8,4,2,6,train,train
9807,8,4,2,7,train,train
9808,8,4,2,8,train,train
9809,8,4,2,9,train,train
9810,8,4,2,10,train,train
9811,8,4,2,11,train,train
9812,8,4,2,12,train,train
9813,8,4,2,13,train,train
9814,8,4,2,14,train,train
9815,8,4,2,15,train,train
9816,8,4,2,16,train,train
9817,8,4,2,17,train,train
9818,8,4,2,18,train,train
9819,8,4,2,19,train,train
9820,8,4,2,20,train,train
9821,8,4,2,21,train,train
9822,8,4,2,22,train,train
9823,8,4,2,23,train,train
9824,8,4,2,24,train,train
9825,8,4,2,25,train,train
9826,8,4,2,26,train,train
9827,8,4,2,27,train,train
9828,8,4,2,28,train,train
9829,8,4,2,29,train,train
9830,8,4,2,30,train,train
9831,8,4,2,31,train,train
9832,8,4,2,32,train,train
9833,8,4,2,33,train,train
9834,8,4,2,34,train,train
9835,8,4,2,35,train,train
9836,8,4,2,36,train,train
9837,8,4,2,37,train,train
9838,8,4,2,38,train,train
9839,8,4,2,39,train,train
9840,8,4,2,40,train,train
9841,8,4,2,41,train,train
9842,8,4,2,42,train,train
9843,8,4,2,43,train,train
9844,8,4,2,44,train,train
9845,8,4,2,45,train,train
9846,8,4,2,46,train,train
9847,8,4,2,47,train,train
9848,8,4,2,48,train,train
9849,8,4,2,49,train,train
9850,8,4,2,50,train,train
9851,8,4,3,1,train,train
9852,8,4,3,2,train,train
9853,8,4,3,3,train,train
9854,8,4,3,4,train,train
9855,8,4,3,5,train,train
9856,8,4,3,6,train,train
9857,8,4,3,7,train,train
9858,8,4,3,8,train,train
9859,8,4,3,9,train,train
9860,8,4,3,10,train,train
9861,8,4,3,11,train,train
9862,8,4,3,12,train,train
9863,8,4,3,13,train,train
9864,8,4,3,14,train,train
9865,8,4,3,15,train,train
9866,8,4,3,16,train,train
9867,8,4,3,17,train,train
9868,8,4,3,18,train,train
9869,8,4,3,19,train,train
9870,8,4,3,20,train,train
9871,8,4,3,21,train,train
9872,8,4,3,22,train,train
9873,8,4,3,23,train,train
9874,8,4,3,24,train,train
9875,8,4,3,25,train,train
9876,8,4,3,26,train,train
9877,8,4,3,27,train,train
9878,8,4,3,28,train,train
9879,8,4,3,29,train,train
9880,8,4,3,30,train,train
9881,8,4,3,31,train,train
9882,8,4,3,32,train,train
9883,8,4,3,33,train,train
9884,8,4,3,34,train,train
9885,8,4,3,35,train,train
9886,8,4,3,36,train,train
9887,8,4,3,37,train,train
9888,8,4,3,38,train,train
9889,8,4,3,39,train,train
9890,8,4,3,40,train,train
9891,8,4,3,41,train,train
9892,8,4,3,42,train,train
9893,8,4,3,43,train,train
9894,8,4,3,44,train,train
9895,8,4,3,45,train,train
9896,8,4,3,46,train,train
9897,8,4,3,47,train,train
9898,8,4,3,48,train,train
9899,8,4,3,49,train,train
9900,8,4,3,50,train,train
9901,8,4,4,1,val,train
9902,8,4,4,2,val,train
9903,8,4,4,3,val,train
9904,8,4,4,4,val,train
9905,8,4,4,5,val,train
9906,8,4,4,6,val,train
9907,8,4,4,7,val,train
9908,8,4,4,8,val,train
9909,8,4,4,9,val,train
9910,8,4,4,10,val,train
9911,8,4,4,11,val,train
9912,8,4,4,12,val,train
9913,8,4,4,13,val,train
9914,8,4,4,14,val,train
9915,8,4,4,15,val,train
9916,8,4,4,16,val,train
9917,8,4,4,17,val,train
9918,8,4,4,18,val,train
9919,8,4,4,19,val,train
9920,8,4,4,20,val,train
9921,8,4,4,21,val,train
9922,8,4,4,22,val,train
9923,8,4,4,23,val,train
9924,8,4,4,24,val,train
9925,8,4,4,25,val,train
9926,8,4,4,26,val,train
9927,8,4,4,27,val,train
9928,8,4,4,28,val,train
9929,8,4,4,29,val,train
9930,8,4,4,30,val,train
9931,8,4,4,31,val,train
9932,8,4,4,32,val,train
9933,8,4,4,33,val,train
9934,8,4,4,34,val,train
9935,8,4,4,35,val,train
9936,8,4,4,36,val,train
9937,8,4,4,37,val,train
9938,8,4,4,38,val,train
9939,8,4,4,39,val,train
9940,8,4,4,40,val,train
9941,8,4,4,41,val,train
9942,8,4,4,42,val,train
9943,8,4,4,43,val,train
9944,8,4,4,44,val,train
9945,8,4,4,45,val,train
9946,8,4,4,46,val,train
9947,8,4,4,47,val,train
9948,8,4,4,48,val,train
9949,8,4,4,49,val,train
9950,8,4,4,50,val,train
9951,8,4,5,1,test,train
9952,8,4,5,2,test,train
9953,8,4,5,3,test,train
9954,8,4,5,4,test,train
9955,8,4,5,5,test,train
9956,8,4,5,6,test,train
9957,8,4,5,7,test,train
9958,8,4,5,8,test,train
9959,8,4,5,9,test,train
9960,8,4,5,10,test,train
9961,8,4,5,11,test,train
9962,8,4,5,12,test,train
9963,8,4,5,13,test,train
9964,8,4,5,14,test,train
9965,8,4,5,15,test,train
9966,8,4,5,16,test,train
9967,8,4,5,17,test,train
9968,8,4,5,18,test,train
9969,8,4,5,19,test,train
9970,8,4,5,20,test,train
9971,8,4,5,21,test,train
9972,8,4,5,22,test,train
9973,8,4,5,23,test,train
9974,8,4,5,24,test,train
9975,8,4,5,25,test,train
9976,8,4,5,26,test,train
9977,8,4,5,27,test,train
9978,8,4,5,28,test,train
9979,8,4,5,29,test,train
9980,8,4,5,30,test,train
9981,8,4,5,31,test,train
9982,8,4,5,32,test,train
9983,8,4,5,33,test,train
9984,8,4,5,34,test,train
9985,8,4,5,35,test,train
9986,8,4,5,36,test,train
9987,8,4,5,37,test,train
9988,8,4,5,38,test,train
9989,8,4,5,39,test,train
9990,8,4,5,40,test,train
9991,8,4,5,41,test,train
9992,8,4,5,42,test,train
9993,8,4,5,43,test,train
9994,8,4,5,44,test,train
9995,8,4,5,45,test,train
9996,8,4,5,46,test,train
9997,8,4,5,47,test,train
9998,8,4,5,48,test,train
9999,8,4,5,49,test,train
10000,8,4,5,50,test,train
10001,9,0,1,1,train,test
10002,9,0,1,2,train,test
10003,9,0,1,3,train,test
10004,9,0,1,4,train,test
10005,9,0,1,5,train,test
10006,9,0,1,6,train,test
10007,9,0,1,7,train,test
10008,9,0,1,8,train,test
10009,9,0,1,9,train,test
10010,9,0,1,10,train,test
10011,9,0,1,11,train,test
10012,9,0,1,12,train,test
10013,9,0,1,13,train,test
10014,9,0,1,14,train,test
10015,9,0,1,15,train,test
10016,9,0,1,16,train,test
10017,9,0,1,17,train,test
10018,9,0,1,18,train,test
10019,9,0,1,19,train,test
10020,9,0,1,20,train,test
10021,9,0,1,21,train,test
10022,9,0,1,22,train,test
10023,9,0,1,23,train,test
10024,9,0,1,24,train,test
10025,9,0,1,25,train,test
10026,9,0,1,26,train,test
10027,9,0,1,27,train,test
10028,9,0,1,28,train,test
10029,9,0,1,29,train,test
10030,9,0,1,30,train,test
10031,9,0,1,31,train,test
10032,9,0,1,32,train,test
10033,9,0,1,33,train,test
10034,9,0,1,34,train,test
10035,9,0,1,35,train,test
10036,9,0,1,36,train,test
10037,9,0,1,37,train,test
10038,9,0,1,38,train,test
10039,9,0,1,39,train,test
10040,9,0,1,40,train,test
10041,9,0,1,41,train,test
10042,9,0,1,42,train,test
10043,9,0,1,43,train,test
10044,9,0,1,44,train,test
10045,9,0,1,45,train,test
10046,9,0,1,46,train,test
10047,9,0,1,47,train,test
10048,9,0,1,48,train,test
10049,9,0,1,49,train,test
10050,9,0,1,50,train,test
10051,9,0,2,1,train,test
10052,9,0,2,2,train,test
10053,9,0,2,3,train,test
10054,9,0,2,4,train,test
10055,9,0,2,5,train,test
10056,9,0,2,6,train,test
10057,9,0,2,7,train,test
10058,9,0,2,8,train,test
10059,9,0,2,9,train,test
10060,9,0,2,10,train,test
10061,9,0,2,11,train,test
10062,9,0,2,12,train,test
10063,9,0,2,13,train,test
10064,9,0,2,14,train,test
10065,9,0,2,15,train,test
10066,9,0,2,16,train,test
10067,9,0,2,17,train,test
10068,9,0,2,18,train,test
10069,9,0,2,19,train,test
10070,9,0,2,20,train,test
10071,9,0,2,21,train,test
10072,9,0,2,22,train,test
10073,9,0,2,23,train,test
10074,9,0,2,24,train,test
10075,9,0,2,25,train,test
10076,9,0,2,26,train,test
10077,9,0,2,27,train,test
10078,9,0,2,28,train,test
10079,9,0,2,29,train,test
10080,9,0,2,30,train,test
10081,9,0,2,31,train,test
10082,9,0,2,32,train,test
10083,9,0,2,33,train,test
10084,9,0,2,34,train,test
10085,9,0,2,35,train,test
10086,9,0,2,36,train,test
10087,9,0,2,37,train,test
10088,9,0,2,38,train,test
10089,9,0,2,39,train,test
10090,9,0,2,40,train,test
10091,9,0,2,41,train,test
10092,9,0,2,42,train,test
10093,9,0,2,43,train,test
10094,9,0,2,44,train,test
10095,9,0,2,45,train,test
10096,9,0,2,46,train,test
10097,9,0,2,47,train,test
10098,9,0,2,48,train,test
10099,9,0,2,49,train,test
10100,9,0,2,50,train,test
10101,9,0,3,1,train,test
10102,9,0,3,2,train,test
10103,9,0,3,3,train,test
10104,9,0,3,4,train,test
10105,9,0,3,5,train,test
10106,9,0,3,6,train,test
10107,9,0,3,7,train,test
10108,9,0,3,8,train,test
10109,9,0,3,9,train,test
10110,9,0,3,10,train,test
10111,9,0,3,11,train,test
10112,9,0,3,12,train,test
10113,9,0,3,13,train,test
10114,9,0,3,14,train,test
10115,9,0,3,15,train,test
10116,9,0,3,16,train,test
10117,9,0,3,17,train,test
10118,9,0,3,18,train,test
10119,9,0,3,19,train,test
10120,9,0,3,20,train,test
10121,9,0,3,21,train,test
10122,9,0,3,22,train,test
10123,9,0,3,23,train,test
10124,9,0,3,24,train,test
10125,9,0,3,25,train,test
10126,9,0,3,26,train,test
10127,9,0,3,27,train,test
10128,9,0,3,28,train,test
10129,9,0,3,29,train,test
10130,9,0,3,30,train,test
10131,9,0,3,31,train,test
10132,9,0,3,32,train,test
10133,9,0,3,33,train,test
10134,9,0,3,34,train,test
10135,9,0,3,35,train,test
10136,9,0,3,36,train,test
10137,9,0,3,37,train,test
10138,9,0,3,38,train,test
10139,9,0,3,39,train,test
10140,9,0,3,40,train,test
10141,9,0,3,41,train,test
10142,9,0,3,42,train,test
10143,9,0,3,43,train,test
10144,9,0,3,44,train,test
10145,9,0,3,45,train,test
10146,9,0,3,46,train,test
10147,9,0,3,47,train,test
10148,9,0,3,48,train,test
10149,9,0,3,49,train,test
10150,9,0,3,50,train,test
10151,9,0,4,1,val,test
10152,9,0,4,2,val,test
10153,9,0,4,3,val,test
10154,9,0,4,4,val,test
10155,9,0,4,5,val,test
10156,9,0,4,6,val,test
10157,9,0,4,7,val,test
10158,9,0,4,8,val,test
10159,9,0,4,9,val,test
10160,9,0,4,10,val,test
10161,9,0,4,11,val,test
10162,9,0,4,12,val,test
10163,9,0,4,13,val,test
10164,9,0,4,14,val,test
10165,9,0,4,15,val,test
10166,9,0,4,16,val,test
10167,9,0,4,17,val,test
10168,9,0,4,18,val,test
10169,9,0,4,19,val,test
10170,9,0,4,20,val,test
10171,9,0,4,21,val,test
10172,9,0,4,22,val,test
10173,9,0,4,23,val,test
10174,9,0,4,24,val,test
10175,9,0,4,25,val,test
10176,9,0,4,26,val,test
10177,9,0,4,27,val,test
10178,9,0,4,28,val,test
10179,9,0,4,29,val,test
10180,9,0,4,30,val,test
10181,9,0,4,31,val,test
10182,9,0,4,32,val,test
10183,9,0,4,33,val,test
10184,9,0,4,34,val,test
10185,9,0,4,35,val,test
10186,9,0,4,36,val,test
10187,9,0,4,37,val,test
10188,9,0,4,38,val,test
10189,9,0,4,39,val,test
10190,9,0,4,40,val,test
10191,9,0,4,41,val,test
10192,9,0,4,42,val,test
10193,9,0,4,43,val,test
10194,9,0,4,44,val,test
10195,9,0,4,45,val,test
10196,9,0,4,46,val,test
10197,9,0,4,47,val,test
10198,9,0,4,48,val,test
10199,9,0,4,49,val,test
10200,9,0,4,50,val,test
10201,9,0,5,1,test,test
10202,9,0,5,2,test,test
10203,9,0,5,3,test,test
10204,9,0,5,4,test,test
10205,9,0,5,5,test,test
10206,9,0,5,6,test,test
10207,9,0,5,7,test,test
10208,9,0,5,8,test,test
10209,9,0,5,9,test,test
10210,9,0,5,10,test,test
10211,9,0,5,11,test,test
10212,9,0,5,12,test,test
10213,9,0,5,13,test,test
10214,9,0,5,14,test,test
10215,9,0,5,15,test,test
10216,9,0,5,16,test,test
10217,9,0,5,17,test,test
10218,9,0,5,18,test,test
10219,9,0,5,19,test,test
10220,9,0,5,20,test,test
10221,9,0,5,21,test,test
10222,9,0,5,22,test,test
10223,9,0,5,23,test,test
10224,9,0,5,24,test,test
10225,9,0,5,25,test,test
10226,9,0,5,26,test,test
10227,9,0,5,27,test,test
10228,9,0,5,28,test,test
10229,9,0,5,29,test,test
10230,9,0,5,30,test,test
10231,9,0,5,31,test,test
10232,9,0,5,32,test,test
10233,9,0,5,33,test,test
10234,9,0,5,34,test,test
10235,9,0,5,35,test,test
10236,9,0,5,36,test,test
10237,9,0,5,37,test,test
10238,9,0,5,38,test,test
10239,9,0,5,39,test,test
10240,9,0,5,40,test,test
10241,9,0,5,41,test,test
10242,9,0,5,42,test,test
10243,9,0,5,43,test,test
10244,9,0,5,44,test,test
10245,9,0,5,45,test,test
10246,9,0,5,46,test,test
10247,9,0,5,47,test,test
10248,9,0,5,48,test,test
10249,9,0,5,49,test,test
10250,9,0,5,50,test,test
10251,9,1,1,1,train,test
10252,9,1,1,2,train,test
10253,9,1,1,3,train,test
10254,9,1,1,4,train,test
10255,9,1,1,5,train,test
10256,9,1,1,6,train,test
10257,9,1,1,7,train,test
10258,9,1,1,8,train,test
10259,9,1,1,9,train,test
10260,9,1,1,10,train,test
10261,9,1,1,11,train,test
10262,9,1,1,12,train,test
10263,9,1,1,13,train,test
10264,9,1,1,14,train,test
10265,9,1,1,15,train,test
10266,9,1,1,16,train,test
10267,9,1,1,17,train,test
10268,9,1,1,18,train,test
10269,9,1,1,19,train,test
10270,9,1,1,20,train,test
10271,9,1,1,21,train,test
10272,9,1,1,22,train,test
10273,9,1,1,23,train,test
10274,9,1,1,24,train,test
10275,9,1,1,25,train,test
10276,9,1,1,26,train,test
10277,9,1,1,27,train,test
10278,9,1,1,28,train,test
10279,9,1,1,29,train,test
10280,9,1,1,30,train,test
10281,9,1,1,31,train,test
10282,9,1,1,32,train,test
10283,9,1,1,33,train,test
10284,9,1,1,34,train,test
10285,9,1,1,35,train,test
10286,9,1,1,36,train,test
10287,9,1,1,37,train,test
10288,9,1,1,38,train,test
10289,9,1,1,39,train,test
10290,9,1,1,40,train,test
10291,9,1,1,41,train,test
10292,9,1,1,42,train,test
10293,9,1,1,43,train,test
10294,9,1,1,44,train,test
10295,9,1,1,45,train,test
10296,9,1,1,46,train,test
10297,9,1,1,47,train,test
10298,9,1,1,48,train,test
10299,9,1,1,49,train,test
10300,9,1,1,50,train,test
10301,9,1,2,1,train,test
10302,9,1,2,2,train,test
10303,9,1,2,3,train,test
10304,9,1,2,4,train,test
10305,9,1,2,5,train,test
10306,9,1,2,6,train,test
10307,9,1,2,7,train,test
10308,9,1,2,8,train,test
10309,9,1,2,9,train,test
10310,9,1,2,10,train,test
10311,9,1,2,11,train,test
10312,9,1,2,12,train,test
10313,9,1,2,13,train,test
10314,9,1,2,14,train,test
10315,9,1,2,15,train,test
10316,9,1,2,16,train,test
10317,9,1,2,17,train,test
10318,9,1,2,18,train,test
10319,9,1,2,19,train,test
10320,9,1,2,20,train,test
10321,9,1,2,21,train,test
10322,9,1,2,22,train,test
10323,9,1,2,23,train,test
10324,9,1,2,24,train,test
10325,9,1,2,25,train,test
10326,9,1,2,26,train,test
10327,9,1,2,27,train,test
10328,9,1,2,28,train,test
10329,9,1,2,29,train,test
10330,9,1,2,30,train,test
10331,9,1,2,31,train,test
10332,9,1,2,32,train,test
10333,9,1,2,33,train,test
10334,9,1,2,34,train,test
10335,9,1,2,35,train,test
10336,9,1,2,36,train,test
10337,9,1,2,37,train,test
10338,9,1,2,38,train,test
10339,9,1,2,39,train,test
10340,9,1,2,40,train,test
10341,9,1,2,41,train,test
10342,9,1,2,42,train,test
10343,9,1,2,43,train,test
10344,9,1,2,44,train,test
10345,9,1,2,45,train,test
10346,9,1,2,46,train,test
10347,9,1,2,47,train,test
10348,9,1,2,48,train,test
10349,9,1,2,49,train,test
10350,9,1,2,50,train,test
10351,9,1,3,1,train,test
10352,9,1,3,2,train,test
10353,9,1,3,3,train,test
10354,9,1,3,4,train,test
10355,9,1,3,5,train,test
10356,9,1,3,6,train,test
10357,9,1,3,7,train,test
10358,9,1,3,8,train,test
10359,9,1,3,9,train,test
10360,9,1,3,10,train,test
10361,9,1,3,11,train,test
10362,9,1,3,12,train,test
10363,9,1,3,13,train,test
10364,9,1,3,14,train,test
10365,9,1,3,15,train,test
10366,9,1,3,16,train,test
10367,9,1,3,17,train,test
10368,9,1,3,18,train,test
10369,9,1,3,19,train,test
10370,9,1,3,20,train,test
10371,9,1,3,21,train,test
10372,9,1,3,22,train,test
10373,9,1,3,23,train,test
10374,9,1,3,24,train,test
10375,9,1,3,25,train,test
10376,9,1,3,26,train,test
10377,9,1,3,27,train,test
10378,9,1,3,28,train,test
10379,9,1,3,29,train,test
10380,9,1,3,30,train,test
10381,9,1,3,31,train,test
10382,9,1,3,32,train,test
10383,9,1,3,33,train,test
10384,9,1,3,34,train,test
10385,9,1,3,35,train,test
10386,9,1,3,36,train,test
10387,9,1,3,37,train,test
10388,9,1,3,38,train,test
10389,9,1,3,39,train,test
10390,9,1,3,40,train,test
10391,9,1,3,41,train,test
10392,9,1,3,42,train,test
10393,9,1,3,43,train,test
10394,9,1,3,44,train,test
10395,9,1,3,45,train,test
10396,9,1,3,46,train,test
10397,9,1,3,47,train,test
10398,9,1,3,48,train,test
10399,9,1,3,49,train,test
10400,9,1,3,50,train,test
10401,9,1,4,1,val,test
10402,9,1,4,2,val,test
10403,9,1,4,3,val,test
10404,9,1,4,4,val,test
10405,9,1,4,5,val,test
10406,9,1,4,6,val,test
10407,9,1,4,7,val,test
10408,9,1,4,8,val,test
10409,9,1,4,9,val,test
10410,9,1,4,10,val,test
10411,9,1,4,11,val,test
10412,9,1,4,12,val,test
10413,9,1,4,13,val,test
10414,9,1,4,14,val,test
10415,9,1,4,15,val,test
10416,9,1,4,16,val,test
10417,9,1,4,17,val,test
10418,9,1,4,18,val,test
10419,9,1,4,19,val,test
10420,9,1,4,20,val,test
10421,9,1,4,21,val,test
10422,9,1,4,22,val,test
10423,9,1,4,23,val,test
10424,9,1,4,24,val,test
10425,9,1,4,25,val,test
10426,9,1,4,26,val,test
10427,9,1,4,27,val,test
10428,9,1,4,28,val,test
10429,9,1,4,29,val,test
10430,9,1,4,30,val,test
10431,9,1,4,31,val,test
10432,9,1,4,32,val,test
10433,9,1,4,33,val,test
10434,9,1,4,34,val,test
10435,9,1,4,35,val,test
10436,9,1,4,36,val,test
10437,9,1,4,37,val,test
10438,9,1,4,38,val,test
10439,9,1,4,39,val,test
10440,9,1,4,40,val,test
10441,9,1,4,41,val,test
10442,9,1,4,42,val,test
10443,9,1,4,43,val,test
10444,9,1,4,44,val,test
10445,9,1,4,45,val,test
10446,9,1,4,46,val,test
10447,9,1,4,47,val,test
10448,9,1,4,48,val,test
10449,9,1,4,49,val,test
10450,9,1,4,50,val,test
10451,9,1,5,1,test,test
10452,9,1,5,2,test,test
10453,9,1,5,3,test,test
10454,9,1,5,4,test,test
10455,9,1,5,5,test,test
10456,9,1,5,6,test,test
10457,9,1,5,7,test,test
10458,9,1,5,8,test,test
10459,9,1,5,9,test,test
10460,9,1,5,10,test,test
10461,9,1,5,11,test,test
10462,9,1,5,12,test,test
10463,9,1,5,13,test,test
10464,9,1,5,14,test,test
10465,9,1,5,15,test,test
10466,9,1,5,16,test,test
10467,9,1,5,17,test,test
10468,9,1,5,18,test,test
10469,9,1,5,19,test,test
10470,9,1,5,20,test,test
10471,9,1,5,21,test,test
10472,9,1,5,22,test,test
10473,9,1,5,23,test,test
10474,9,1,5,24,test,test
10475,9,1,5,25,test,test
10476,9,1,5,26,test,test
10477,9,1,5,27,test,test
10478,9,1,5,28,test,test
10479,9,1,5,29,test,test
10480,9,1,5,30,test,test
10481,9,1,5,31,test,test
10482,9,1,5,32,test,test
10483,9,1,5,33,test,test
10484,9,1,5,34,test,test
10485,9,1,5,35,test,test
10486,9,1,5,36,test,test
10487,9,1,5,37,test,test
10488,9,1,5,38,test,test
10489,9,1,5,39,test,test
10490,9,1,5,40,test,test
10491,9,1,5,41,test,test
10492,9,1,5,42,test,test
10493,9,1,5,43,test,test
10494,9,1,5,44,test,test
10495,9,1,5,45,test,test
10496,9,1,5,46,test,test
10497,9,1,5,47,test,test
10498,9,1,5,48,test,test
10499,9,1,5,49,test,test
10500,9,1,5,50,test,test
10501,9,2,1,1,train,test
10502,9,2,1,2,train,test
10503,9,2,1,3,train,test
10504,9,2,1,4,train,test
10505,9,2,1,5,train,test
10506,9,2,1,6,train,test
10507,9,2,1,7,train,test
10508,9,2,1,8,train,test
10509,9,2,1,9,train,test
10510,9,2,1,10,train,test
10511,9,2,1,11,train,test
10512,9,2,1,12,train,test
10513,9,2,1,13,train,test
10514,9,2,1,14,train,test
10515,9,2,1,15,train,test
10516,9,2,1,16,train,test
10517,9,2,1,17,train,test
10518,9,2,1,18,train,test
10519,9,2,1,19,train,test
10520,9,2,1,20,train,test
10521,9,2,1,21,train,test
10522,9,2,1,22,train,test
10523,9,2,1,23,train,test
10524,9,2,1,24,train,test
10525,9,2,1,25,train,test
10526,9,2,1,26,train,test
10527,9,2,1,27,train,test
10528,9,2,1,28,train,test
10529,9,2,1,29,train,test
10530,9,2,1,30,train,test
10531,9,2,1,31,train,test
10532,9,2,1,32,train,test
10533,9,2,1,33,train,test
10534,9,2,1,34,train,test
10535,9,2,1,35,train,test
10536,9,2,1,36,train,test
10537,9,2,1,37,train,test
10538,9,2,1,38,train,test
10539,9,2,1,39,train,test
10540,9,2,1,40,train,test
10541,9,2,1,41,train,test
10542,9,2,1,42,train,test
10543,9,2,1,43,train,test
10544,9,2,1,44,train,test
10545,9,2,1,45,train,test
10546,9,2,1,46,train,test
10547,9,2,1,47,train,test
10548,9,2,1,48,train,test
10549,9,2,1,49,train,test
10550,9,2,1,50,train,test
10551,9,2,2,1,train,test
10552,9,2,2,2,train,test
10553,9,2,2,3,train,test
10554,9,2,2,4,train,test
10555,9,2,2,5,train,test
10556,9,2,2,6,train,test
10557,9,2,2,7,train,test
10558,9,2,2,8,train,test
10559,9,2,2,9,train,test
10560,9,2,2,10,train,test
10561,9,2,2,11,train,test
10562,9,2,2,12,train,test
10563,9,2,2,13,train,test
10564,9,2,2,14,train,test
10565,9,2,2,15,train,test
10566,9,2,2,16,train,test
10567,9,2,2,17,train,test
10568,9,2,2,18,train,test
10569,9,2,2,19,train,test
10570,9,2,2,20,train,test
10571,9,2,2,21,train,test
10572,9,2,2,22,train,test
10573,9,2,2,23,train,test
10574,9,2,2,24,train,test
10575,9,2,2,25,train,test
10576,9,2,2,26,train,test
10577,9,2,2,27,train,test
10578,9,2,2,28,train,test
10579,9,2,2,29,train,test
10580,9,2,2,30,train,test
10581,9,2,2,31,train,test
10582,9,2,2,32,train,test
10583,9,2,2,33,train,test
10584,9,2,2,34,train,test
10585,9,2,2,35,train,test
10586,9,2,2,36,train,test
10587,9,2,2,37,train,test
10588,9,2,2,38,train,test
10589,9,2,2,39,train,test
10590,9,2,2,40,train,test
10591,9,2,2,41,train,test
10592,9,2,2,42,train,test
10593,9,2,2,43,train,test
10594,9,2,2,44,train,test
10595,9,2,2,45,train,test
10596,9,2,2,46,train,test
10597,9,2,2,47,train,test
10598,9,2,2,48,train,test
10599,9,2,2,49,train,test
10600,9,2,2,50,train,test
10601,9,2,3,1,train,test
10602,9,2,3,2,train,test
10603,9,2,3,3,train,test
10604,9,2,3,4,train,test
10605,9,2,3,5,train,test
10606,9,2,3,6,train,test
10607,9,2,3,7,train,test
10608,9,2,3,8,train,test
10609,9,2,3,9,train,test
10610,9,2,3,10,train,test
10611,9,2,3,11,train,test
10612,9,2,3,12,train,test
10613,9,2,3,13,train,test
10614,9,2,3,14,train,test
10615,9,2,3,15,train,test
10616,9,2,3,16,train,test
10617,9,2,3,17,train,test
10618,9,2,3,18,train,test
10619,9,2,3,19,train,test
10620,9,2,3,20,train,test
10621,9,2,3,21,train,test
10622,9,2,3,22,train,test
10623,9,2,3,23,train,test
10624,9,2,3,24,train,test
10625,9,2,3,25,train,test
10626,9,2,3,26,train,test
10627,9,2,3,27,train,test
10628,9,2,3,28,train,test
10629,9,2,3,29,train,test
10630,9,2,3,30,train,test
10631,9,2,3,31,train,test
10632,9,2,3,32,train,test
10633,9,2,3,33,train,test
10634,9,2,3,34,train,test
10635,9,2,3,35,train,test
10636,9,2,3,36,train,test
10637,9,2,3,37,train,test
10638,9,2,3,38,train,test
10639,9,2,3,39,train,test
10640,9,2,3,40,train,test
10641,9,2,3,41,train,test
10642,9,2,3,42,train,test
10643,9,2,3,43,train,test
10644,9,2,3,44,train,test
10645,9,2,3,45,train,test
10646,9,2,3,46,train,test
10647,9,2,3,47,train,test
10648,9,2,3,48,train,test
10649,9,2,3,49,train,test
10650,9,2,3,50,train,test
10651,9,2,4,1,val,test
10652,9,2,4,2,val,test
10653,9,2,4,3,val,test
10654,9,2,4,4,val,test
10655,9,2,4,5,val,test
10656,9,2,4,6,val,test
10657,9,2,4,7,val,test
10658,9,2,4,8,val,test
10659,9,2,4,9,val,test
10660,9,2,4,10,val,test
10661,9,2,4,11,val,test
10662,9,2,4,12,val,test
10663,9,2,4,13,val,test
10664,9,2,4,14,val,test
10665,9,2,4,15,val,test
10666,9,2,4,16,val,test
10667,9,2,4,17,val,test
10668,9,2,4,18,val,test
10669,9,2,4,19,val,test
10670,9,2,4,20,val,test
10671,9,2,4,21,val,test
10672,9,2,4,22,val,test
10673,9,2,4,23,val,test
10674,9,2,4,24,val,test
10675,9,2,4,25,val,test
10676,9,2,4,26,val,test
10677,9,2,4,27,val,test
10678,9,2,4,28,val,test
10679,9,2,4,29,val,test
10680,9,2,4,30,val,test
10681,9,2,4,31,val,test
10682,9,2,4,32,val,test
10683,9,2,4,33,val,test
10684,9,2,4,34,val,test
10685,9,2,4,35,val,test
10686,9,2,4,36,val,test
10687,9,2,4,37,val,test
10688,9,2,4,38,val,test
10689,9,2,4,39,val,test
10690,9,2,4,40,val,test
10691,9,2,4,41,val,test
10692,9,2,4,42,val,test
10693,9,2,4,43,val,test
10694,9,2,4,44,val,test
10695,9,2,4,45,val,test
10696,9,2,4,46,val,test
10697,9,2,4,47,val,test
10698,9,2,4,48,val,test
10699,9,2,4,49,val,test
10700,9,2,4,50,val,test
10701,9,2,5,1,test,test
10702,9,2,5,2,test,test
10703,9,2,5,3,test,test
10704,9,2,5,4,test,test
10705,9,2,5,5,test,test
10706,9,2,5,6,test,test
10707,9,2,5,7,test,test
10708,9,2,5,8,test,test
10709,9,2,5,9,test,test
10710,9,2,5,10,test,test
10711,9,2,5,11,test,test
10712,9,2,5,12,test,test
10713,9,2,5,13,test,test
10714,9,2,5,14,test,test
10715,9,2,5,15,test,test
10716,9,2,5,16,test,test
10717,9,2,5,17,test,test
10718,9,2,5,18,test,test
10719,9,2,5,19,test,test
10720,9,2,5,20,test,test
10721,9,2,5,21,test,test
10722,9,2,5,22,test,test
10723,9,2,5,23,test,test
10724,9,2,5,24,test,test
10725,9,2,5,25,test,test
10726,9,2,5,26,test,test
10727,9,2,5,27,test,test
10728,9,2,5,28,test,test
10729,9,2,5,29,test,test
10730,9,2,5,30,test,test
10731,9,2,5,31,test,test
10732,9,2,5,32,test,test
10733,9,2,5,33,test,test
10734,9,2,5,34,test,test
10735,9,2,5,35,test,test
10736,9,2,5,36,test,test
10737,9,2,5,37,test,test
10738,9,2,5,38,test,test
10739,9,2,5,39,test,test
10740,9,2,5,40,test,test
10741,9,2,5,41,test,test
10742,9,2,5,42,test,test
10743,9,2,5,43,test,test
10744,9,2,5,44,test,test
10745,9,2,5,45,test,test
10746,9,2,5,46,test,test
10747,9,2,5,47,test,test
10748,9,2,5,48,test,test
10749,9,2,5,49,test,test
10750,9,2,5,50,test,test
10751,9,3,1,1,train,test
10752,9,3,1,2,train,test
10753,9,3,1,3,train,test
10754,9,3,1,4,train,test
10755,9,3,1,5,train,test
10756,9,3,1,6,train,test
10757,9,3,1,7,train,test
10758,9,3,1,8,train,test
10759,9,3,1,9,train,test
10760,9,3,1,10,train,test
10761,9,3,1,11,train,test
10762,9,3,1,12,train,test
10763,9,3,1,13,train,test
10764,9,3,1,14,train,test
10765,9,3,1,15,train,test
10766,9,3,1,16,train,test
10767,9,3,1,17,train,test
10768,9,3,1,18,train,test
10769,9,3,1,19,train,test
10770,9,3,1,20,train,test
10771,9,3,1,21,train,test
10772,9,3,1,22,train,test
10773,9,3,1,23,train,test
10774,9,3,1,24,train,test
10775,9,3,1,25,train,test
10776,9,3,1,26,train,test
10777,9,3,1,27,train,test
10778,9,3,1,28,train,test
10779,9,3,1,29,train,test
10780,9,3,1,30,train,test
10781,9,3,1,31,train,test
10782,9,3,1,32,train,test
10783,9,3,1,33,train,test
10784,9,3,1,34,train,test
10785,9,3,1,35,train,test
10786,9,3,1,36,train,test
10787,9,3,1,37,train,test
10788,9,3,1,38,train,test
10789,9,3,1,39,train,test
10790,9,3,1,40,train,test
10791,9,3,1,41,train,test
10792,9,3,1,42,train,test
10793,9,3,1,43,train,test
10794,9,3,1,44,train,test
10795,9,3,1,45,train,test
10796,9,3,1,46,train,test
10797,9,3,1,47,train,test
10798,9,3,1,48,train,test
10799,9,3,1,49,train,test
10800,9,3,1,50,train,test
10801,9,3,2,1,train,test
10802,9,3,2,2,train,test
10803,9,3,2,3,train,test
10804,9,3,2,4,train,test
10805,9,3,2,5,train,test
10806,9,3,2,6,train,test
10807,9,3,2,7,train,test
10808,9,3,2,8,train,test
10809,9,3,2,9,train,test
10810,9,3,2,10,train,test
10811,9,3,2,11,train,test
10812,9,3,2,12,train,test
10813,9,3,2,13,train,test
10814,9,3,2,14,train,test
10815,9,3,2,15,train,test
10816,9,3,2,16,train,test
10817,9,3,2,17,train,test
10818,9,3,2,18,train,test
10819,9,3,2,19,train,test
10820,9,3,2,20,train,test
10821,9,3,2,21,train,test
10822,9,3,2,22,train,test
10823,9,3,2,23,train,test
10824,9,3,2,24,train,test
10825,9,3,2,25,train,test
10826,9,3,2,26,train,test
10827,9,3,2,27,train,test
10828,9,3,2,28,train,test
10829,9,3,2,29,train,test
10830,9,3,2,30,train,test
10831,9,3,2,31,train,test
10832,9,3,2,32,train,test
10833,9,3,2,33,train,test
10834,9,3,2,34,train,test
10835,9,3,2,35,train,test
10836,9,3,2,36,train,test
10837,9,3,2,37,train,test
10838,9,3,2,38,train,test
10839,9,3,2,39,train,test
10840,9,3,2,40,train,test
10841,9,3,2,41,train,test
10842,9,3,2,42,train,test
10843,9,3,2,43,train,test
10844,9,3,2,44,train,test
10845,9,3,2,45,train,test
10846,9,3,2,46,train,test
10847,9,3,2,47,train,test
10848,9,3,2,48,train,test
10849,9,3,2,49,train,test
10850,9,3,2,50,train,test
10851,9,3,3,1,train,test
10852,9,3,3,2,train,test
10853,9,3,3,3,train,test
10854,9,3,3,4,train,test
10855,9,3,3,5,train,test
10856,9,3,3,6,train,test
10857,9,3,3,7,train,test
10858,9,3,3,8,train,test
10859,9,3,3,9,train,test
10860,9,3,3,10,train,test
10861,9,3,3,11,train,test
10862,9,3,3,12,train,test
10863,9,3,3,13,train,test
10864,9,3,3,14,train,test
10865,9,3,3,15,train,test
10866,9,3,3,16,train,test
10867,9,3,3,17,train,test
10868,9,3,3,18,train,test
10869,9,3,3,19,train,test
10870,9,3,3,20,train,test
10871,9,3,3,21,train,test
10872,9,3,3,22,train,test
10873,9,3,3,23,train,test
10874,9,3,3,24,train,test
10875,9,3,3,25,train,test
10876,9,3,3,26,train,test
10877,9,3,3,27,train,test
10878,9,3,3,28,train,test
10879,9,3,3,29,train,test
10880,9,3,3,30,train,test
10881,9,3,3,31,train,test
10882,9,3,3,32,train,test
10883,9,3,3,33,train,test
10884,9,3,3,34,train,test
10885,9,3,3,35,train,test
10886,9,3,3,36,train,test
10887,9,3,3,37,train,test
10888,9,3,3,38,train,test
10889,9,3,3,39,train,test
10890,9,3,3,40,train,test
10891,9,3,3,41,train,test
10892,9,3,3,42,train,test
10893,9,3,3,43,train,test
10894,9,3,3,44,train,test
10895,9,3,3,45,train,test
10896,9,3,3,46,train,test
10897,9,3,3,47,train,test
10898,9,3,3,48,train,test
10899,9,3,3,49,train,test
10900,9,3,3,50,train,test
10901,9,3,4,1,val,test
10902,9,3,4,2,val,test
10903,9,3,4,3,val,test
10904,9,3,4,4,val,test
10905,9,3,4,5,val,test
10906,9,3,4,6,val,test
10907,9,3,4,7,val,test
10908,9,3,4,8,val,test
10909,9,3,4,9,val,test
10910,9,3,4,10,val,test
10911,9,3,4,11,val,test
10912,9,3,4,12,val,test
10913,9,3,4,13,val,test
10914,9,3,4,14,val,test
10915,9,3,4,15,val,test
10916,9,3,4,16,val,test
10917,9,3,4,17,val,test
10918,9,3,4,18,val,test
10919,9,3,4,19,val,test
10920,9,3,4,20,val,test
10921,9,3,4,21,val,test
10922,9,3,4,22,val,test
10923,9,3,4,23,val,test
10924,9,3,4,24,val,test
10925,9,3,4,25,val,test
10926,9,3,4,26,val,test
10927,9,3,4,27,val,test
10928,9,3,4,28,val,test
10929,9,3,4,29,val,test
10930,9,3,4,30,val,test
10931,9,3,4,31,val,test
10932,9,3,4,32,val,test
10933,9,3,4,33,val,test
10934,9,3,4,34,val,test
10935,9,3,4,35,val,test
10936,9,3,4,36,val,test
10937,9,3,4,37,val,test
10938,9,3,4,38,val,test
10939,9,3,4,39,val,test
10940,9,3,4,40,val,test
10941,9,3,4,41,val,test
10942,9,3,4,42,val,test
10943,9,3,4,43,val,test
10944,9,3,4,44,val,test
10945,9,3,4,45,val,test
10946,9,3,4,46,val,test
10947,9,3,4,47,val,test
10948,9,3,4,48,val,test
10949,9,3,4,49,val,test
10950,9,3,4,50,val,test
10951,9,3,5,1,test,test
10952,9,3,5,2,test,test
10953,9,3,5,3,test,test
10954,9,3,5,4,test,test
10955,9,3,5,5,test,test
10956,9,3,5,6,test,test
10957,9,3,5,7,test,test
10958,9,3,5,8,test,test
10959,9,3,5,9,test,test
10960,9,3,5,10,test,test
10961,9,3,5,11,test,test
10962,9,3,5,12,test,test
10963,9,3,5,13,test,test
10964,9,3,5,14,test,test
10965,9,3,5,15,test,test
10966,9,3,5,16,test,test
10967,9,3,5,17,test,test
10968,9,3,5,18,test,test
10969,9,3,5,19,test,test
10970,9,3,5,20,test,test
10971,9,3,5,21,test,test
10972,9,3,5,22,test,test
10973,9,3,5,23,test,test
10974,9,3,5,24,test,test
10975,9,3,5,25,test,test
10976,9,3,5,26,test,test
10977,9,3,5,27,test,test
10978,9,3,5,28,test,test
10979,9,3,5,29,test,test
10980,9,3,5,30,test,test
10981,9,3,5,31,test,test
10982,9,3,5,32,test,test
10983,9,3,5,33,test,test
10984,9,3,5,34,test,test
10985,9,3,5,35,test,test
10986,9,3,5,36,test,test
10987,9,3,5,37,test,test
10988,9,3,5,38,test,test
10989,9,3,5,39,test,test
10990,9,3,5,40,test,test
10991,9,3,5,41,test,test
10992,9,3,5,42,test,test
10993,9,3,5,43,test,test
10994,9,3,5,44,test,test
10995,9,3,5,45,test,test
10996,9,3,5,46,test,test
10997,9,3,5,47,test,test
10998,9,3,5,48,test,test
10999,9,3,5,49,test,test
11000,9,3,5,50,test,test
11001,9,4,1,1,train,test
11002,9,4,1,2,train,test
11003,9,4,1,3,train,test
11004,9,4,1,4,train,test
11005,9,4,1,5,train,test
11006,9,4,1,6,train,test
11007,9,4,1,7,train,test
11008,9,4,1,8,train,test
11009,9,4,1,9,train,test
11010,9,4,1,10,train,test
11011,9,4,1,11,train,test
11012,9,4,1,12,train,test
11013,9,4,1,13,train,test
11014,9,4,1,14,train,test
11015,9,4,1,15,train,test
11016,9,4,1,16,train,test
11017,9,4,1,17,train,test
11018,9,4,1,18,train,test
11019,9,4,1,19,train,test
11020,9,4,1,20,train,test
11021,9,4,1,21,train,test
11022,9,4,1,22,train,test
11023,9,4,1,23,train,test
11024,9,4,1,24,train,test
11025,9,4,1,25,train,test
11026,9,4,1,26,train,test
11027,9,4,1,27,train,test
11028,9,4,1,28,train,test
11029,9,4,1,29,train,test
11030,9,4,1,30,train,test
11031,9,4,1,31,train,test
11032,9,4,1,32,train,test
11033,9,4,1,33,train,test
11034,9,4,1,34,train,test
11035,9,4,1,35,train,test
11036,9,4,1,36,train,test
11037,9,4,1,37,train,test
11038,9,4,1,38,train,test
11039,9,4,1,39,train,test
11040,9,4,1,40,train,test
11041,9,4,1,41,train,test
11042,9,4,1,42,train,test
11043,9,4,1,43,train,test
11044,9,4,1,44,train,test
11045,9,4,1,45,train,test
11046,9,4,1,46,train,test
11047,9,4,1,47,train,test
11048,9,4,1,48,train,test
11049,9,4,1,49,train,test
11050,9,4,1,50,train,test
11051,9,4,2,1,train,test
11052,9,4,2,2,train,test
11053,9,4,2,3,train,test
11054,9,4,2,4,train,test
11055,9,4,2,5,train,test
11056,9,4,2,6,train,test
11057,9,4,2,7,train,test
11058,9,4,2,8,train,test
11059,9,4,2,9,train,test
11060,9,4,2,10,train,test
11061,9,4,2,11,train,test
11062,9,4,2,12,train,test
11063,9,4,2,13,train,test
11064,9,4,2,14,train,test
11065,9,4,2,15,train,test
11066,9,4,2,16,train,test
11067,9,4,2,17,train,test
11068,9,4,2,18,train,test
11069,9,4,2,19,train,test
11070,9,4,2,20,train,test
11071,9,4,2,21,train,test
11072,9,4,2,22,train,test
11073,9,4,2,23,train,test
11074,9,4,2,24,train,test
11075,9,4,2,25,train,test
11076,9,4,2,26,train,test
11077,9,4,2,27,train,test
11078,9,4,2,28,train,test
11079,9,4,2,29,train,test
11080,9,4,2,30,train,test
11081,9,4,2,31,train,test
11082,9,4,2,32,train,test
11083,9,4,2,33,train,test
11084,9,4,2,34,train,test
11085,9,4,2,35,train,test
11086,9,4,2,36,train,test
11087,9,4,2,37,train,test
11088,9,4,2,38,train,test
11089,9,4,2,39,train,test
11090,9,4,2,40,train,test
11091,9,4,2,41,train,test
11092,9,4,2,42,train,test
11093,9,4,2,43,train,test
11094,9,4,2,44,train,test
11095,9,4,2,45,train,test
11096,9,4,2,46,train,test
11097,9,4,2,47,train,test
11098,9,4,2,48,train,test
11099,9,4,2,49,train,test
11100,9,4,2,50,train,test
11101,9,4,3,1,train,test
11102,9,4,3,2,train,test
11103,9,4,3,3,train,test
11104,9,4,3,4,train,test
11105,9,4,3,5,train,test
11106,9,4,3,6,train,test
11107,9,4,3,7,train,test
11108,9,4,3,8,train,test
11109,9,4,3,9,train,test
11110,9,4,3,10,train,test
11111,9,4,3,11,train,test
11112,9,4,3,12,train,test
11113,9,4,3,13,train,test
11114,9,4,3,14,train,test
11115,9,4,3,15,train,test
11116,9,4,3,16,train,test
11117,9,4,3,17,train,test
11118,9,4,3,18,train,test
11119,9,4,3,19,train,test
11120,9,4,3,20,train,test
11121,9,4,3,21,train,test
11122,9,4,3,22,train,test
11123,9,4,3,23,train,test
11124,9,4,3,24,train,test
11125,9,4,3,25,train,test
11126,9,4,3,26,train,test
11127,9,4,3,27,train,test
11128,9,4,3,28,train,test
11129,9,4,3,29,train,test
11130,9,4,3,30,train,test
11131,9,4,3,31,train,test
11132,9,4,3,32,train,test
11133,9,4,3,33,train,test
11134,9,4,3,34,train,test
11135,9,4,3,35,train,test
11136,9,4,3,36,train,test
11137,9,4,3,37,train,test
11138,9,4,3,38,train,test
11139,9,4,3,39,train,test
11140,9,4,3,40,train,test
11141,9,4,3,41,train,test
11142,9,4,3,42,train,test
11143,9,4,3,43,train,test
11144,9,4,3,44,train,test
11145,9,4,3,45,train,test
11146,9,4,3,46,train,test
11147,9,4,3,47,train,test
11148,9,4,3,48,train,test
11149,9,4,3,49,train,test
11150,9,4,3,50,train,test
11151,9,4,4,1,val,test
11152,9,4,4,2,val,test
11153,9,4,4,3,val,test
11154,9,4,4,4,val,test
11155,9,4,4,5,val,test
11156,9,4,4,6,val,test
11157,9,4,4,7,val,test
11158,9,4,4,8,val,test
11159,9,4,4,9,val,test
11160,9,4,4,10,val,test
11161,9,4,4,11,val,test
11162,9,4,4,12,val,test
11163,9,4,4,13,val,test
11164,9,4,4,14,val,test
11165,9,4,4,15,val,test
11166,9,4,4,16,val,test
11167,9,4,4,17,val,test
11168,9,4,4,18,val,test
11169,9,4,4,19,val,test
11170,9,4,4,20,val,test
11171,9,4,4,21,val,test
11172,9,4,4,22,val,test
11173,9,4,4,23,val,test
11174,9,4,4,24,val,test
11175,9,4,4,25,val,test
11176,9,4,4,26,val,test
11177,9,4,4,27,val,test
11178,9,4,4,28,val,test
11179,9,4,4,29,val,test
11180,9,4,4,30,val,test
11181,9,4,4,31,val,test
11182,9,4,4,32,val,test
11183,9,4,4,33,val,test
11184,9,4,4,34,val,test
11185,9,4,4,35,val,test
11186,9,4,4,36,val,test
11187,9,4,4,37,val,test
11188,9,4,4,38,val,test
11189,9,4,4,39,val,test
11190,9,4,4,40,val,test
11191,9,4,4,41,val,test
11192,9,4,4,42,val,test
11193,9,4,4,43,val,test
11194,9,4,4,44,val,test
11195,9,4,4,45,val,test
11196,9,4,4,46,val,test
11197,9,4,4,47,val,test
11198,9,4,4,48,val,test
11199,9,4,4,49,val,test
11200,9,4,4,50,val,test
11201,9,4,5,1,test,test
11202,9,4,5,2,test,test
11203,9,4,5,3,test,test
11204,9,4,5,4,test,test
11205,9,4,5,5,test,test
11206,9,4,5,6,test,test
11207,9,4,5,7,test,test
11208,9,4,5,8,test,test
11209,9,4,5,9,test,test
11210,9,4,5,10,test,test
11211,9,4,5,11,test,test
11212,9,4,5,12,test,test
11213,9,4,5,13,test,test
11214,9,4,5,14,test,test
11215,9,4,5,15,test,test
11216,9,4,5,16,test,test
11217,9,4,5,17,test,test
11218,9,4,5,18,test,test
11219,9,4,5,19,test,test
11220,9,4,5,20,test,test
11221,9,4,5,21,test,test
11222,9,4,5,22,test,test
11223,9,4,5,23,test,test
11224,9,4,5,24,test,test
11225,9,4,5,25,test,test
11226,9,4,5,26,test,test
11227,9,4,5,27,test,test
11228,9,4,5,28,test,test
11229,9,4,5,29,test,test
11230,9,4,5,30,test,test
11231,9,4,5,31,test,test
11232,9,4,5,32,test,test
11233,9,4,5,33,test,test
11234,9,4,5,34,test,test
11235,9,4,5,35,test,test
11236,9,4,5,36,test,test
11237,9,4,5,37,test,test
11238,9,4,5,38,test,test
11239,9,4,5,39,test,test
11240,9,4,5,40,test,test
11241,9,4,5,41,test,test
11242,9,4,5,42,test,test
11243,9,4,5,43,test,test
11244,9,4,5,44,test,test
11245,9,4,5,45,test,test
11246,9,4,5,46,test,test
11247,9,4,5,47,test,test
11248,9,4,5,48,test,test
11249,9,4,5,49,test,test
11250,9,4,5,50,test,test
11251,10,0,1,1,train,train
11252,10,0,1,2,train,train
11253,10,0,1,3,train,train
11254,10,0,1,4,train,train
11255,10,0,1,5,train,train
11256,10,0,1,6,train,train
11257,10,0,1,7,train,train
11258,10,0,1,8,train,train
11259,10,0,1,9,train,train
11260,10,0,1,10,train,train
11261,10,0,1,11,train,train
11262,10,0,1,12,train,train
11263,10,0,1,13,train,train
11264,10,0,1,14,train,train
11265,10,0,1,15,train,train
11266,10,0,1,16,train,train
11267,10,0,1,17,train,train
11268,10,0,1,18,train,train
11269,10,0,1,19,train,train
11270,10,0,1,20,train,train
11271,10,0,1,21,train,train
11272,10,0,1,22,train,train
11273,10,0,1,23,train,train
11274,10,0,1,24,train,train
11275,10,0,1,25,train,train
11276,10,0,1,26,train,train
11277,10,0,1,27,train,train
11278,10,0,1,28,train,train
11279,10,0,1,29,train,train
11280,10,0,1,30,train,train
11281,10,0,1,31,train,train
11282,10,0,1,32,train,train
11283,10,0,1,33,train,train
11284,10,0,1,34,train,train
11285,10,0,1,35,train,train
11286,10,0,1,36,train,train
11287,10,0,1,37,train,train
11288,10,0,1,38,train,train
11289,10,0,1,39,train,train
11290,10,0,1,40,train,train
11291,10,0,1,41,train,train
11292,10,0,1,42,train,train
11293,10,0,1,43,train,train
11294,10,0,1,44,train,train
11295,10,0,1,45,train,train
11296,10,0,1,46,train,train
11297,10,0,1,47,train,train
11298,10,0,1,48,train,train
11299,10,0,1,49,train,train
11300,10,0,1,50,train,train
11301,10,0,2,1,train,train
11302,10,0,2,2,train,train
11303,10,0,2,3,train,train
11304,10,0,2,4,train,train
11305,10,0,2,5,train,train
11306,10,0,2,6,train,train
11307,10,0,2,7,train,train
11308,10,0,2,8,train,train
11309,10,0,2,9,train,train
11310,10,0,2,10,train,train
11311,10,0,2,11,train,train
11312,10,0,2,12,train,train
11313,10,0,2,13,train,train
11314,10,0,2,14,train,train
11315,10,0,2,15,train,train
11316,10,0,2,16,train,train
11317,10,0,2,17,train,train
11318,10,0,2,18,train,train
11319,10,0,2,19,train,train
11320,10,0,2,20,train,train
11321,10,0,2,21,train,train
11322,10,0,2,22,train,train
11323,10,0,2,23,train,train
11324,10,0,2,24,train,train
11325,10,0,2,25,train,train
11326,10,0,2,26,train,train
11327,10,0,2,27,train,train
11328,10,0,2,28,train,train
11329,10,0,2,29,train,train
11330,10,0,2,30,train,train
11331,10,0,2,31,train,train
11332,10,0,2,32,train,train
11333,10,0,2,33,train,train
11334,10,0,2,34,train,train
11335,10,0,2,35,train,train
11336,10,0,2,36,train,train
11337,10,0,2,37,train,train
11338,10,0,2,38,train,train
11339,10,0,2,39,train,train
11340,10,0,2,40,train,train
11341,10,0,2,41,train,train
11342,10,0,2,42,train,train
11343,10,0,2,43,train,train
11344,10,0,2,44,train,train
11345,10,0,2,45,train,train
11346,10,0,2,46,train,train
11347,10,0,2,47,train,train
11348,10,0,2,48,train,train
11349,10,0,2,49,train,train
11350,10,0,2,50,train,train
11351,10,0,3,1,train,train
11352,10,0,3,2,train,train
11353,10,0,3,3,train,train
11354,10,0,3,4,train,train
11355,10,0,3,5,train,train
11356,10,0,3,6,train,train
11357,10,0,3,7,train,train
11358,10,0,3,8,train,train
11359,10,0,3,9,train,train
11360,10,0,3,10,train,train
11361,10,0,3,11,train,train
11362,10,0,3,12,train,train
11363,10,0,3,13,train,train
11364,10,0,3,14,train,train
11365,10,0,3,15,train,train
11366,10,0,3,16,train,train
11367,10,0,3,17,train,train
11368,10,0,3,18,train,train
11369,10,0,3,19,train,train
11370,10,0,3,20,train,train
11371,10,0,3,21,train,train
11372,10,0,3,22,train,train
11373,10,0,3,23,train,train
11374,10,0,3,24,train,train
11375,10,0,3,25,train,train
11376,10,0,3,26,train,train
11377,10,0,3,27,train,train
11378,10,0,3,28,train,train
11379,10,0,3,29,train,train
11380,10,0,3,30,train,train
11381,10,0,3,31,train,train
11382,10,0,3,32,train,train
11383,10,0,3,33,train,train
11384,10,0,3,34,train,train
11385,10,0,3,35,train,train
11386,10,0,3,36,train,train
11387,10,0,3,37,train,train
11388,10,0,3,38,train,train
11389,10,0,3,39,train,train
11390,10,0,3,40,train,train
11391,10,0,3,41,train,train
11392,10,0,3,42,train,train
11393,10,0,3,43,train,train
11394,10,0,3,44,train,train
11395,10,0,3,45,train,train
11396,10,0,3,46,train,train
11397,10,0,3,47,train,train
11398,10,0,3,48,train,train
11399,10,0,3,49,train,train
11400,10,0,3,50,train,train
11401,10,0,4,1,val,train
11402,10,0,4,2,val,train
11403,10,0,4,3,val,train
11404,10,0,4,4,val,train
11405,10,0,4,5,val,train
11406,10,0,4,6,val,train
11407,10,0,4,7,val,train
11408,10,0,4,8,val,train
11409,10,0,4,9,val,train
11410,10,0,4,10,val,train
11411,10,0,4,11,val,train
11412,10,0,4,12,val,train
11413,10,0,4,13,val,train
11414,10,0,4,14,val,train
11415,10,0,4,15,val,train
11416,10,0,4,16,val,train
11417,10,0,4,17,val,train
11418,10,0,4,18,val,train
11419,10,0,4,19,val,train
11420,10,0,4,20,val,train
11421,10,0,4,21,val,train
11422,10,0,4,22,val,train
11423,10,0,4,23,val,train
11424,10,0,4,24,val,train
11425,10,0,4,25,val,train
11426,10,0,4,26,val,train
11427,10,0,4,27,val,train
11428,10,0,4,28,val,train
11429,10,0,4,29,val,train
11430,10,0,4,30,val,train
11431,10,0,4,31,val,train
11432,10,0,4,32,val,train
11433,10,0,4,33,val,train
11434,10,0,4,34,val,train
11435,10,0,4,35,val,train
11436,10,0,4,36,val,train
11437,10,0,4,37,val,train
11438,10,0,4,38,val,train
11439,10,0,4,39,val,train
11440,10,0,4,40,val,train
11441,10,0,4,41,val,train
11442,10,0,4,42,val,train
11443,10,0,4,43,val,train
11444,10,0,4,44,val,train
11445,10,0,4,45,val,train
11446,10,0,4,46,val,train
11447,10,0,4,47,val,train
11448,10,0,4,48,val,train
11449,10,0,4,49,val,train
11450,10,0,4,50,val,train
11451,10,0,5,1,test,train
11452,10,0,5,2,test,train
11453,10,0,5,3,test,train
11454,10,0,5,4,test,train
11455,10,0,5,5,test,train
11456,10,0,5,6,test,train
11457,10,0,5,7,test,train
11458,10,0,5,8,test,train
11459,10,0,5,9,test,train
11460,10,0,5,10,test,train
11461,10,0,5,11,test,train
11462,10,0,5,12,test,train
11463,10,0,5,13,test,train
11464,10,0,5,14,test,train
11465,10,0,5,15,test,train
11466,10,0,5,16,test,train
11467,10,0,5,17,test,train
11468,10,0,5,18,test,train
11469,10,0,5,19,test,train
11470,10,0,5,20,test,train
11471,10,0,5,21,test,train
11472,10,0,5,22,test,train
11473,10,0,5,23,test,train
11474,10,0,5,24,test,train
11475,10,0,5,25,test,train
11476,10,0,5,26,test,train
11477,10,0,5,27,test,train
11478,10,0,5,28,test,train
11479,10,0,5,29,test,train
11480,10,0,5,30,test,train
11481,10,0,5,31,test,train
11482,10,0,5,32,test,train
11483,10,0,5,33,test,train
11484,10,0,5,34,test,train
11485,10,0,5,35,test,train
11486,10,0,5,36,test,train
11487,10,0,5,37,test,train
11488,10,0,5,38,test,train
11489,10,0,5,39,test,train
11490,10,0,5,40,test,train
11491,10,0,5,41,test,train
11492,10,0,5,42,test,train
11493,10,0,5,43,test,train
11494,10,0,5,44,test,train
11495,10,0,5,45,test,train
11496,10,0,5,46,test,train
11497,10,0,5,47,test,train
11498,10,0,5,48,test,train
11499,10,0,5,49,test,train
11500,10,0,5,50,test,train
11501,10,1,1,1,train,train
11502,10,1,1,2,train,train
11503,10,1,1,3,train,train
11504,10,1,1,4,train,train
11505,10,1,1,5,train,train
11506,10,1,1,6,train,train
11507,10,1,1,7,train,train
11508,10,1,1,8,train,train
11509,10,1,1,9,train,train
11510,10,1,1,10,train,train
11511,10,1,1,11,train,train
11512,10,1,1,12,train,train
11513,10,1,1,13,train,train
11514,10,1,1,14,train,train
11515,10,1,1,15,train,train
11516,10,1,1,16,train,train
11517,10,1,1,17,train,train
11518,10,1,1,18,train,train
11519,10,1,1,19,train,train
11520,10,1,1,20,train,train
11521,10,1,1,21,train,train
11522,10,1,1,22,train,train
11523,10,1,1,23,train,train
11524,10,1,1,24,train,train
11525,10,1,1,25,train,train
11526,10,1,1,26,train,train
11527,10,1,1,27,train,train
11528,10,1,1,28,train,train
11529,10,1,1,29,train,train
11530,10,1,1,30,train,train
11531,10,1,1,31,train,train
11532,10,1,1,32,train,train
11533,10,1,1,33,train,train
11534,10,1,1,34,train,train
11535,10,1,1,35,train,train
11536,10,1,1,36,train,train
11537,10,1,1,37,train,train
11538,10,1,1,38,train,train
11539,10,1,1,39,train,train
11540,10,1,1,40,train,train
11541,10,1,1,41,train,train
11542,10,1,1,42,train,train
11543,10,1,1,43,train,train
11544,10,1,1,44,train,train
11545,10,1,1,45,train,train
11546,10,1,1,46,train,train
11547,10,1,1,47,train,train
11548,10,1,1,48,train,train
11549,10,1,1,49,train,train
11550,10,1,1,50,train,train
11551,10,1,2,1,train,train
11552,10,1,2,2,train,train
11553,10,1,2,3,train,train
11554,10,1,2,4,train,train
11555,10,1,2,5,train,train
11556,10,1,2,6,train,train
11557,10,1,2,7,train,train
11558,10,1,2,8,train,train
11559,10,1,2,9,train,train
11560,10,1,2,10,train,train
11561,10,1,2,11,train,train
11562,10,1,2,12,train,train
11563,10,1,2,13,train,train
11564,10,1,2,14,train,train
11565,10,1,2,15,train,train
11566,10,1,2,16,train,train
11567,10,1,2,17,train,train
11568,10,1,2,18,train,train
11569,10,1,2,19,train,train
11570,10,1,2,20,train,train
11571,10,1,2,21,train,train
11572,10,1,2,22,train,train
11573,10,1,2,23,train,train
11574,10,1,2,24,train,train
11575,10,1,2,25,train,train
11576,10,1,2,26,train,train
11577,10,1,2,27,train,train
11578,10,1,2,28,train,train
11579,10,1,2,29,train,train
11580,10,1,2,30,train,train
11581,10,1,2,31,train,train
11582,10,1,2,32,train,train
11583,10,1,2,33,train,train
11584,10,1,2,34,train,train
11585,10,1,2,35,train,train
11586,10,1,2,36,train,train
11587,10,1,2,37,train,train
11588,10,1,2,38,train,train
11589,10,1,2,39,train,train
11590,10,1,2,40,train,train
11591,10,1,2,41,train,train
11592,10,1,2,42,train,train
11593,10,1,2,43,train,train
11594,10,1,2,44,train,train
11595,10,1,2,45,train,train
11596,10,1,2,46,train,train
11597,10,1,2,47,train,train
11598,10,1,2,48,train,train
11599,10,1,2,49,train,train
11600,10,1,2,50,train,train
11601,10,1,3,1,train,train
11602,10,1,3,2,train,train
11603,10,1,3,3,train,train
11604,10,1,3,4,train,train
11605,10,1,3,5,train,train
11606,10,1,3,6,train,train
11607,10,1,3,7,train,train
11608,10,1,3,8,train,train
11609,10,1,3,9,train,train
11610,10,1,3,10,train,train
11611,10,1,3,11,train,train
11612,10,1,3,12,train,train
11613,10,1,3,13,train,train
11614,10,1,3,14,train,train
11615,10,1,3,15,train,train
11616,10,1,3,16,train,train
11617,10,1,3,17,train,train
11618,10,1,3,18,train,train
11619,10,1,3,19,train,train
11620,10,1,3,20,train,train
11621,10,1,3,21,train,train
11622,10,1,3,22,train,train
11623,10,1,3,23,train,train
11624,10,1,3,24,train,train
11625,10,1,3,25,train,train
11626,10,1,3,26,train,train
11627,10,1,3,27,train,train
11628,10,1,3,28,train,train
11629,10,1,3,29,train,train
11630,10,1,3,30,train,train
11631,10,1,3,31,train,train
11632,10,1,3,32,train,train
11633,10,1,3,33,train,train
11634,10,1,3,34,train,train
11635,10,1,3,35,train,train
11636,10,1,3,36,train,train
11637,10,1,3,37,train,train
11638,10,1,3,38,train,train
11639,10,1,3,39,train,train
11640,10,1,3,40,train,train
11641,10,1,3,41,train,train
11642,10,1,3,42,train,train
11643,10,1,3,43,train,train
11644,10,1,3,44,train,train
11645,10,1,3,45,train,train
11646,10,1,3,46,train,train
11647,10,1,3,47,train,train
11648,10,1,3,48,train,train
11649,10,1,3,49,train,train
11650,10,1,3,50,train,train
11651,10,1,4,1,val,train
11652,10,1,4,2,val,train
11653,10,1,4,3,val,train
11654,10,1,4,4,val,train
11655,10,1,4,5,val,train
11656,10,1,4,6,val,train
11657,10,1,4,7,val,train
11658,10,1,4,8,val,train
11659,10,1,4,9,val,train
11660,10,1,4,10,val,train
11661,10,1,4,11,val,train
11662,10,1,4,12,val,train
11663,10,1,4,13,val,train
11664,10,1,4,14,val,train
11665,10,1,4,15,val,train
11666,10,1,4,16,val,train
11667,10,1,4,17,val,train
11668,10,1,4,18,val,train
11669,10,1,4,19,val,train
11670,10,1,4,20,val,train
11671,10,1,4,21,val,train
11672,10,1,4,22,val,train
11673,10,1,4,23,val,train
11674,10,1,4,24,val,train
11675,10,1,4,25,val,train
11676,10,1,4,26,val,train
11677,10,1,4,27,val,train
11678,10,1,4,28,val,train
11679,10,1,4,29,val,train
11680,10,1,4,30,val,train
11681,10,1,4,31,val,train
11682,10,1,4,32,val,train
11683,10,1,4,33,val,train
11684,10,1,4,34,val,train
11685,10,1,4,35,val,train
11686,10,1,4,36,val,train
11687,10,1,4,37,val,train
11688,10,1,4,38,val,train
11689,10,1,4,39,val,train
11690,10,1,4,40,val,train
11691,10,1,4,41,val,train
11692,10,1,4,42,val,train
11693,10,1,4,43,val,train
11694,10,1,4,44,val,train
11695,10,1,4,45,val,train
11696,10,1,4,46,val,train
11697,10,1,4,47,val,train
11698,10,1,4,48,val,train
11699,10,1,4,49,val,train
11700,10,1,4,50,val,train
11701,10,1,5,1,test,train
11702,10,1,5,2,test,train
11703,10,1,5,3,test,train
11704,10,1,5,4,test,train
11705,10,1,5,5,test,train
11706,10,1,5,6,test,train
11707,10,1,5,7,test,train
11708,10,1,5,8,test,train
11709,10,1,5,9,test,train
11710,10,1,5,10,test,train
11711,10,1,5,11,test,train
11712,10,1,5,12,test,train
11713,10,1,5,13,test,train
11714,10,1,5,14,test,train
11715,10,1,5,15,test,train
11716,10,1,5,16,test,train
11717,10,1,5,17,test,train
11718,10,1,5,18,test,train
11719,10,1,5,19,test,train
11720,10,1,5,20,test,train
11721,10,1,5,21,test,train
11722,10,1,5,22,test,train
11723,10,1,5,23,test,train
11724,10,1,5,24,test,train
11725,10,1,5,25,test,train
11726,10,1,5,26,test,train
11727,10,1,5,27,test,train
11728,10,1,5,28,test,train
11729,10,1,5,29,test,train
11730,10,1,5,30,test,train
11731,10,1,5,31,test,train
11732,10,1,5,32,test,train
11733,10,1,5,33,test,train
11734,10,1,5,34,test,train
11735,10,1,5,35,test,train
11736,10,1,5,36,test,train
11737,10,1,5,37,test,train
11738,10,1,5,38,test,train
11739,10,1,5,39,test,train
11740,10,1,5,40,test,train
11741,10,1,5,41,test,train
11742,10,1,5,42,test,train
11743,10,1,5,43,test,train
11744,10,1,5,44,test,train
11745,10,1,5,45,test,train
11746,10,1,5,46,test,train
11747,10,1,5,47,test,train
11748,10,1,5,48,test,train
11749,10,1,5,49,test,train
11750,10,1,5,50,test,train
11751,10,2,1,1,train,train
11752,10,2,1,2,train,train
11753,10,2,1,3,train,train
11754,10,2,1,4,train,train
11755,10,2,1,5,train,train
11756,10,2,1,6,train,train
11757,10,2,1,7,train,train
11758,10,2,1,8,train,train
11759,10,2,1,9,train,train
11760,10,2,1,10,train,train
11761,10,2,1,11,train,train
11762,10,2,1,12,train,train
11763,10,2,1,13,train,train
11764,10,2,1,14,train,train
11765,10,2,1,15,train,train
11766,10,2,1,16,train,train
11767,10,2,1,17,train,train
11768,10,2,1,18,train,train
11769,10,2,1,19,train,train
11770,10,2,1,20,train,train
11771,10,2,1,21,train,train
11772,10,2,1,22,train,train
11773,10,2,1,23,train,train
11774,10,2,1,24,train,train
11775,10,2,1,25,train,train
11776,10,2,1,26,train,train
11777,10,2,1,27,train,train
11778,10,2,1,28,train,train
11779,10,2,1,29,train,train
11780,10,2,1,30,train,train
11781,10,2,1,31,train,train
11782,10,2,1,32,train,train
11783,10,2,1,33,train,train
11784,10,2,1,34,train,train
11785,10,2,1,35,train,train
11786,10,2,1,36,train,train
11787,10,2,1,37,train,train
11788,10,2,1,38,train,train
11789,10,2,1,39,train,train
11790,10,2,1,40,train,train
11791,10,2,1,41,train,train
11792,10,2,1,42,train,train
11793,10,2,1,43,train,train
11794,10,2,1,44,train,train
11795,10,2,1,45,train,train
11796,10,2,1,46,train,train
11797,10,2,1,47,train,train
11798,10,2,1,48,train,train
11799,10,2,1,49,train,train
11800,10,2,1,50,train,train
11801,10,2,2,1,train,train
11802,10,2,2,2,train,train
11803,10,2,2,3,train,train
11804,10,2,2,4,train,train
11805,10,2,2,5,train,train
11806,10,2,2,6,train,train
11807,10,2,2,7,train,train
11808,10,2,2,8,train,train
11809,10,2,2,9,train,train
11810,10,2,2,10,train,train
11811,10,2,2,11,train,train
11812,10,2,2,12,train,train
11813,10,2,2,13,train,train
11814,10,2,2,14,train,train
11815,10,2,2,15,train,train
11816,10,2,2,16,train,train
11817,10,2,2,17,train,train
11818,10,2,2,18,train,train
11819,10,2,2,19,train,train
11820,10,2,2,20,train,train
11821,10,2,2,21,train,train
11822,10,2,2,22,train,train
11823,10,2,2,23,train,train
11824,10,2,2,24,train,train
11825,10,2,2,25,train,train
11826,10,2,2,26,train,train
11827,10,2,2,27,train,train
11828,10,2,2,28,train,train
11829,10,2,2,29,train,train
11830,10,2,2,30,train,train
11831,10,2,2,31,train,train
11832,10,2,2,32,train,train
11833,10,2,2,33,train,train
11834,10,2,2,34,train,train
11835,10,2,2,35,train,train
11836,10,2,2,36,train,train
11837,10,2,2,37,train,train
11838,10,2,2,38,train,train
11839,10,2,2,39,train,train
11840,10,2,2,40,train,train
11841,10,2,2,41,train,train
11842,10,2,2,42,train,train
11843,10,2,2,43,train,train
11844,10,2,2,44,train,train
11845,10,2,2,45,train,train
11846,10,2,2,46,train,train
11847,10,2,2,47,train,train
11848,10,2,2,48,train,train
11849,10,2,2,49,train,train
11850,10,2,2,50,train,train
11851,10,2,3,1,train,train
11852,10,2,3,2,train,train
11853,10,2,3,3,train,train
11854,10,2,3,4,train,train
11855,10,2,3,5,train,train
11856,10,2,3,6,train,train
11857,10,2,3,7,train,train
11858,10,2,3,8,train,train
11859,10,2,3,9,train,train
11860,10,2,3,10,train,train
11861,10,2,3,11,train,train
11862,10,2,3,12,train,train
11863,10,2,3,13,train,train
11864,10,2,3,14,train,train
11865,10,2,3,15,train,train
11866,10,2,3,16,train,train
11867,10,2,3,17,train,train
11868,10,2,3,18,train,train
11869,10,2,3,19,train,train
11870,10,2,3,20,train,train
11871,10,2,3,21,train,train
11872,10,2,3,22,train,train
11873,10,2,3,23,train,train
11874,10,2,3,24,train,train
11875,10,2,3,25,train,train
11876,10,2,3,26,train,train
11877,10,2,3,27,train,train
11878,10,2,3,28,train,train
11879,10,2,3,29,train,train
11880,10,2,3,30,train,train
11881,10,2,3,31,train,train
11882,10,2,3,32,train,train
11883,10,2,3,33,train,train
11884,10,2,3,34,train,train
11885,10,2,3,35,train,train
11886,10,2,3,36,train,train
11887,10,2,3,37,train,train
11888,10,2,3,38,train,train
11889,10,2,3,39,train,train
11890,10,2,3,40,train,train
11891,10,2,3,41,train,train
11892,10,2,3,42,train,train
11893,10,2,3,43,train,train
11894,10,2,3,44,train,train
11895,10,2,3,45,train,train
11896,10,2,3,46,train,train
11897,10,2,3,47,train,train
11898,10,2,3,48,train,train
11899,10,2,3,49,train,train
11900,10,2,3,50,train,train
11901,10,2,4,1,val,train
11902,10,2,4,2,val,train
11903,10,2,4,3,val,train
11904,10,2,4,4,val,train
11905,10,2,4,5,val,train
11906,10,2,4,6,val,train
11907,10,2,4,7,val,train
11908,10,2,4,8,val,train
11909,10,2,4,9,val,train
11910,10,2,4,10,val,train
11911,10,2,4,11,val,train
11912,10,2,4,12,val,train
11913,10,2,4,13,val,train
11914,10,2,4,14,val,train
11915,10,2,4,15,val,train
11916,10,2,4,16,val,train
11917,10,2,4,17,val,train
11918,10,2,4,18,val,train
11919,10,2,4,19,val,train
11920,10,2,4,20,val,train
11921,10,2,4,21,val,train
11922,10,2,4,22,val,train
11923,10,2,4,23,val,train
11924,10,2,4,24,val,train
11925,10,2,4,25,val,train
11926,10,2,4,26,val,train
11927,10,2,4,27,val,train
11928,10,2,4,28,val,train
11929,10,2,4,29,val,train
11930,10,2,4,30,val,train
11931,10,2,4,31,val,train
11932,10,2,4,32,val,train
11933,10,2,4,33,val,train
11934,10,2,4,34,val,train
11935,10,2,4,35,val,train
11936,10,2,4,36,val,train
11937,10,2,4,37,val,train
11938,10,2,4,38,val,train
11939,10,2,4,39,val,train
11940,10,2,4,40,val,train
11941,10,2,4,41,val,train
11942,10,2,4,42,val,train
11943,10,2,4,43,val,train
11944,10,2,4,44,val,train
11945,10,2,4,45,val,train
11946,10,2,4,46,val,train
11947,10,2,4,47,val,train
11948,10,2,4,48,val,train
11949,10,2,4,49,val,train
11950,10,2,4,50,val,train
11951,10,2,5,1,test,train
11952,10,2,5,2,test,train
11953,10,2,5,3,test,train
11954,10,2,5,4,test,train
11955,10,2,5,5,test,train
11956,10,2,5,6,test,train
11957,10,2,5,7,test,train
11958,10,2,5,8,test,train
11959,10,2,5,9,test,train
11960,10,2,5,10,test,train
11961,10,2,5,11,test,train
11962,10,2,5,12,test,train
11963,10,2,5,13,test,train
11964,10,2,5,14,test,train
11965,10,2,5,15,test,train
11966,10,2,5,16,test,train
11967,10,2,5,17,test,train
11968,10,2,5,18,test,train
11969,10,2,5,19,test,train
11970,10,2,5,20,test,train
11971,10,2,5,21,test,train
11972,10,2,5,22,test,train
11973,10,2,5,23,test,train
11974,10,2,5,24,test,train
11975,10,2,5,25,test,train
11976,10,2,5,26,test,train
11977,10,2,5,27,test,train
11978,10,2,5,28,test,train
11979,10,2,5,29,test,train
11980,10,2,5,30,test,train
11981,10,2,5,31,test,train
11982,10,2,5,32,test,train
11983,10,2,5,33,test,train
11984,10,2,5,34,test,train
11985,10,2,5,35,test,train
11986,10,2,5,36,test,train
11987,10,2,5,37,test,train
11988,10,2,5,38,test,train
11989,10,2,5,39,test,train
11990,10,2,5,40,test,train
11991,10,2,5,41,test,train
11992,10,2,5,42,test,train
11993,10,2,5,43,test,train
11994,10,2,5,44,test,train
11995,10,2,5,45,test,train
11996,10,2,5,46,test,train
11997,10,2,5,47,test,train
11998,10,2,5,48,test,train
11999,10,2,5,49,test,train
12000,10,2,5,50,test,train
12001,10,3,1,1,train,train
12002,10,3,1,2,train,train
12003,10,3,1,3,train,train
12004,10,3,1,4,train,train
12005,10,3,1,5,train,train
12006,10,3,1,6,train,train
12007,10,3,1,7,train,train
12008,10,3,1,8,train,train
12009,10,3,1,9,train,train
12010,10,3,1,10,train,train
12011,10,3,1,11,train,train
12012,10,3,1,12,train,train
12013,10,3,1,13,train,train
12014,10,3,1,14,train,train
12015,10,3,1,15,train,train
12016,10,3,1,16,train,train
12017,10,3,1,17,train,train
12018,10,3,1,18,train,train
12019,10,3,1,19,train,train
12020,10,3,1,20,train,train
12021,10,3,1,21,train,train
12022,10,3,1,22,train,train
12023,10,3,1,23,train,train
12024,10,3,1,24,train,train
12025,10,3,1,25,train,train
12026,10,3,1,26,train,train
12027,10,3,1,27,train,train
12028,10,3,1,28,train,train
12029,10,3,1,29,train,train
12030,10,3,1,30,train,train
12031,10,3,1,31,train,train
12032,10,3,1,32,train,train
12033,10,3,1,33,train,train
12034,10,3,1,34,train,train
12035,10,3,1,35,train,train
12036,10,3,1,36,train,train
12037,10,3,1,37,train,train
12038,10,3,1,38,train,train
12039,10,3,1,39,train,train
12040,10,3,1,40,train,train
12041,10,3,1,41,train,train
12042,10,3,1,42,train,train
12043,10,3,1,43,train,train
12044,10,3,1,44,train,train
12045,10,3,1,45,train,train
12046,10,3,1,46,train,train
12047,10,3,1,47,train,train
12048,10,3,1,48,train,train
12049,10,3,1,49,train,train
12050,10,3,1,50,train,train
12051,10,3,2,1,train,train
12052,10,3,2,2,train,train
12053,10,3,2,3,train,train
12054,10,3,2,4,train,train
12055,10,3,2,5,train,train
12056,10,3,2,6,train,train
12057,10,3,2,7,train,train
12058,10,3,2,8,train,train
12059,10,3,2,9,train,train
12060,10,3,2,10,train,train
12061,10,3,2,11,train,train
12062,10,3,2,12,train,train
12063,10,3,2,13,train,train
12064,10,3,2,14,train,train
12065,10,3,2,15,train,train
12066,10,3,2,16,train,train
12067,10,3,2,17,train,train
12068,10,3,2,18,train,train
12069,10,3,2,19,train,train
12070,10,3,2,20,train,train
12071,10,3,2,21,train,train
12072,10,3,2,22,train,train
12073,10,3,2,23,train,train
12074,10,3,2,24,train,train
12075,10,3,2,25,train,train
12076,10,3,2,26,train,train
12077,10,3,2,27,train,train
12078,10,3,2,28,train,train
12079,10,3,2,29,train,train
12080,10,3,2,30,train,train
12081,10,3,2,31,train,train
12082,10,3,2,32,train,train
12083,10,3,2,33,train,train
12084,10,3,2,34,train,train
12085,10,3,2,35,train,train
12086,10,3,2,36,train,train
12087,10,3,2,37,train,train
12088,10,3,2,38,train,train
12089,10,3,2,39,train,train
12090,10,3,2,40,train,train
12091,10,3,2,41,train,train
12092,10,3,2,42,train,train
12093,10,3,2,43,train,train
12094,10,3,2,44,train,train
12095,10,3,2,45,train,train
12096,10,3,2,46,train,train
12097,10,3,2,47,train,train
12098,10,3,2,48,train,train
12099,10,3,2,49,train,train
12100,10,3,2,50,train,train
12101,10,3,3,1,train,train
12102,10,3,3,2,train,train
12103,10,3,3,3,train,train
12104,10,3,3,4,train,train
12105,10,3,3,5,train,train
12106,10,3,3,6,train,train
12107,10,3,3,7,train,train
12108,10,3,3,8,train,train
12109,10,3,3,9,train,train
12110,10,3,3,10,train,train
12111,10,3,3,11,train,train
12112,10,3,3,12,train,train
12113,10,3,3,13,train,train
12114,10,3,3,14,train,train
12115,10,3,3,15,train,train
12116,10,3,3,16,train,train
12117,10,3,3,17,train,train
12118,10,3,3,18,train,train
12119,10,3,3,19,train,train
12120,10,3,3,20,train,train
12121,10,3,3,21,train,train
12122,10,3,3,22,train,train
12123,10,3,3,23,train,train
12124,10,3,3,24,train,train
12125,10,3,3,25,train,train
12126,10,3,3,26,train,train
12127,10,3,3,27,train,train
12128,10,3,3,28,train,train
12129,10,3,3,29,train,train
12130,10,3,3,30,train,train
12131,10,3,3,31,train,train
12132,10,3,3,32,train,train
12133,10,3,3,33,train,train
12134,10,3,3,34,train,train
12135,10,3,3,35,train,train
12136,10,3,3,36,train,train
12137,10,3,3,37,train,train
12138,10,3,3,38,train,train
12139,10,3,3,39,train,train
12140,10,3,3,40,train,train
12141,10,3,3,41,train,train
12142,10,3,3,42,train,train
12143,10,3,3,43,train,train
12144,10,3,3,44,train,train
12145,10,3,3,45,train,train
12146,10,3,3,46,train,train
12147,10,3,3,47,train,train
12148,10,3,3,48,train,train
12149,10,3,3,49,train,train
12150,10,3,3,50,train,train
12151,10,3,4,1,val,train
12152,10,3,4,2,val,train
12153,10,3,4,3,val,train
12154,10,3,4,4,val,train
12155,10,3,4,5,val,train
12156,10,3,4,6,val,train
12157,10,3,4,7,val,train
12158,10,3,4,8,val,train
12159,10,3,4,9,val,train
12160,10,3,4,10,val,train
12161,10,3,4,11,val,train
12162,10,3,4,12,val,train
12163,10,3,4,13,val,train
12164,10,3,4,14,val,train
12165,10,3,4,15,val,train
12166,10,3,4,16,val,train
12167,10,3,4,17,val,train
12168,10,3,4,18,val,train
12169,10,3,4,19,val,train
12170,10,3,4,20,val,train
12171,10,3,4,21,val,train
12172,10,3,4,22,val,train
12173,10,3,4,23,val,train
12174,10,3,4,24,val,train
12175,10,3,4,25,val,train
12176,10,3,4,26,val,train
12177,10,3,4,27,val,train
12178,10,3,4,28,val,train
12179,10,3,4,29,val,train
12180,10,3,4,30,val,train
12181,10,3,4,31,val,train
12182,10,3,4,32,val,train
12183,10,3,4,33,val,train
12184,10,3,4,34,val,train
12185,10,3,4,35,val,train
12186,10,3,4,36,val,train
12187,10,3,4,37,val,train
12188,10,3,4,38,val,train
12189,10,3,4,39,val,train
12190,10,3,4,40,val,train
12191,10,3,4,41,val,train
12192,10,3,4,42,val,train
12193,10,3,4,43,val,train
12194,10,3,4,44,val,train
12195,10,3,4,45,val,train
12196,10,3,4,46,val,train
12197,10,3,4,47,val,train
12198,10,3,4,48,val,train
12199,10,3,4,49,val,train
12200,10,3,4,50,val,train
12201,10,3,5,1,test,train
12202,10,3,5,2,test,train
12203,10,3,5,3,test,train
12204,10,3,5,4,test,train
12205,10,3,5,5,test,train
12206,10,3,5,6,test,train
12207,10,3,5,7,test,train
12208,10,3,5,8,test,train
12209,10,3,5,9,test,train
12210,10,3,5,10,test,train
12211,10,3,5,11,test,train
12212,10,3,5,12,test,train
12213,10,3,5,13,test,train
12214,10,3,5,14,test,train
12215,10,3,5,15,test,train
12216,10,3,5,16,test,train
12217,10,3,5,17,test,train
12218,10,3,5,18,test,train
12219,10,3,5,19,test,train
12220,10,3,5,20,test,train
12221,10,3,5,21,test,train
12222,10,3,5,22,test,train
12223,10,3,5,23,test,train
12224,10,3,5,24,test,train
12225,10,3,5,25,test,train
12226,10,3,5,26,test,train
12227,10,3,5,27,test,train
12228,10,3,5,28,test,train
12229,10,3,5,29,test,train
12230,10,3,5,30,test,train
12231,10,3,5,31,test,train
12232,10,3,5,32,test,train
12233,10,3,5,33,test,train
12234,10,3,5,34,test,train
12235,10,3,5,35,test,train
12236,10,3,5,36,test,train
12237,10,3,5,37,test,train
12238,10,3,5,38,test,train
12239,10,3,5,39,test,train
12240,10,3,5,40,test,train
12241,10,3,5,41,test,train
12242,10,3,5,42,test,train
12243,10,3,5,43,test,train
12244,10,3,5,44,test,train
12245,10,3,5,45,test,train
12246,10,3,5,46,test,train
12247,10,3,5,47,test,train
12248,10,3,5,48,test,train
12249,10,3,5,49,test,train
12250,10,3,5,50,test,train
12251,10,4,1,1,train,train
12252,10,4,1,2,train,train
12253,10,4,1,3,train,train
12254,10,4,1,4,train,train
12255,10,4,1,5,train,train
12256,10,4,1,6,train,train
12257,10,4,1,7,train,train
12258,10,4,1,8,train,train
12259,10,4,1,9,train,train
12260,10,4,1,10,train,train
12261,10,4,1,11,train,train
12262,10,4,1,12,train,train
12263,10,4,1,13,train,train
12264,10,4,1,14,train,train
12265,10,4,1,15,train,train
12266,10,4,1,16,train,train
12267,10,4,1,17,train,train
12268,10,4,1,18,train,train
12269,10,4,1,19,train,train
12270,10,4,1,20,train,train
12271,10,4,1,21,train,train
12272,10,4,1,22,train,train
12273,10,4,1,23,train,train
12274,10,4,1,24,train,train
12275,10,4,1,25,train,train
12276,10,4,1,26,train,train
12277,10,4,1,27,train,train
12278,10,4,1,28,train,train
12279,10,4,1,29,train,train
12280,10,4,1,30,train,train
12281,10,4,1,31,train,train
12282,10,4,1,32,train,train
12283,10,4,1,33,train,train
12284,10,4,1,34,train,train
12285,10,4,1,35,train,train
12286,10,4,1,36,train,train
12287,10,4,1,37,train,train
12288,10,4,1,38,train,train
12289,10,4,1,39,train,train
12290,10,4,1,40,train,train
12291,10,4,1,41,train,train
12292,10,4,1,42,train,train
12293,10,4,1,43,train,train
12294,10,4,1,44,train,train
12295,10,4,1,45,train,train
12296,10,4,1,46,train,train
12297,10,4,1,47,train,train
12298,10,4,1,48,train,train
12299,10,4,1,49,train,train
12300,10,4,1,50,train,train
12301,10,4,2,1,train,train
12302,10,4,2,2,train,train
12303,10,4,2,3,train,train
12304,10,4,2,4,train,train
12305,10,4,2,5,train,train
12306,10,4,2,6,train,train
12307,10,4,2,7,train,train
12308,10,4,2,8,train,train
12309,10,4,2,9,train,train
12310,10,4,2,10,train,train
12311,10,4,2,11,train,train
12312,10,4,2,12,train,train
12313,10,4,2,13,train,train
12314,10,4,2,14,train,train
12315,10,4,2,15,train,train
12316,10,4,2,16,train,train
12317,10,4,2,17,train,train
12318,10,4,2,18,train,train
12319,10,4,2,19,train,train
12320,10,4,2,20,train,train
12321,10,4,2,21,train,train
12322,10,4,2,22,train,train
12323,10,4,2,23,train,train
12324,10,4,2,24,train,train
12325,10,4,2,25,train,train
12326,10,4,2,26,train,train
12327,10,4,2,27,train,train
12328,10,4,2,28,train,train
12329,10,4,2,29,train,train
12330,10,4,2,30,train,train
12331,10,4,2,31,train,train
12332,10,4,2,32,train,train
12333,10,4,2,33,train,train
12334,10,4,2,34,train,train
12335,10,4,2,35,train,train
12336,10,4,2,36,train,train
12337,10,4,2,37,train,train
12338,10,4,2,38,train,train
12339,10,4,2,39,train,train
12340,10,4,2,40,train,train
12341,10,4,2,41,train,train
12342,10,4,2,42,train,train
12343,10,4,2,43,train,train
12344,10,4,2,44,train,train
12345,10,4,2,45,train,train
12346,10,4,2,46,train,train
12347,10,4,2,47,train,train
12348,10,4,2,48,train,train
12349,10,4,2,49,train,train
12350,10,4,2,50,train,train
12351,10,4,3,1,train,train
12352,10,4,3,2,train,train
12353,10,4,3,3,train,train
12354,10,4,3,4,train,train
12355,10,4,3,5,train,train
12356,10,4,3,6,train,train
12357,10,4,3,7,train,train
12358,10,4,3,8,train,train
12359,10,4,3,9,train,train
12360,10,4,3,10,train,train
12361,10,4,3,11,train,train
12362,10,4,3,12,train,train
12363,10,4,3,13,train,train
12364,10,4,3,14,train,train
12365,10,4,3,15,train,train
12366,10,4,3,16,train,train
12367,10,4,3,17,train,train
12368,10,4,3,18,train,train
12369,10,4,3,19,train,train
12370,10,4,3,20,train,train
12371,10,4,3,21,train,train
12372,10,4,3,22,train,train
12373,10,4,3,23,train,train
12374,10,4,3,24,train,train
12375,10,4,3,25,train,train
12376,10,4,3,26,train,train
12377,10,4,3,27,train,train
12378,10,4,3,28,train,train
12379,10,4,3,29,train,train
12380,10,4,3,30,train,train
12381,10,4,3,31,train,train
12382,10,4,3,32,train,train
12383,10,4,3,33,train,train
12384,10,4,3,34,train,train
12385,10,4,3,35,train,train
12386,10,4,3,36,train,train
12387,10,4,3,37,train,train
12388,10,4,3,38,train,train
12389,10,4,3,39,train,train
12390,10,4,3,40,train,train
12391,10,4,3,41,train,train
12392,10,4,3,42,train,train
12393,10,4,3,43,train,train
12394,10,4,3,44,train,train
12395,10,4,3,45,train,train
12396,10,4,3,46,train,train
12397,10,4,3,47,train,train
12398,10,4,3,48,train,train
12399,10,4,3,49,train,train
12400,10,4,3,50,train,train
12401,10,4,4,1,val,train
12402,10,4,4,2,val,train
12403,10,4,4,3,val,train
12404,10,4,4,4,val,train
12405,10,4,4,5,val,train
12406,10,4,4,6,val,train
12407,10,4,4,7,val,train
12408,10,4,4,8,val,train
12409,10,4,4,9,val,train
12410,10,4,4,10,val,train
12411,10,4,4,11,val,train
12412,10,4,4,12,val,train
12413,10,4,4,13,val,train
12414,10,4,4,14,val,train
12415,10,4,4,15,val,train
12416,10,4,4,16,val,train
12417,10,4,4,17,val,train
12418,10,4,4,18,val,train
12419,10,4,4,19,val,train
12420,10,4,4,20,val,train
12421,10,4,4,21,val,train
12422,10,4,4,22,val,train
12423,10,4,4,23,val,train
12424,10,4,4,24,val,train
12425,10,4,4,25,val,train
12426,10,4,4,26,val,train
12427,10,4,4,27,val,train
12428,10,4,4,28,val,train
12429,10,4,4,29,val,train
12430,10,4,4,30,val,train
12431,10,4,4,31,val,train
12432,10,4,4,32,val,train
12433,10,4,4,33,val,train
12434,10,4,4,34,val,train
12435,10,4,4,35,val,train
12436,10,4,4,36,val,train
12437,10,4,4,37,val,train
12438,10,4,4,38,val,train
12439,10,4,4,39,val,train
12440,10,4,4,40,val,train
12441,10,4,4,41,val,train
12442,10,4,4,42,val,train
12443,10,4,4,43,val,train
12444,10,4,4,44,val,train
12445,10,4,4,45,val,train
12446,10,4,4,46,val,train
12447,10,4,4,47,val,train
12448,10,4,4,48,val,train
12449,10,4,4,49,val,train
12450,10,4,4,50,val,train
12451,10,4,5,1,test,train
12452,10,4,5,2,test,train
12453,10,4,5,3,test,train
12454,10,4,5,4,test,train
12455,10,4,5,5,test,train
12456,10,4,5,6,test,train
12457,10,4,5,7,test,train
12458,10,4,5,8,test,train
12459,10,4,5,9,test,train
12460,10,4,5,10,test,train
12461,10,4,5,11,test,train
12462,10,4,5,12,test,train
12463,10,4,5,13,test,train
12464,10,4,5,14,test,train
12465,10,4,5,15,test,train
12466,10,4,5,16,test,train
12467,10,4,5,17,test,train
12468,10,4,5,18,test,train
12469,10,4,5,19,test,train
12470,10,4,5,20,test,train
12471,10,4,5,21,test,train
12472,10,4,5,22,test,train
12473,10,4,5,23,test,train
12474,10,4,5,24,test,train
12475,10,4,5,25,test,train
12476,10,4,5,26,test,train
12477,10,4,5,27,test,train
12478,10,4,5,28,test,train
12479,10,4,5,29,test,train
12480,10,4,5,30,test,train
12481,10,4,5,31,test,train
12482,10,4,5,32,test,train
12483,10,4,5,33,test,train
12484,10,4,5,34,test,train
12485,10,4,5,35,test,train
12486,10,4,5,36,test,train
12487,10,4,5,37,test,train
12488,10,4,5,38,test,train
12489,10,4,5,39,test,train
12490,10,4,5,40,test,train
12491,10,4,5,41,test,train
12492,10,4,5,42,test,train
12493,10,4,5,43,test,train
12494,10,4,5,44,test,train
12495,10,4,5,45,test,train
12496,10,4,5,46,test,train
12497,10,4,5,47,test,train
12498,10,4,5,48,test,train
12499,10,4,5,49,test,train
12500,10,4,5,50,test,train
12501,11,0,1,1,train,train
12502,11,0,1,2,train,train
12503,11,0,1,3,train,train
12504,11,0,1,4,train,train
12505,11,0,1,5,train,train
12506,11,0,1,6,train,train
12507,11,0,1,7,train,train
12508,11,0,1,8,train,train
12509,11,0,1,9,train,train
12510,11,0,1,10,train,train
12511,11,0,1,11,train,train
12512,11,0,1,12,train,train
12513,11,0,1,13,train,train
12514,11,0,1,14,train,train
12515,11,0,1,15,train,train
12516,11,0,1,16,train,train
12517,11,0,1,17,train,train
12518,11,0,1,18,train,train
12519,11,0,1,19,train,train
12520,11,0,1,20,train,train
12521,11,0,1,21,train,train
12522,11,0,1,22,train,train
12523,11,0,1,23,train,train
12524,11,0,1,24,train,train
12525,11,0,1,25,train,train
12526,11,0,1,26,train,train
12527,11,0,1,27,train,train
12528,11,0,1,28,train,train
12529,11,0,1,29,train,train
12530,11,0,1,30,train,train
12531,11,0,1,31,train,train
12532,11,0,1,32,train,train
12533,11,0,1,33,train,train
12534,11,0,1,34,train,train
12535,11,0,1,35,train,train
12536,11,0,1,36,train,train
12537,11,0,1,37,train,train
12538,11,0,1,38,train,train
12539,11,0,1,39,train,train
12540,11,0,1,40,train,train
12541,11,0,1,41,train,train
12542,11,0,1,42,train,train
12543,11,0,1,43,train,train
12544,11,0,1,44,train,train
12545,11,0,1,45,train,train
12546,11,0,1,46,train,train
12547,11,0,1,47,train,train
12548,11,0,1,48,train,train
12549,11,0,1,49,train,train
12550,11,0,1,50,train,train
12551,11,0,2,1,train,train
12552,11,0,2,2,train,train
12553,11,0,2,3,train,train
12554,11,0,2,4,train,train
12555,11,0,2,5,train,train
12556,11,0,2,6,train,train
12557,11,0,2,7,train,train
12558,11,0,2,8,train,train
12559,11,0,2,9,train,train
12560,11,0,2,10,train,train
12561,11,0,2,11,train,train
12562,11,0,2,12,train,train
12563,11,0,2,13,train,train
12564,11,0,2,14,train,train
12565,11,0,2,15,train,train
12566,11,0,2,16,train,train
12567,11,0,2,17,train,train
12568,11,0,2,18,train,train
12569,11,0,2,19,train,train
12570,11,0,2,20,train,train
12571,11,0,2,21,train,train
12572,11,0,2,22,train,train
12573,11,0,2,23,train,train
12574,11,0,2,24,train,train
12575,11,0,2,25,train,train
12576,11,0,2,26,train,train
12577,11,0,2,27,train,train
12578,11,0,2,28,train,train
12579,11,0,2,29,train,train
12580,11,0,2,30,train,train
12581,11,0,2,31,train,train
12582,11,0,2,32,train,train
12583,11,0,2,33,train,train
12584,11,0,2,34,train,train
12585,11,0,2,35,train,train
12586,11,0,2,36,train,train
12587,11,0,2,37,train,train
12588,11,0,2,38,train,train
12589,11,0,2,39,train,train
12590,11,0,2,40,train,train
12591,11,0,2,41,train,train
12592,11,0,2,42,train,train
12593,11,0,2,43,train,train
12594,11,0,2,44,train,train
12595,11,0,2,45,train,train
12596,11,0,2,46,train,train
12597,11,0,2,47,train,train
12598,11,0,2,48,train,train
12599,11,0,2,49,train,train
12600,11,0,2,50,train,train
12601,11,0,3,1,train,train
12602,11,0,3,2,train,train
12603,11,0,3,3,train,train
12604,11,0,3,4,train,train
12605,11,0,3,5,train,train
12606,11,0,3,6,train,train
12607,11,0,3,7,train,train
12608,11,0,3,8,train,train
12609,11,0,3,9,train,train
12610,11,0,3,10,train,train
12611,11,0,3,11,train,train
12612,11,0,3,12,train,train
12613,11,0,3,13,train,train
12614,11,0,3,14,train,train
12615,11,0,3,15,train,train
12616,11,0,3,16,train,train
12617,11,0,3,17,train,train
12618,11,0,3,18,train,train
12619,11,0,3,19,train,train
12620,11,0,3,20,train,train
12621,11,0,3,21,train,train
12622,11,0,3,22,train,train
12623,11,0,3,23,train,train
12624,11,0,3,24,train,train
12625,11,0,3,25,train,train
12626,11,0,3,26,train,train
12627,11,0,3,27,train,train
12628,11,0,3,28,train,train
12629,11,0,3,29,train,train
12630,11,0,3,30,train,train
12631,11,0,3,31,train,train
12632,11,0,3,32,train,train
12633,11,0,3,33,train,train
12634,11,0,3,34,train,train
12635,11,0,3,35,train,train
12636,11,0,3,36,train,train
12637,11,0,3,37,train,train
12638,11,0,3,38,train,train
12639,11,0,3,39,train,train
12640,11,0,3,40,train,train
12641,11,0,3,41,train,train
12642,11,0,3,42,train,train
12643,11,0,3,43,train,train
12644,11,0,3,44,train,train
12645,11,0,3,45,train,train
12646,11,0,3,46,train,train
12647,11,0,3,47,train,train
12648,11,0,3,48,train,train
12649,11,0,3,49,train,train
12650,11,0,3,50,train,train
12651,11,0,4,1,val,train
12652,11,0,4,2,val,train
12653,11,0,4,3,val,train
12654,11,0,4,4,val,train
12655,11,0,4,5,val,train
12656,11,0,4,6,val,train
12657,11,0,4,7,val,train
12658,11,0,4,8,val,train
12659,11,0,4,9,val,train
12660,11,0,4,10,val,train
12661,11,0,4,11,val,train
12662,11,0,4,12,val,train
12663,11,0,4,13,val,train
12664,11,0,4,14,val,train
12665,11,0,4,15,val,train
12666,11,0,4,16,val,train
12667,11,0,4,17,val,train
12668,11,0,4,18,val,train
12669,11,0,4,19,val,train
12670,11,0,4,20,val,train
12671,11,0,4,21,val,train
12672,11,0,4,22,val,train
12673,11,0,4,23,val,train
12674,11,0,4,24,val,train
12675,11,0,4,25,val,train
12676,11,0,4,26,val,train
12677,11,0,4,27,val,train
12678,11,0,4,28,val,train
12679,11,0,4,29,val,train
12680,11,0,4,30,val,train
12681,11,0,4,31,val,train
12682,11,0,4,32,val,train
12683,11,0,4,33,val,train
12684,11,0,4,34,val,train
12685,11,0,4,35,val,train
12686,11,0,4,36,val,train
12687,11,0,4,37,val,train
12688,11,0,4,38,val,train
12689,11,0,4,39,val,train
12690,11,0,4,40,val,train
12691,11,0,4,41,val,train
12692,11,0,4,42,val,train
12693,11,0,4,43,val,train
12694,11,0,4,44,val,train
12695,11,0,4,45,val,train
12696,11,0,4,46,val,train
12697,11,0,4,47,val,train
12698,11,0,4,48,val,train
12699,11,0,4,49,val,train
12700,11,0,4,50,val,train
12701,11,0,5,1,test,train
12702,11,0,5,2,test,train
12703,11,0,5,3,test,train
12704,11,0,5,4,test,train
12705,11,0,5,5,test,train
12706,11,0,5,6,test,train
12707,11,0,5,7,test,train
12708,11,0,5,8,test,train
12709,11,0,5,9,test,train
12710,11,0,5,10,test,train
12711,11,0,5,11,test,train
12712,11,0,5,12,test,train
12713,11,0,5,13,test,train
12714,11,0,5,14,test,train
12715,11,0,5,15,test,train
12716,11,0,5,16,test,train
12717,11,0,5,17,test,train
12718,11,0,5,18,test,train
12719,11,0,5,19,test,train
12720,11,0,5,20,test,train
12721,11,0,5,21,test,train
12722,11,0,5,22,test,train
12723,11,0,5,23,test,train
12724,11,0,5,24,test,train
12725,11,0,5,25,test,train
12726,11,0,5,26,test,train
12727,11,0,5,27,test,train
12728,11,0,5,28,test,train
12729,11,0,5,29,test,train
12730,11,0,5,30,test,train
12731,11,0,5,31,test,train
12732,11,0,5,32,test,train
12733,11,0,5,33,test,train
12734,11,0,5,34,test,train
12735,11,0,5,35,test,train
12736,11,0,5,36,test,train
12737,11,0,5,37,test,train
12738,11,0,5,38,test,train
12739,11,0,5,39,test,train
12740,11,0,5,40,test,train
12741,11,0,5,41,test,train
12742,11,0,5,42,test,train
12743,11,0,5,43,test,train
12744,11,0,5,44,test,train
12745,11,0,5,45,test,train
12746,11,0,5,46,test,train
12747,11,0,5,47,test,train
12748,11,0,5,48,test,train
12749,11,0,5,49,test,train
12750,11,0,5,50,test,train
12751,11,1,1,1,train,train
12752,11,1,1,2,train,train
12753,11,1,1,3,train,train
12754,11,1,1,4,train,train
12755,11,1,1,5,train,train
12756,11,1,1,6,train,train
12757,11,1,1,7,train,train
12758,11,1,1,8,train,train
12759,11,1,1,9,train,train
12760,11,1,1,10,train,train
12761,11,1,1,11,train,train
12762,11,1,1,12,train,train
12763,11,1,1,13,train,train
12764,11,1,1,14,train,train
12765,11,1,1,15,train,train
12766,11,1,1,16,train,train
12767,11,1,1,17,train,train
12768,11,1,1,18,train,train
12769,11,1,1,19,train,train
12770,11,1,1,20,train,train
12771,11,1,1,21,train,train
12772,11,1,1,22,train,train
12773,11,1,1,23,train,train
12774,11,1,1,24,train,train
12775,11,1,1,25,train,train
12776,11,1,1,26,train,train
12777,11,1,1,27,train,train
12778,11,1,1,28,train,train
12779,11,1,1,29,train,train
12780,11,1,1,30,train,train
12781,11,1,1,31,train,train
12782,11,1,1,32,train,train
12783,11,1,1,33,train,train
12784,11,1,1,34,train,train
12785,11,1,1,35,train,train
12786,11,1,1,36,train,train
12787,11,1,1,37,train,train
12788,11,1,1,38,train,train
12789,11,1,1,39,train,train
12790,11,1,1,40,train,train
12791,11,1,1,41,train,train
12792,11,1,1,42,train,train
12793,11,1,1,43,train,train
12794,11,1,1,44,train,train
12795,11,1,1,45,train,train
12796,11,1,1,46,train,train
12797,11,1,1,47,train,train
12798,11,1,1,48,train,train
12799,11,1,1,49,train,train
12800,11,1,1,50,train,train
12801,11,1,2,1,train,train
12802,11,1,2,2,train,train
12803,11,1,2,3,train,train
12804,11,1,2,4,train,train
12805,11,1,2,5,train,train
12806,11,1,2,6,train,train
12807,11,1,2,7,train,train
12808,11,1,2,8,train,train
12809,11,1,2,9,train,train
12810,11,1,2,10,train,train
12811,11,1,2,11,train,train
12812,11,1,2,12,train,train
12813,11,1,2,13,train,train
12814,11,1,2,14,train,train
12815,11,1,2,15,train,train
12816,11,1,2,16,train,train
12817,11,1,2,17,train,train
12818,11,1,2,18,train,train
12819,11,1,2,19,train,train
12820,11,1,2,20,train,train
12821,11,1,2,21,train,train
12822,11,1,2,22,train,train
12823,11,1,2,23,train,train
12824,11,1,2,24,train,train
12825,11,1,2,25,train,train
12826,11,1,2,26,train,train
12827,11,1,2,27,train,train
12828,11,1,2,28,train,train
12829,11,1,2,29,train,train
12830,11,1,2,30,train,train
12831,11,1,2,31,train,train
12832,11,1,2,32,train,train
12833,11,1,2,33,train,train
12834,11,1,2,34,train,train
12835,11,1,2,35,train,train
12836,11,1,2,36,train,train
12837,11,1,2,37,train,train
12838,11,1,2,38,train,train
12839,11,1,2,39,train,train
12840,11,1,2,40,train,train
12841,11,1,2,41,train,train
12842,11,1,2,42,train,train
12843,11,1,2,43,train,train
12844,11,1,2,44,train,train
12845,11,1,2,45,train,train
12846,11,1,2,46,train,train
12847,11,1,2,47,train,train
12848,11,1,2,48,train,train
12849,11,1,2,49,train,train
12850,11,1,2,50,train,train
12851,11,1,3,1,train,train
12852,11,1,3,2,train,train
12853,11,1,3,3,train,train
12854,11,1,3,4,train,train
12855,11,1,3,5,train,train
12856,11,1,3,6,train,train
12857,11,1,3,7,train,train
12858,11,1,3,8,train,train
12859,11,1,3,9,train,train
12860,11,1,3,10,train,train
12861,11,1,3,11,train,train
12862,11,1,3,12,train,train
12863,11,1,3,13,train,train
12864,11,1,3,14,train,train
12865,11,1,3,15,train,train
12866,11,1,3,16,train,train
12867,11,1,3,17,train,train
12868,11,1,3,18,train,train
12869,11,1,3,19,train,train
12870,11,1,3,20,train,train
12871,11,1,3,21,train,train
12872,11,1,3,22,train,train
12873,11,1,3,23,train,train
12874,11,1,3,24,train,train
12875,11,1,3,25,train,train
12876,11,1,3,26,train,train
12877,11,1,3,27,train,train
12878,11,1,3,28,train,train
12879,11,1,3,29,train,train
12880,11,1,3,30,train,train
12881,11,1,3,31,train,train
12882,11,1,3,32,train,train
12883,11,1,3,33,train,train
12884,11,1,3,34,train,train
12885,11,1,3,35,train,train
12886,11,1,3,36,train,train
12887,11,1,3,37,train,train
12888,11,1,3,38,train,train
12889,11,1,3,39,train,train
12890,11,1,3,40,train,train
12891,11,1,3,41,train,train
12892,11,1,3,42,train,train
12893,11,1,3,43,train,train
12894,11,1,3,44,train,train
12895,11,1,3,45,train,train
12896,11,1,3,46,train,train
12897,11,1,3,47,train,train
12898,11,1,3,48,train,train
12899,11,1,3,49,train,train
12900,11,1,3,50,train,train
12901,11,1,4,1,val,train
12902,11,1,4,2,val,train
12903,11,1,4,3,val,train
12904,11,1,4,4,val,train
12905,11,1,4,5,val,train
12906,11,1,4,6,val,train
12907,11,1,4,7,val,train
12908,11,1,4,8,val,train
12909,11,1,4,9,val,train
12910,11,1,4,10,val,train
12911,11,1,4,11,val,train
12912,11,1,4,12,val,train
12913,11,1,4,13,val,train
12914,11,1,4,14,val,train
12915,11,1,4,15,val,train
12916,11,1,4,16,val,train
12917,11,1,4,17,val,train
12918,11,1,4,18,val,train
12919,11,1,4,19,val,train
12920,11,1,4,20,val,train
12921,11,1,4,21,val,train
12922,11,1,4,22,val,train
12923,11,1,4,23,val,train
12924,11,1,4,24,val,train
12925,11,1,4,25,val,train
12926,11,1,4,26,val,train
12927,11,1,4,27,val,train
12928,11,1,4,28,val,train
12929,11,1,4,29,val,train
12930,11,1,4,30,val,train
12931,11,1,4,31,val,train
12932,11,1,4,32,val,train
12933,11,1,4,33,val,train
12934,11,1,4,34,val,train
12935,11,1,4,35,val,train
12936,11,1,4,36,val,train
12937,11,1,4,37,val,train
12938,11,1,4,38,val,train
12939,11,1,4,39,val,train
12940,11,1,4,40,val,train
12941,11,1,4,41,val,train
12942,11,1,4,42,val,train
12943,11,1,4,43,val,train
12944,11,1,4,44,val,train
12945,11,1,4,45,val,train
12946,11,1,4,46,val,train
12947,11,1,4,47,val,train
12948,11,1,4,48,val,train
12949,11,1,4,49,val,train
12950,11,1,4,50,val,train
12951,11,1,5,1,test,train
12952,11,1,5,2,test,train
12953,11,1,5,3,test,train
12954,11,1,5,4,test,train
12955,11,1,5,5,test,train
12956,11,1,5,6,test,train
12957,11,1,5,7,test,train
12958,11,1,5,8,test,train
12959,11,1,5,9,test,train
12960,11,1,5,10,test,train
12961,11,1,5,11,test,train
12962,11,1,5,12,test,train
12963,11,1,5,13,test,train
12964,11,1,5,14,test,train
12965,11,1,5,15,test,train
12966,11,1,5,16,test,train
12967,11,1,5,17,test,train
12968,11,1,5,18,test,train
12969,11,1,5,19,test,train
12970,11,1,5,20,test,train
12971,11,1,5,21,test,train
12972,11,1,5,22,test,train
12973,11,1,5,23,test,train
12974,11,1,5,24,test,train
12975,11,1,5,25,test,train
12976,11,1,5,26,test,train
12977,11,1,5,27,test,train
12978,11,1,5,28,test,train
12979,11,1,5,29,test,train
12980,11,1,5,30,test,train
12981,11,1,5,31,test,train
12982,11,1,5,32,test,train
12983,11,1,5,33,test,train
12984,11,1,5,34,test,train
12985,11,1,5,35,test,train
12986,11,1,5,36,test,train
12987,11,1,5,37,test,train
12988,11,1,5,38,test,train
12989,11,1,5,39,test,train
12990,11,1,5,40,test,train
12991,11,1,5,41,test,train
12992,11,1,5,42,test,train
12993,11,1,5,43,test,train
12994,11,1,5,44,test,train
12995,11,1,5,45,test,train
12996,11,1,5,46,test,train
12997,11,1,5,47,test,train
12998,11,1,5,48,test,train
12999,11,1,5,49,test,train
13000,11,1,5,50,test,train
13001,11,2,1,1,train,train
13002,11,2,1,2,train,train
13003,11,2,1,3,train,train
13004,11,2,1,4,train,train
13005,11,2,1,5,train,train
13006,11,2,1,6,train,train
13007,11,2,1,7,train,train
13008,11,2,1,8,train,train
13009,11,2,1,9,train,train
13010,11,2,1,10,train,train
13011,11,2,1,11,train,train
13012,11,2,1,12,train,train
13013,11,2,1,13,train,train
13014,11,2,1,14,train,train
13015,11,2,1,15,train,train
13016,11,2,1,16,train,train
13017,11,2,1,17,train,train
13018,11,2,1,18,train,train
13019,11,2,1,19,train,train
13020,11,2,1,20,train,train
13021,11,2,1,21,train,train
13022,11,2,1,22,train,train
13023,11,2,1,23,train,train
13024,11,2,1,24,train,train
13025,11,2,1,25,train,train
13026,11,2,1,26,train,train
13027,11,2,1,27,train,train
13028,11,2,1,28,train,train
13029,11,2,1,29,train,train
13030,11,2,1,30,train,train
13031,11,2,1,31,train,train
13032,11,2,1,32,train,train
13033,11,2,1,33,train,train
13034,11,2,1,34,train,train
13035,11,2,1,35,train,train
13036,11,2,1,36,train,train
13037,11,2,1,37,train,train
13038,11,2,1,38,train,train
13039,11,2,1,39,train,train
13040,11,2,1,40,train,train
13041,11,2,1,41,train,train
13042,11,2,1,42,train,train
13043,11,2,1,43,train,train
13044,11,2,1,44,train,train
13045,11,2,1,45,train,train
13046,11,2,1,46,train,train
13047,11,2,1,47,train,train
13048,11,2,1,48,train,train
13049,11,2,1,49,train,train
13050,11,2,1,50,train,train
13051,11,2,2,1,train,train
13052,11,2,2,2,train,train
13053,11,2,2,3,train,train
13054,11,2,2,4,train,train
13055,11,2,2,5,train,train
13056,11,2,2,6,train,train
13057,11,2,2,7,train,train
13058,11,2,2,8,train,train
13059,11,2,2,9,train,train
13060,11,2,2,10,train,train
13061,11,2,2,11,train,train
13062,11,2,2,12,train,train
13063,11,2,2,13,train,train
13064,11,2,2,14,train,train
13065,11,2,2,15,train,train
13066,11,2,2,16,train,train
13067,11,2,2,17,train,train
13068,11,2,2,18,train,train
13069,11,2,2,19,train,train
13070,11,2,2,20,train,train
13071,11,2,2,21,train,train
13072,11,2,2,22,train,train
13073,11,2,2,23,train,train
13074,11,2,2,24,train,train
13075,11,2,2,25,train,train
13076,11,2,2,26,train,train
13077,11,2,2,27,train,train
13078,11,2,2,28,train,train
13079,11,2,2,29,train,train
13080,11,2,2,30,train,train
13081,11,2,2,31,train,train
13082,11,2,2,32,train,train
13083,11,2,2,33,train,train
13084,11,2,2,34,train,train
13085,11,2,2,35,train,train
13086,11,2,2,36,train,train
13087,11,2,2,37,train,train
13088,11,2,2,38,train,train
13089,11,2,2,39,train,train
13090,11,2,2,40,train,train
13091,11,2,2,41,train,train
13092,11,2,2,42,train,train
13093,11,2,2,43,train,train
13094,11,2,2,44,train,train
13095,11,2,2,45,train,train
13096,11,2,2,46,train,train
13097,11,2,2,47,train,train
13098,11,2,2,48,train,train
13099,11,2,2,49,train,train
13100,11,2,2,50,train,train
13101,11,2,3,1,train,train
13102,11,2,3,2,train,train
13103,11,2,3,3,train,train
13104,11,2,3,4,train,train
13105,11,2,3,5,train,train
13106,11,2,3,6,train,train
13107,11,2,3,7,train,train
13108,11,2,3,8,train,train
13109,11,2,3,9,train,train
13110,11,2,3,10,train,train
13111,11,2,3,11,train,train
13112,11,2,3,12,train,train
13113,11,2,3,13,train,train
13114,11,2,3,14,train,train
13115,11,2,3,15,train,train
13116,11,2,3,16,train,train
13117,11,2,3,17,train,train
13118,11,2,3,18,train,train
13119,11,2,3,19,train,train
13120,11,2,3,20,train,train
13121,11,2,3,21,train,train
13122,11,2,3,22,train,train
13123,11,2,3,23,train,train
13124,11,2,3,24,train,train
13125,11,2,3,25,train,train
13126,11,2,3,26,train,train
13127,11,2,3,27,train,train
13128,11,2,3,28,train,train
13129,11,2,3,29,train,train
13130,11,2,3,30,train,train
13131,11,2,3,31,train,train
13132,11,2,3,32,train,train
13133,11,2,3,33,train,train
13134,11,2,3,34,train,train
13135,11,2,3,35,train,train
13136,11,2,3,36,train,train
13137,11,2,3,37,train,train
13138,11,2,3,38,train,train
13139,11,2,3,39,train,train
13140,11,2,3,40,train,train
13141,11,2,3,41,train,train
13142,11,2,3,42,train,train
13143,11,2,3,43,train,train
13144,11,2,3,44,train,train
13145,11,2,3,45,train,train
13146,11,2,3,46,train,train
13147,11,2,3,47,train,train
13148,11,2,3,48,train,train
13149,11,2,3,49,train,train
13150,11,2,3,50,train,train
13151,11,2,4,1,val,train
13152,11,2,4,2,val,train
13153,11,2,4,3,val,train
13154,11,2,4,4,val,train
13155,11,2,4,5,val,train
13156,11,2,4,6,val,train
13157,11,2,4,7,val,train
13158,11,2,4,8,val,train
13159,11,2,4,9,val,train
13160,11,2,4,10,val,train
13161,11,2,4,11,val,train
13162,11,2,4,12,val,train
13163,11,2,4,13,val,train
13164,11,2,4,14,val,train
13165,11,2,4,15,val,train
13166,11,2,4,16,val,train
13167,11,2,4,17,val,train
13168,11,2,4,18,val,train
13169,11,2,4,19,val,train
13170,11,2,4,20,val,train
13171,11,2,4,21,val,train
13172,11,2,4,22,val,train
13173,11,2,4,23,val,train
13174,11,2,4,24,val,train
13175,11,2,4,25,val,train
13176,11,2,4,26,val,train
13177,11,2,4,27,val,train
13178,11,2,4,28,val,train
13179,11,2,4,29,val,train
13180,11,2,4,30,val,train
13181,11,2,4,31,val,train
13182,11,2,4,32,val,train
13183,11,2,4,33,val,train
13184,11,2,4,34,val,train
13185,11,2,4,35,val,train
13186,11,2,4,36,val,train
13187,11,2,4,37,val,train
13188,11,2,4,38,val,train
13189,11,2,4,39,val,train
13190,11,2,4,40,val,train
13191,11,2,4,41,val,train
13192,11,2,4,42,val,train
13193,11,2,4,43,val,train
13194,11,2,4,44,val,train
13195,11,2,4,45,val,train
13196,11,2,4,46,val,train
13197,11,2,4,47,val,train
13198,11,2,4,48,val,train
13199,11,2,4,49,val,train
13200,11,2,4,50,val,train
13201,11,2,5,1,test,train
13202,11,2,5,2,test,train
13203,11,2,5,3,test,train
13204,11,2,5,4,test,train
13205,11,2,5,5,test,train
13206,11,2,5,6,test,train
13207,11,2,5,7,test,train
13208,11,2,5,8,test,train
13209,11,2,5,9,test,train
13210,11,2,5,10,test,train
13211,11,2,5,11,test,train
13212,11,2,5,12,test,train
13213,11,2,5,13,test,train
13214,11,2,5,14,test,train
13215,11,2,5,15,test,train
13216,11,2,5,16,test,train
13217,11,2,5,17,test,train
13218,11,2,5,18,test,train
13219,11,2,5,19,test,train
13220,11,2,5,20,test,train
13221,11,2,5,21,test,train
13222,11,2,5,22,test,train
13223,11,2,5,23,test,train
13224,11,2,5,24,test,train
13225,11,2,5,25,test,train
13226,11,2,5,26,test,train
13227,11,2,5,27,test,train
13228,11,2,5,28,test,train
13229,11,2,5,29,test,train
13230,11,2,5,30,test,train
13231,11,2,5,31,test,train
13232,11,2,5,32,test,train
13233,11,2,5,33,test,train
13234,11,2,5,34,test,train
13235,11,2,5,35,test,train
13236,11,2,5,36,test,train
13237,11,2,5,37,test,train
13238,11,2,5,38,test,train
13239,11,2,5,39,test,train
13240,11,2,5,40,test,train
13241,11,2,5,41,test,train
13242,11,2,5,42,test,train
13243,11,2,5,43,test,train
13244,11,2,5,44,test,train
13245,11,2,5,45,test,train
13246,11,2,5,46,test,train
13247,11,2,5,47,test,train
13248,11,2,5,48,test,train
13249,11,2,5,49,test,train
13250,11,2,5,50,test,train
13251,11,3,1,1,train,train
13252,11,3,1,2,train,train
13253,11,3,1,3,train,train
13254,11,3,1,4,train,train
13255,11,3,1,5,train,train
13256,11,3,1,6,train,train
13257,11,3,1,7,train,train
13258,11,3,1,8,train,train
13259,11,3,1,9,train,train
13260,11,3,1,10,train,train
13261,11,3,1,11,train,train
13262,11,3,1,12,train,train
13263,11,3,1,13,train,train
13264,11,3,1,14,train,train
13265,11,3,1,15,train,train
13266,11,3,1,16,train,train
13267,11,3,1,17,train,train
13268,11,3,1,18,train,train
13269,11,3,1,19,train,train
13270,11,3,1,20,train,train
13271,11,3,1,21,train,train
13272,11,3,1,22,train,train
13273,11,3,1,23,train,train
13274,11,3,1,24,train,train
13275,11,3,1,25,train,train
13276,11,3,1,26,train,train
13277,11,3,1,27,train,train
13278,11,3,1,28,train,train
13279,11,3,1,29,train,train
13280,11,3,1,30,train,train
13281,11,3,1,31,train,train
13282,11,3,1,32,train,train
13283,11,3,1,33,train,train
13284,11,3,1,34,train,train
13285,11,3,1,35,train,train
13286,11,3,1,36,train,train
13287,11,3,1,37,train,train
13288,11,3,1,38,train,train
13289,11,3,1,39,train,train
13290,11,3,1,40,train,train
13291,11,3,1,41,train,train
13292,11,3,1,42,train,train
13293,11,3,1,43,train,train
13294,11,3,1,44,train,train
13295,11,3,1,45,train,train
13296,11,3,1,46,train,train
13297,11,3,1,47,train,train
13298,11,3,1,48,train,train
13299,11,3,1,49,train,train
13300,11,3,1,50,train,train
13301,11,3,2,1,train,train
13302,11,3,2,2,train,train
13303,11,3,2,3,train,train
13304,11,3,2,4,train,train
13305,11,3,2,5,train,train
13306,11,3,2,6,train,train
13307,11,3,2,7,train,train
13308,11,3,2,8,train,train
13309,11,3,2,9,train,train
13310,11,3,2,10,train,train
13311,11,3,2,11,train,train
13312,11,3,2,12,train,train
13313,11,3,2,13,train,train
13314,11,3,2,14,train,train
13315,11,3,2,15,train,train
13316,11,3,2,16,train,train
13317,11,3,2,17,train,train
13318,11,3,2,18,train,train
13319,11,3,2,19,train,train
13320,11,3,2,20,train,train
13321,11,3,2,21,train,train
13322,11,3,2,22,train,train
13323,11,3,2,23,train,train
13324,11,3,2,24,train,train
13325,11,3,2,25,train,train
13326,11,3,2,26,train,train
13327,11,3,2,27,train,train
13328,11,3,2,28,train,train
13329,11,3,2,29,train,train
13330,11,3,2,30,train,train
13331,11,3,2,31,train,train
13332,11,3,2,32,train,train
13333,11,3,2,33,train,train
13334,11,3,2,34,train,train
13335,11,3,2,35,train,train
13336,11,3,2,36,train,train
13337,11,3,2,37,train,train
13338,11,3,2,38,train,train
13339,11,3,2,39,train,train
13340,11,3,2,40,train,train
13341,11,3,2,41,train,train
13342,11,3,2,42,train,train
13343,11,3,2,43,train,train
13344,11,3,2,44,train,train
13345,11,3,2,45,train,train
13346,11,3,2,46,train,train
13347,11,3,2,47,train,train
13348,11,3,2,48,train,train
13349,11,3,2,49,train,train
13350,11,3,2,50,train,train
13351,11,3,3,1,train,train
13352,11,3,3,2,train,train
13353,11,3,3,3,train,train
13354,11,3,3,4,train,train
13355,11,3,3,5,train,train
13356,11,3,3,6,train,train
13357,11,3,3,7,train,train
13358,11,3,3,8,train,train
13359,11,3,3,9,train,train
13360,11,3,3,10,train,train
13361,11,3,3,11,train,train
13362,11,3,3,12,train,train
13363,11,3,3,13,train,train
13364,11,3,3,14,train,train
13365,11,3,3,15,train,train
13366,11,3,3,16,train,train
13367,11,3,3,17,train,train
13368,11,3,3,18,train,train
13369,11,3,3,19,train,train
13370,11,3,3,20,train,train
13371,11,3,3,21,train,train
13372,11,3,3,22,train,train
13373,11,3,3,23,train,train
13374,11,3,3,24,train,train
13375,11,3,3,25,train,train
13376,11,3,3,26,train,train
13377,11,3,3,27,train,train
13378,11,3,3,28,train,train
13379,11,3,3,29,train,train
13380,11,3,3,30,train,train
13381,11,3,3,31,train,train
13382,11,3,3,32,train,train
13383,11,3,3,33,train,train
13384,11,3,3,34,train,train
13385,11,3,3,35,train,train
13386,11,3,3,36,train,train
13387,11,3,3,37,train,train
13388,11,3,3,38,train,train
13389,11,3,3,39,train,train
13390,11,3,3,40,train,train
13391,11,3,3,41,train,train
13392,11,3,3,42,train,train
13393,11,3,3,43,train,train
13394,11,3,3,44,train,train
13395,11,3,3,45,train,train
13396,11,3,3,46,train,train
13397,11,3,3,47,train,train
13398,11,3,3,48,train,train
13399,11,3,3,49,train,train
13400,11,3,3,50,train,train
13401,11,3,4,1,val,train
13402,11,3,4,2,val,train
13403,11,3,4,3,val,train
13404,11,3,4,4,val,train
13405,11,3,4,5,val,train
13406,11,3,4,6,val,train
13407,11,3,4,7,val,train
13408,11,3,4,8,val,train
13409,11,3,4,9,val,train
13410,11,3,4,10,val,train
13411,11,3,4,11,val,train
13412,11,3,4,12,val,train
13413,11,3,4,13,val,train
13414,11,3,4,14,val,train
13415,11,3,4,15,val,train
13416,11,3,4,16,val,train
13417,11,3,4,17,val,train
13418,11,3,4,18,val,train
13419,11,3,4,19,val,train
13420,11,3,4,20,val,train
13421,11,3,4,21,val,train
13422,11,3,4,22,val,train
13423,11,3,4,23,val,train
13424,11,3,4,24,val,train
13425,11,3,4,25,val,train
13426,11,3,4,26,val,train
13427,11,3,4,27,val,train
13428,11,3,4,28,val,train
13429,11,3,4,29,val,train
13430,11,3,4,30,val,train
13431,11,3,4,31,val,train
13432,11,3,4,32,val,train
13433,11,3,4,33,val,train
13434,11,3,4,34,val,train
13435,11,3,4,35,val,train
13436,11,3,4,36,val,train
13437,11,3,4,37,val,train
13438,11,3,4,38,val,train
13439,11,3,4,39,val,train
13440,11,3,4,40,val,train
13441,11,3,4,41,val,train
13442,11,3,4,42,val,train
13443,11,3,4,43,val,train
13444,11,3,4,44,val,train
13445,11,3,4,45,val,train
13446,11,3,4,46,val,train
13447,11,3,4,47,val,train
13448,11,3,4,48,val,train
13449,11,3,4,49,val,train
13450,11,3,4,50,val,train
13451,11,3,5,1,test,train
13452,11,3,5,2,test,train
13453,11,3,5,3,test,train
13454,11,3,5,4,test,train
13455,11,3,5,5,test,train
13456,11,3,5,6,test,train
13457,11,3,5,7,test,train
13458,11,3,5,8,test,train
13459,11,3,5,9,test,train
13460,11,3,5,10,test,train
13461,11,3,5,11,test,train
13462,11,3,5,12,test,train
13463,11,3,5,13,test,train
13464,11,3,5,14,test,train
13465,11,3,5,15,test,train
13466,11,3,5,16,test,train
13467,11,3,5,17,test,train
13468,11,3,5,18,test,train
13469,11,3,5,19,test,train
13470,11,3,5,20,test,train
13471,11,3,5,21,test,train
13472,11,3,5,22,test,train
13473,11,3,5,23,test,train
13474,11,3,5,24,test,train
13475,11,3,5,25,test,train
13476,11,3,5,26,test,train
13477,11,3,5,27,test,train
13478,11,3,5,28,test,train
13479,11,3,5,29,test,train
13480,11,3,5,30,test,train
13481,11,3,5,31,test,train
13482,11,3,5,32,test,train
13483,11,3,5,33,test,train
13484,11,3,5,34,test,train
13485,11,3,5,35,test,train
13486,11,3,5,36,test,train
13487,11,3,5,37,test,train
13488,11,3,5,38,test,train
13489,11,3,5,39,test,train
13490,11,3,5,40,test,train
13491,11,3,5,41,test,train
13492,11,3,5,42,test,train
13493,11,3,5,43,test,train
13494,11,3,5,44,test,train
13495,11,3,5,45,test,train
13496,11,3,5,46,test,train
13497,11,3,5,47,test,train
13498,11,3,5,48,test,train
13499,11,3,5,49,test,train
13500,11,3,5,50,test,train
13501,11,4,1,1,train,train
13502,11,4,1,2,train,train
13503,11,4,1,3,train,train
13504,11,4,1,4,train,train
13505,11,4,1,5,train,train
13506,11,4,1,6,train,train
13507,11,4,1,7,train,train
13508,11,4,1,8,train,train
13509,11,4,1,9,train,train
13510,11,4,1,10,train,train
13511,11,4,1,11,train,train
13512,11,4,1,12,train,train
13513,11,4,1,13,train,train
13514,11,4,1,14,train,train
13515,11,4,1,15,train,train
13516,11,4,1,16,train,train
13517,11,4,1,17,train,train
13518,11,4,1,18,train,train
13519,11,4,1,19,train,train
13520,11,4,1,20,train,train
13521,11,4,1,21,train,train
13522,11,4,1,22,train,train
13523,11,4,1,23,train,train
13524,11,4,1,24,train,train
13525,11,4,1,25,train,train
13526,11,4,1,26,train,train
13527,11,4,1,27,train,train
13528,11,4,1,28,train,train
13529,11,4,1,29,train,train
13530,11,4,1,30,train,train
13531,11,4,1,31,train,train
13532,11,4,1,32,train,train
13533,11,4,1,33,train,train
13534,11,4,1,34,train,train
13535,11,4,1,35,train,train
13536,11,4,1,36,train,train
13537,11,4,1,37,train,train
13538,11,4,1,38,train,train
13539,11,4,1,39,train,train
13540,11,4,1,40,train,train
13541,11,4,1,41,train,train
13542,11,4,1,42,train,train
13543,11,4,1,43,train,train
13544,11,4,1,44,train,train
13545,11,4,1,45,train,train
13546,11,4,1,46,train,train
13547,11,4,1,47,train,train
13548,11,4,1,48,train,train
13549,11,4,1,49,train,train
13550,11,4,1,50,train,train
13551,11,4,2,1,train,train
13552,11,4,2,2,train,train
13553,11,4,2,3,train,train
13554,11,4,2,4,train,train
13555,11,4,2,5,train,train
13556,11,4,2,6,train,train
13557,11,4,2,7,train,train
13558,11,4,2,8,train,train
13559,11,4,2,9,train,train
13560,11,4,2,10,train,train
13561,11,4,2,11,train,train
13562,11,4,2,12,train,train
13563,11,4,2,13,train,train
13564,11,4,2,14,train,train
13565,11,4,2,15,train,train
13566,11,4,2,16,train,train
13567,11,4,2,17,train,train
13568,11,4,2,18,train,train
13569,11,4,2,19,train,train
13570,11,4,2,20,train,train
13571,11,4,2,21,train,train
13572,11,4,2,22,train,train
13573,11,4,2,23,train,train
13574,11,4,2,24,train,train
13575,11,4,2,25,train,train
13576,11,4,2,26,train,train
13577,11,4,2,27,train,train
13578,11,4,2,28,train,train
13579,11,4,2,29,train,train
13580,11,4,2,30,train,train
13581,11,4,2,31,train,train
13582,11,4,2,32,train,train
13583,11,4,2,33,train,train
13584,11,4,2,34,train,train
13585,11,4,2,35,train,train
13586,11,4,2,36,train,train
13587,11,4,2,37,train,train
13588,11,4,2,38,train,train
13589,11,4,2,39,train,train
13590,11,4,2,40,train,train
13591,11,4,2,41,train,train
13592,11,4,2,42,train,train
13593,11,4,2,43,train,train
13594,11,4,2,44,train,train
13595,11,4,2,45,train,train
13596,11,4,2,46,train,train
13597,11,4,2,47,train,train
13598,11,4,2,48,train,train
13599,11,4,2,49,train,train
13600,11,4,2,50,train,train
13601,11,4,3,1,train,train
13602,11,4,3,2,train,train
13603,11,4,3,3,train,train
13604,11,4,3,4,train,train
13605,11,4,3,5,train,train
13606,11,4,3,6,train,train
13607,11,4,3,7,train,train
13608,11,4,3,8,train,train
13609,11,4,3,9,train,train
13610,11,4,3,10,train,train
13611,11,4,3,11,train,train
13612,11,4,3,12,train,train
13613,11,4,3,13,train,train
13614,11,4,3,14,train,train
13615,11,4,3,15,train,train
13616,11,4,3,16,train,train
13617,11,4,3,17,train,train
13618,11,4,3,18,train,train
13619,11,4,3,19,train,train
13620,11,4,3,20,train,train
13621,11,4,3,21,train,train
13622,11,4,3,22,train,train
13623,11,4,3,23,train,train
13624,11,4,3,24,train,train
13625,11,4,3,25,train,train
13626,11,4,3,26,train,train
13627,11,4,3,27,train,train
13628,11,4,3,28,train,train
13629,11,4,3,29,train,train
13630,11,4,3,30,train,train
13631,11,4,3,31,train,train
13632,11,4,3,32,train,train
13633,11,4,3,33,train,train
13634,11,4,3,34,train,train
13635,11,4,3,35,train,train
13636,11,4,3,36,train,train
13637,11,4,3,37,train,train
13638,11,4,3,38,train,train
13639,11,4,3,39,train,train
13640,11,4,3,40,train,train
13641,11,4,3,41,train,train
13642,11,4,3,42,train,train
13643,11,4,3,43,train,train
13644,11,4,3,44,train,train
13645,11,4,3,45,train,train
13646,11,4,3,46,train,train
13647,11,4,3,47,train,train
13648,11,4,3,48,train,train
13649,11,4,3,49,train,train
13650,11,4,3,50,train,train
13651,11,4,4,1,val,train
13652,11,4,4,2,val,train
13653,11,4,4,3,val,train
13654,11,4,4,4,val,train
13655,11,4,4,5,val,train
13656,11,4,4,6,val,train
13657,11,4,4,7,val,train
13658,11,4,4,8,val,train
13659,11,4,4,9,val,train
13660,11,4,4,10,val,train
13661,11,4,4,11,val,train
13662,11,4,4,12,val,train
13663,11,4,4,13,val,train
13664,11,4,4,14,val,train
13665,11,4,4,15,val,train
13666,11,4,4,16,val,train
13667,11,4,4,17,val,train
13668,11,4,4,18,val,train
13669,11,4,4,19,val,train
13670,11,4,4,20,val,train
13671,11,4,4,21,val,train
13672,11,4,4,22,val,train
13673,11,4,4,23,val,train
13674,11,4,4,24,val,train
13675,11,4,4,25,val,train
13676,11,4,4,26,val,train
13677,11,4,4,27,val,train
13678,11,4,4,28,val,train
13679,11,4,4,29,val,train
13680,11,4,4,30,val,train
13681,11,4,4,31,val,train
13682,11,4,4,32,val,train
13683,11,4,4,33,val,train
13684,11,4,4,34,val,train
13685,11,4,4,35,val,train
13686,11,4,4,36,val,train
13687,11,4,4,37,val,train
13688,11,4,4,38,val,train
13689,11,4,4,39,val,train
13690,11,4,4,40,val,train
13691,11,4,4,41,val,train
13692,11,4,4,42,val,train
13693,11,4,4,43,val,train
13694,11,4,4,44,val,train
13695,11,4,4,45,val,train
13696,11,4,4,46,val,train
13697,11,4,4,47,val,train
13698,11,4,4,48,val,train
13699,11,4,4,49,val,train
13700,11,4,4,50,val,train
13701,11,4,5,1,test,train
13702,11,4,5,2,test,train
13703,11,4,5,3,test,train
13704,11,4,5,4,test,train
13705,11,4,5,5,test,train
13706,11,4,5,6,test,train
13707,11,4,5,7,test,train
13708,11,4,5,8,test,train
13709,11,4,5,9,test,train
13710,11,4,5,10,test,train
13711,11,4,5,11,test,train
13712,11,4,5,12,test,train
13713,11,4,5,13,test,train
13714,11,4,5,14,test,train
13715,11,4,5,15,test,train
13716,11,4,5,16,test,train
13717,11,4,5,17,test,train
13718,11,4,5,18,test,train
13719,11,4,5,19,test,train
13720,11,4,5,20,test,train
13721,11,4,5,21,test,train
13722,11,4,5,22,test,train
13723,11,4,5,23,test,train
13724,11,4,5,24,test,train
13725,11,4,5,25,test,train
13726,11,4,5,26,test,train
13727,11,4,5,27,test,train
13728,11,4,5,28,test,train
13729,11,4,5,29,test,train
13730,11,4,5,30,test,train
13731,11,4,5,31,test,train
13732,11,4,5,32,test,train
13733,11,4,5,33,test,train
13734,11,4,5,34,test,train
13735,11,4,5,35,test,train
13736,11,4,5,36,test,train
13737,11,4,5,37,test,train
13738,11,4,5,38,test,train
13739,11,4,5,39,test,train
13740,11,4,5,40,test,train
13741,11,4,5,41,test,train
13742,11,4,5,42,test,train
13743,11,4,5,43,test,train
13744,11,4,5,44,test,train
13745,11,4,5,45,test,train
13746,11,4,5,46,test,train
13747,11,4,5,47,test,train
13748,11,4,5,48,test,train
13749,11,4,5,49,test,train
13750,11,4,5,50,test,train
13751,12,0,1,1,train,train
13752,12,0,1,2,train,train
13753,12,0,1,3,train,train
13754,12,0,1,4,train,train
13755,12,0,1,5,train,train
13756,12,0,1,6,train,train
13757,12,0,1,7,train,train
13758,12,0,1,8,train,train
13759,12,0,1,9,train,train
13760,12,0,1,10,train,train
13761,12,0,1,11,train,train
13762,12,0,1,12,train,train
13763,12,0,1,13,train,train
13764,12,0,1,14,train,train
13765,12,0,1,15,train,train
13766,12,0,1,16,train,train
13767,12,0,1,17,train,train
13768,12,0,1,18,train,train
13769,12,0,1,19,train,train
13770,12,0,1,20,train,train
13771,12,0,1,21,train,train
13772,12,0,1,22,train,train
13773,12,0,1,23,train,train
13774,12,0,1,24,train,train
13775,12,0,1,25,train,train
13776,12,0,1,26,train,train
13777,12,0,1,27,train,train
13778,12,0,1,28,train,train
13779,12,0,1,29,train,train
13780,12,0,1,30,train,train
13781,12,0,1,31,train,train
13782,12,0,1,32,train,train
13783,12,0,1,33,train,train
13784,12,0,1,34,train,train
13785,12,0,1,35,train,train
13786,12,0,1,36,train,train
13787,12,0,1,37,train,train
13788,12,0,1,38,train,train
13789,12,0,1,39,train,train
13790,12,0,1,40,train,train
13791,12,0,1,41,train,train
13792,12,0,1,42,train,train
13793,12,0,1,43,train,train
13794,12,0,1,44,train,train
13795,12,0,1,45,train,train
13796,12,0,1,46,train,train
13797,12,0,1,47,train,train
13798,12,0,1,48,train,train
13799,12,0,1,49,train,train
13800,12,0,1,50,train,train
13801,12,0,2,1,train,train
13802,12,0,2,2,train,train
13803,12,0,2,3,train,train
13804,12,0,2,4,train,train
13805,12,0,2,5,train,train
13806,12,0,2,6,train,train
13807,12,0,2,7,train,train
13808,12,0,2,8,train,train
13809,12,0,2,9,train,train
13810,12,0,2,10,train,train
13811,12,0,2,11,train,train
13812,12,0,2,12,train,train
13813,12,0,2,13,train,train
13814,12,0,2,14,train,train
13815,12,0,2,15,train,train
13816,12,0,2,16,train,train
13817,12,0,2,17,train,train
13818,12,0,2,18,train,train
13819,12,0,2,19,train,train
13820,12,0,2,20,train,train
13821,12,0,2,21,train,train
13822,12,0,2,22,train,train
13823,12,0,2,23,train,train
13824,12,0,2,24,train,train
13825,12,0,2,25,train,train
13826,12,0,2,26,train,train
13827,12,0,2,27,train,train
13828,12,0,2,28,train,train
13829,12,0,2,29,train,train
13830,12,0,2,30,train,train
13831,12,0,2,31,train,train
13832,12,0,2,32,train,train
13833,12,0,2,33,train,train
13834,12,0,2,34,train,train
13835,12,0,2,35,train,train
13836,12,0,2,36,train,train
13837,12,0,2,37,train,train
13838,12,0,2,38,train,train
13839,12,0,2,39,train,train
13840,12,0,2,40,train,train
13841,12,0,2,41,train,train
13842,12,0,2,42,train,train
13843,12,0,2,43,train,train
13844,12,0,2,44,train,train
13845,12,0,2,45,train,train
13846,12,0,2,46,train,train
13847,12,0,2,47,train,train
13848,12,0,2,48,train,train
13849,12,0,2,49,train,train
13850,12,0,2,50,train,train
13851,12,0,3,1,train,train
13852,12,0,3,2,train,train
13853,12,0,3,3,train,train
13854,12,0,3,4,train,train
13855,12,0,3,5,train,train
13856,12,0,3,6,train,train
13857,12,0,3,7,train,train
13858,12,0,3,8,train,train
13859,12,0,3,9,train,train
13860,12,0,3,10,train,train
13861,12,0,3,11,train,train
13862,12,0,3,12,train,train
13863,12,0,3,13,train,train
13864,12,0,3,14,train,train
13865,12,0,3,15,train,train
13866,12,0,3,16,train,train
13867,12,0,3,17,train,train
13868,12,0,3,18,train,train
13869,12,0,3,19,train,train
13870,12,0,3,20,train,train
13871,12,0,3,21,train,train
13872,12,0,3,22,train,train
13873,12,0,3,23,train,train
13874,12,0,3,24,train,train
13875,12,0,3,25,train,train
13876,12,0,3,26,train,train
13877,12,0,3,27,train,train
13878,12,0,3,28,train,train
13879,12,0,3,29,train,train
13880,12,0,3,30,train,train
13881,12,0,3,31,train,train
13882,12,0,3,32,train,train
13883,12,0,3,33,train,train
13884,12,0,3,34,train,train
13885,12,0,3,35,train,train
13886,12,0,3,36,train,train
13887,12,0,3,37,train,train
13888,12,0,3,38,train,train
13889,12,0,3,39,train,train
13890,12,0,3,40,train,train
13891,12,0,3,41,train,train
13892,12,0,3,42,train,train
13893,12,0,3,43,train,train
13894,12,0,3,44,train,train
13895,12,0,3,45,train,train
13896,12,0,3,46,train,train
13897,12,0,3,47,train,train
13898,12,0,3,48,train,train
13899,12,0,3,49,train,train
13900,12,0,3,50,train,train
13901,12,0,4,1,val,train
13902,12,0,4,2,val,train
13903,12,0,4,3,val,train
13904,12,0,4,4,val,train
13905,12,0,4,5,val,train
13906,12,0,4,6,val,train
13907,12,0,4,7,val,train
13908,12,0,4,8,val,train
13909,12,0,4,9,val,train
13910,12,0,4,10,val,train
13911,12,0,4,11,val,train
13912,12,0,4,12,val,train
13913,12,0,4,13,val,train
13914,12,0,4,14,val,train
13915,12,0,4,15,val,train
13916,12,0,4,16,val,train
13917,12,0,4,17,val,train
13918,12,0,4,18,val,train
13919,12,0,4,19,val,train
13920,12,0,4,20,val,train
13921,12,0,4,21,val,train
13922,12,0,4,22,val,train
13923,12,0,4,23,val,train
13924,12,0,4,24,val,train
13925,12,0,4,25,val,train
13926,12,0,4,26,val,train
13927,12,0,4,27,val,train
13928,12,0,4,28,val,train
13929,12,0,4,29,val,train
13930,12,0,4,30,val,train
13931,12,0,4,31,val,train
13932,12,0,4,32,val,train
13933,12,0,4,33,val,train
13934,12,0,4,34,val,train
13935,12,0,4,35,val,train
13936,12,0,4,36,val,train
13937,12,0,4,37,val,train
13938,12,0,4,38,val,train
13939,12,0,4,39,val,train
13940,12,0,4,40,val,train
13941,12,0,4,41,val,train
13942,12,0,4,42,val,train
13943,12,0,4,43,val,train
13944,12,0,4,44,val,train
13945,12,0,4,45,val,train
13946,12,0,4,46,val,train
13947,12,0,4,47,val,train
13948,12,0,4,48,val,train
13949,12,0,4,49,val,train
13950,12,0,4,50,val,train
13951,12,0,5,1,test,train
13952,12,0,5,2,test,train
13953,12,0,5,3,test,train
13954,12,0,5,4,test,train
13955,12,0,5,5,test,train
13956,12,0,5,6,test,train
13957,12,0,5,7,test,train
13958,12,0,5,8,test,train
13959,12,0,5,9,test,train
13960,12,0,5,10,test,train
13961,12,0,5,11,test,train
13962,12,0,5,12,test,train
13963,12,0,5,13,test,train
13964,12,0,5,14,test,train
13965,12,0,5,15,test,train
13966,12,0,5,16,test,train
13967,12,0,5,17,test,train
13968,12,0,5,18,test,train
13969,12,0,5,19,test,train
13970,12,0,5,20,test,train
13971,12,0,5,21,test,train
13972,12,0,5,22,test,train
13973,12,0,5,23,test,train
13974,12,0,5,24,test,train
13975,12,0,5,25,test,train
13976,12,0,5,26,test,train
13977,12,0,5,27,test,train
13978,12,0,5,28,test,train
13979,12,0,5,29,test,train
13980,12,0,5,30,test,train
13981,12,0,5,31,test,train
13982,12,0,5,32,test,train
13983,12,0,5,33,test,train
13984,12,0,5,34,test,train
13985,12,0,5,35,test,train
13986,12,0,5,36,test,train
13987,12,0,5,37,test,train
13988,12,0,5,38,test,train
13989,12,0,5,39,test,train
13990,12,0,5,40,test,train
13991,12,0,5,41,test,train
13992,12,0,5,42,test,train
13993,12,0,5,43,test,train
13994,12,0,5,44,test,train
13995,12,0,5,45,test,train
13996,12,0,5,46,test,train
13997,12,0,5,47,test,train
13998,12,0,5,48,test,train
13999,12,0,5,49,test,train
14000,12,0,5,50,test,train
14001,12,1,1,1,train,train
14002,12,1,1,2,train,train
14003,12,1,1,3,train,train
14004,12,1,1,4,train,train
14005,12,1,1,5,train,train
14006,12,1,1,6,train,train
14007,12,1,1,7,train,train
14008,12,1,1,8,train,train
14009,12,1,1,9,train,train
14010,12,1,1,10,train,train
14011,12,1,1,11,train,train
14012,12,1,1,12,train,train
14013,12,1,1,13,train,train
14014,12,1,1,14,train,train
14015,12,1,1,15,train,train
14016,12,1,1,16,train,train
14017,12,1,1,17,train,train
14018,12,1,1,18,train,train
14019,12,1,1,19,train,train
14020,12,1,1,20,train,train
14021,12,1,1,21,train,train
14022,12,1,1,22,train,train
14023,12,1,1,23,train,train
14024,12,1,1,24,train,train
14025,12,1,1,25,train,train
14026,12,1,1,26,train,train
14027,12,1,1,27,train,train
14028,12,1,1,28,train,train
14029,12,1,1,29,train,train
14030,12,1,1,30,train,train
14031,12,1,1,31,train,train
14032,12,1,1,32,train,train
14033,12,1,1,33,train,train
14034,12,1,1,34,train,train
14035,12,1,1,35,train,train
14036,12,1,1,36,train,train
14037,12,1,1,37,train,train
14038,12,1,1,38,train,train
14039,12,1,1,39,train,train
14040,12,1,1,40,train,train
14041,12,1,1,41,train,train
14042,12,1,1,42,train,train
14043,12,1,1,43,train,train
14044,12,1,1,44,train,train
14045,12,1,1,45,train,train
14046,12,1,1,46,train,train
14047,12,1,1,47,train,train
14048,12,1,1,48,train,train
14049,12,1,1,49,train,train
14050,12,1,1,50,train,train
14051,12,1,2,1,train,train
14052,12,1,2,2,train,train
14053,12,1,2,3,train,train
14054,12,1,2,4,train,train
14055,12,1,2,5,train,train
14056,12,1,2,6,train,train
14057,12,1,2,7,train,train
14058,12,1,2,8,train,train
14059,12,1,2,9,train,train
14060,12,1,2,10,train,train
14061,12,1,2,11,train,train
14062,12,1,2,12,train,train
14063,12,1,2,13,train,train
14064,12,1,2,14,train,train
14065,12,1,2,15,train,train
14066,12,1,2,16,train,train
14067,12,1,2,17,train,train
14068,12,1,2,18,train,train
14069,12,1,2,19,train,train
14070,12,1,2,20,train,train
14071,12,1,2,21,train,train
14072,12,1,2,22,train,train
14073,12,1,2,23,train,train
14074,12,1,2,24,train,train
14075,12,1,2,25,train,train
14076,12,1,2,26,train,train
14077,12,1,2,27,train,train
14078,12,1,2,28,train,train
14079,12,1,2,29,train,train
14080,12,1,2,30,train,train
14081,12,1,2,31,train,train
14082,12,1,2,32,train,train
14083,12,1,2,33,train,train
14084,12,1,2,34,train,train
14085,12,1,2,35,train,train
14086,12,1,2,36,train,train
14087,12,1,2,37,train,train
14088,12,1,2,38,train,train
14089,12,1,2,39,train,train
14090,12,1,2,40,train,train
14091,12,1,2,41,train,train
14092,12,1,2,42,train,train
14093,12,1,2,43,train,train
14094,12,1,2,44,train,train
14095,12,1,2,45,train,train
14096,12,1,2,46,train,train
14097,12,1,2,47,train,train
14098,12,1,2,48,train,train
14099,12,1,2,49,train,train
14100,12,1,2,50,train,train
14101,12,1,3,1,train,train
14102,12,1,3,2,train,train
14103,12,1,3,3,train,train
14104,12,1,3,4,train,train
14105,12,1,3,5,train,train
14106,12,1,3,6,train,train
14107,12,1,3,7,train,train
14108,12,1,3,8,train,train
14109,12,1,3,9,train,train
14110,12,1,3,10,train,train
14111,12,1,3,11,train,train
14112,12,1,3,12,train,train
14113,12,1,3,13,train,train
14114,12,1,3,14,train,train
14115,12,1,3,15,train,train
14116,12,1,3,16,train,train
14117,12,1,3,17,train,train
14118,12,1,3,18,train,train
14119,12,1,3,19,train,train
14120,12,1,3,20,train,train
14121,12,1,3,21,train,train
14122,12,1,3,22,train,train
14123,12,1,3,23,train,train
14124,12,1,3,24,train,train
14125,12,1,3,25,train,train
14126,12,1,3,26,train,train
14127,12,1,3,27,train,train
14128,12,1,3,28,train,train
14129,12,1,3,29,train,train
14130,12,1,3,30,train,train
14131,12,1,3,31,train,train
14132,12,1,3,32,train,train
14133,12,1,3,33,train,train
14134,12,1,3,34,train,train
14135,12,1,3,35,train,train
14136,12,1,3,36,train,train
14137,12,1,3,37,train,train
14138,12,1,3,38,train,train
14139,12,1,3,39,train,train
14140,12,1,3,40,train,train
14141,12,1,3,41,train,train
14142,12,1,3,42,train,train
14143,12,1,3,43,train,train
14144,12,1,3,44,train,train
14145,12,1,3,45,train,train
14146,12,1,3,46,train,train
14147,12,1,3,47,train,train
14148,12,1,3,48,train,train
14149,12,1,3,49,train,train
14150,12,1,3,50,train,train
14151,12,1,4,1,val,train
14152,12,1,4,2,val,train
14153,12,1,4,3,val,train
14154,12,1,4,4,val,train
14155,12,1,4,5,val,train
14156,12,1,4,6,val,train
14157,12,1,4,7,val,train
14158,12,1,4,8,val,train
14159,12,1,4,9,val,train
14160,12,1,4,10,val,train
14161,12,1,4,11,val,train
14162,12,1,4,12,val,train
14163,12,1,4,13,val,train
14164,12,1,4,14,val,train
14165,12,1,4,15,val,train
14166,12,1,4,16,val,train
14167,12,1,4,17,val,train
14168,12,1,4,18,val,train
14169,12,1,4,19,val,train
14170,12,1,4,20,val,train
14171,12,1,4,21,val,train
14172,12,1,4,22,val,train
14173,12,1,4,23,val,train
14174,12,1,4,24,val,train
14175,12,1,4,25,val,train
14176,12,1,4,26,val,train
14177,12,1,4,27,val,train
14178,12,1,4,28,val,train
14179,12,1,4,29,val,train
14180,12,1,4,30,val,train
14181,12,1,4,31,val,train
14182,12,1,4,32,val,train
14183,12,1,4,33,val,train
14184,12,1,4,34,val,train
14185,12,1,4,35,val,train
14186,12,1,4,36,val,train
14187,12,1,4,37,val,train
14188,12,1,4,38,val,train
14189,12,1,4,39,val,train
14190,12,1,4,40,val,train
14191,12,1,4,41,val,train
14192,12,1,4,42,val,train
14193,12,1,4,43,val,train
14194,12,1,4,44,val,train
14195,12,1,4,45,val,train
14196,12,1,4,46,val,train
14197,12,1,4,47,val,train
14198,12,1,4,48,val,train
14199,12,1,4,49,val,train
14200,12,1,4,50,val,train
14201,12,1,5,1,test,train
14202,12,1,5,2,test,train
14203,12,1,5,3,test,train
14204,12,1,5,4,test,train
14205,12,1,5,5,test,train
14206,12,1,5,6,test,train
14207,12,1,5,7,test,train
14208,12,1,5,8,test,train
14209,12,1,5,9,test,train
14210,12,1,5,10,test,train
14211,12,1,5,11,test,train
14212,12,1,5,12,test,train
14213,12,1,5,13,test,train
14214,12,1,5,14,test,train
14215,12,1,5,15,test,train
14216,12,1,5,16,test,train
14217,12,1,5,17,test,train
14218,12,1,5,18,test,train
14219,12,1,5,19,test,train
14220,12,1,5,20,test,train
14221,12,1,5,21,test,train
14222,12,1,5,22,test,train
14223,12,1,5,23,test,train
14224,12,1,5,24,test,train
14225,12,1,5,25,test,train
14226,12,1,5,26,test,train
14227,12,1,5,27,test,train
14228,12,1,5,28,test,train
14229,12,1,5,29,test,train
14230,12,1,5,30,test,train
14231,12,1,5,31,test,train
14232,12,1,5,32,test,train
14233,12,1,5,33,test,train
14234,12,1,5,34,test,train
14235,12,1,5,35,test,train
14236,12,1,5,36,test,train
14237,12,1,5,37,test,train
14238,12,1,5,38,test,train
14239,12,1,5,39,test,train
14240,12,1,5,40,test,train
14241,12,1,5,41,test,train
14242,12,1,5,42,test,train
14243,12,1,5,43,test,train
14244,12,1,5,44,test,train
14245,12,1,5,45,test,train
14246,12,1,5,46,test,train
14247,12,1,5,47,test,train
14248,12,1,5,48,test,train
14249,12,1,5,49,test,train
14250,12,1,5,50,test,train
14251,12,2,1,1,train,train
14252,12,2,1,2,train,train
14253,12,2,1,3,train,train
14254,12,2,1,4,train,train
14255,12,2,1,5,train,train
14256,12,2,1,6,train,train
14257,12,2,1,7,train,train
14258,12,2,1,8,train,train
14259,12,2,1,9,train,train
14260,12,2,1,10,train,train
14261,12,2,1,11,train,train
14262,12,2,1,12,train,train
14263,12,2,1,13,train,train
14264,12,2,1,14,train,train
14265,12,2,1,15,train,train
14266,12,2,1,16,train,train
14267,12,2,1,17,train,train
14268,12,2,1,18,train,train
14269,12,2,1,19,train,train
14270,12,2,1,20,train,train
14271,12,2,1,21,train,train
14272,12,2,1,22,train,train
14273,12,2,1,23,train,train
14274,12,2,1,24,train,train
14275,12,2,1,25,train,train
14276,12,2,1,26,train,train
14277,12,2,1,27,train,train
14278,12,2,1,28,train,train
14279,12,2,1,29,train,train
14280,12,2,1,30,train,train
14281,12,2,1,31,train,train
14282,12,2,1,32,train,train
14283,12,2,1,33,train,train
14284,12,2,1,34,train,train
14285,12,2,1,35,train,train
14286,12,2,1,36,train,train
14287,12,2,1,37,train,train
14288,12,2,1,38,train,train
14289,12,2,1,39,train,train
14290,12,2,1,40,train,train
14291,12,2,1,41,train,train
14292,12,2,1,42,train,train
14293,12,2,1,43,train,train
14294,12,2,1,44,train,train
14295,12,2,1,45,train,train
14296,12,2,1,46,train,train
14297,12,2,1,47,train,train
14298,12,2,1,48,train,train
14299,12,2,1,49,train,train
14300,12,2,1,50,train,train
14301,12,2,2,1,train,train
14302,12,2,2,2,train,train
14303,12,2,2,3,train,train
14304,12,2,2,4,train,train
14305,12,2,2,5,train,train
14306,12,2,2,6,train,train
14307,12,2,2,7,train,train
14308,12,2,2,8,train,train
14309,12,2,2,9,train,train
14310,12,2,2,10,train,train
14311,12,2,2,11,train,train
14312,12,2,2,12,train,train
14313,12,2,2,13,train,train
14314,12,2,2,14,train,train
14315,12,2,2,15,train,train
14316,12,2,2,16,train,train
14317,12,2,2,17,train,train
14318,12,2,2,18,train,train
14319,12,2,2,19,train,train
14320,12,2,2,20,train,train
14321,12,2,2,21,train,train
14322,12,2,2,22,train,train
14323,12,2,2,23,train,train
14324,12,2,2,24,train,train
14325,12,2,2,25,train,train
14326,12,2,2,26,train,train
14327,12,2,2,27,train,train
14328,12,2,2,28,train,train
14329,12,2,2,29,train,train
14330,12,2,2,30,train,train
14331,12,2,2,31,train,train
14332,12,2,2,32,train,train
14333,12,2,2,33,train,train
14334,12,2,2,34,train,train
14335,12,2,2,35,train,train
14336,12,2,2,36,train,train
14337,12,2,2,37,train,train
14338,12,2,2,38,train,train
14339,12,2,2,39,train,train
14340,12,2,2,40,train,train
14341,12,2,2,41,train,train
14342,12,2,2,42,train,train
14343,12,2,2,43,train,train
14344,12,2,2,44,train,train
14345,12,2,2,45,train,train
14346,12,2,2,46,train,train
14347,12,2,2,47,train,train
14348,12,2,2,48,train,train
14349,12,2,2,49,train,train
14350,12,2,2,50,train,train
14351,12,2,3,1,train,train
14352,12,2,3,2,train,train
14353,12,2,3,3,train,train
14354,12,2,3,4,train,train
14355,12,2,3,5,train,train
14356,12,2,3,6,train,train
14357,12,2,3,7,train,train
14358,12,2,3,8,train,train
14359,12,2,3,9,train,train
14360,12,2,3,10,train,train
14361,12,2,3,11,train,train
14362,12,2,3,12,train,train
14363,12,2,3,13,train,train
14364,12,2,3,14,train,train
14365,12,2,3,15,train,train
14366,12,2,3,16,train,train
14367,12,2,3,17,train,train
14368,12,2,3,18,train,train
14369,12,2,3,19,train,train
14370,12,2,3,20,train,train
14371,12,2,3,21,train,train
14372,12,2,3,22,train,train
14373,12,2,3,23,train,train
14374,12,2,3,24,train,train
14375,12,2,3,25,train,train
14376,12,2,3,26,train,train
14377,12,2,3,27,train,train
14378,12,2,3,28,train,train
14379,12,2,3,29,train,train
14380,12,2,3,30,train,train
14381,12,2,3,31,train,train
14382,12,2,3,32,train,train
14383,12,2,3,33,train,train
14384,12,2,3,34,train,train
14385,12,2,3,35,train,train
14386,12,2,3,36,train,train
14387,12,2,3,37,train,train
14388,12,2,3,38,train,train
14389,12,2,3,39,train,train
14390,12,2,3,40,train,train
14391,12,2,3,41,train,train
14392,12,2,3,42,train,train
14393,12,2,3,43,train,train
14394,12,2,3,44,train,train
14395,12,2,3,45,train,train
14396,12,2,3,46,train,train
14397,12,2,3,47,train,train
14398,12,2,3,48,train,train
14399,12,2,3,49,train,train
14400,12,2,3,50,train,train
14401,12,2,4,1,val,train
14402,12,2,4,2,val,train
14403,12,2,4,3,val,train
14404,12,2,4,4,val,train
14405,12,2,4,5,val,train
14406,12,2,4,6,val,train
14407,12,2,4,7,val,train
14408,12,2,4,8,val,train
14409,12,2,4,9,val,train
14410,12,2,4,10,val,train
14411,12,2,4,11,val,train
14412,12,2,4,12,val,train
14413,12,2,4,13,val,train
14414,12,2,4,14,val,train
14415,12,2,4,15,val,train
14416,12,2,4,16,val,train
14417,12,2,4,17,val,train
14418,12,2,4,18,val,train
14419,12,2,4,19,val,train
14420,12,2,4,20,val,train
14421,12,2,4,21,val,train
14422,12,2,4,22,val,train
14423,12,2,4,23,val,train
14424,12,2,4,24,val,train
14425,12,2,4,25,val,train
14426,12,2,4,26,val,train
14427,12,2,4,27,val,train
14428,12,2,4,28,val,train
14429,12,2,4,29,val,train
14430,12,2,4,30,val,train
14431,12,2,4,31,val,train
14432,12,2,4,32,val,train
14433,12,2,4,33,val,train
14434,12,2,4,34,val,train
14435,12,2,4,35,val,train
14436,12,2,4,36,val,train
14437,12,2,4,37,val,train
14438,12,2,4,38,val,train
14439,12,2,4,39,val,train
14440,12,2,4,40,val,train
14441,12,2,4,41,val,train
14442,12,2,4,42,val,train
14443,12,2,4,43,val,train
14444,12,2,4,44,val,train
14445,12,2,4,45,val,train
14446,12,2,4,46,val,train
14447,12,2,4,47,val,train
14448,12,2,4,48,val,train
14449,12,2,4,49,val,train
14450,12,2,4,50,val,train
14451,12,2,5,1,test,train
14452,12,2,5,2,test,train
14453,12,2,5,3,test,train
14454,12,2,5,4,test,train
14455,12,2,5,5,test,train
14456,12,2,5,6,test,train
14457,12,2,5,7,test,train
14458,12,2,5,8,test,train
14459,12,2,5,9,test,train
14460,12,2,5,10,test,train
14461,12,2,5,11,test,train
14462,12,2,5,12,test,train
14463,12,2,5,13,test,train
14464,12,2,5,14,test,train
14465,12,2,5,15,test,train
14466,12,2,5,16,test,train
14467,12,2,5,17,test,train
14468,12,2,5,18,test,train
14469,12,2,5,19,test,train
14470,12,2,5,20,test,train
14471,12,2,5,21,test,train
14472,12,2,5,22,test,train
14473,12,2,5,23,test,train
14474,12,2,5,24,test,train
14475,12,2,5,25,test,train
14476,12,2,5,26,test,train
14477,12,2,5,27,test,train
14478,12,2,5,28,test,train
14479,12,2,5,29,test,train
14480,12,2,5,30,test,train
14481,12,2,5,31,test,train
14482,12,2,5,32,test,train
14483,12,2,5,33,test,train
14484,12,2,5,34,test,train
14485,12,2,5,35,test,train
14486,12,2,5,36,test,train
14487,12,2,5,37,test,train
14488,12,2,5,38,test,train
14489,12,2,5,39,test,train
14490,12,2,5,40,test,train
14491,12,2,5,41,test,train
14492,12,2,5,42,test,train
14493,12,2,5,43,test,train
14494,12,2,5,44,test,train
14495,12,2,5,45,test,train
14496,12,2,5,46,test,train
14497,12,2,5,47,test,train
14498,12,2,5,48,test,train
14499,12,2,5,49,test,train
14500,12,2,5,50,test,train
14501,12,3,1,1,train,train
14502,12,3,1,2,train,train
14503,12,3,1,3,train,train
14504,12,3,1,4,train,train
14505,12,3,1,5,train,train
14506,12,3,1,6,train,train
14507,12,3,1,7,train,train
14508,12,3,1,8,train,train
14509,12,3,1,9,train,train
14510,12,3,1,10,train,train
14511,12,3,1,11,train,train
14512,12,3,1,12,train,train
14513,12,3,1,13,train,train
14514,12,3,1,14,train,train
14515,12,3,1,15,train,train
14516,12,3,1,16,train,train
14517,12,3,1,17,train,train
14518,12,3,1,18,train,train
14519,12,3,1,19,train,train
14520,12,3,1,20,train,train
14521,12,3,1,21,train,train
14522,12,3,1,22,train,train
14523,12,3,1,23,train,train
14524,12,3,1,24,train,train
14525,12,3,1,25,train,train
14526,12,3,1,26,train,train
14527,12,3,1,27,train,train
14528,12,3,1,28,train,train
14529,12,3,1,29,train,train
14530,12,3,1,30,train,train
14531,12,3,1,31,train,train
14532,12,3,1,32,train,train
14533,12,3,1,33,train,train
14534,12,3,1,34,train,train
14535,12,3,1,35,train,train
14536,12,3,1,36,train,train
14537,12,3,1,37,train,train
14538,12,3,1,38,train,train
14539,12,3,1,39,train,train
14540,12,3,1,40,train,train
14541,12,3,1,41,train,train
14542,12,3,1,42,train,train
14543,12,3,1,43,train,train
14544,12,3,1,44,train,train
14545,12,3,1,45,train,train
14546,12,3,1,46,train,train
14547,12,3,1,47,train,train
14548,12,3,1,48,train,train
14549,12,3,1,49,train,train
14550,12,3,1,50,train,train
14551,12,3,2,1,train,train
14552,12,3,2,2,train,train
14553,12,3,2,3,train,train
14554,12,3,2,4,train,train
14555,12,3,2,5,train,train
14556,12,3,2,6,train,train
14557,12,3,2,7,train,train
14558,12,3,2,8,train,train
14559,12,3,2,9,train,train
14560,12,3,2,10,train,train
14561,12,3,2,11,train,train
14562,12,3,2,12,train,train
14563,12,3,2,13,train,train
14564,12,3,2,14,train,train
14565,12,3,2,15,train,train
14566,12,3,2,16,train,train
14567,12,3,2,17,train,train
14568,12,3,2,18,train,train
14569,12,3,2,19,train,train
14570,12,3,2,20,train,train
14571,12,3,2,21,train,train
14572,12,3,2,22,train,train
14573,12,3,2,23,train,train
14574,12,3,2,24,train,train
14575,12,3,2,25,train,train
14576,12,3,2,26,train,train
14577,12,3,2,27,train,train
14578,12,3,2,28,train,train
14579,12,3,2,29,train,train
14580,12,3,2,30,train,train
14581,12,3,2,31,train,train
14582,12,3,2,32,train,train
14583,12,3,2,33,train,train
14584,12,3,2,34,train,train
14585,12,3,2,35,train,train
14586,12,3,2,36,train,train
14587,12,3,2,37,train,train
14588,12,3,2,38,train,train
14589,12,3,2,39,train,train
14590,12,3,2,40,train,train
14591,12,3,2,41,train,train
14592,12,3,2,42,train,train
14593,12,3,2,43,train,train
14594,12,3,2,44,train,train
14595,12,3,2,45,train,train
14596,12,3,2,46,train,train
14597,12,3,2,47,train,train
14598,12,3,2,48,train,train
14599,12,3,2,49,train,train
14600,12,3,2,50,train,train
14601,12,3,3,1,train,train
14602,12,3,3,2,train,train
14603,12,3,3,3,train,train
14604,12,3,3,4,train,train
14605,12,3,3,5,train,train
14606,12,3,3,6,train,train
14607,12,3,3,7,train,train
14608,12,3,3,8,train,train
14609,12,3,3,9,train,train
14610,12,3,3,10,train,train
14611,12,3,3,11,train,train
14612,12,3,3,12,train,train
14613,12,3,3,13,train,train
14614,12,3,3,14,train,train
14615,12,3,3,15,train,train
14616,12,3,3,16,train,train
14617,12,3,3,17,train,train
14618,12,3,3,18,train,train
14619,12,3,3,19,train,train
14620,12,3,3,20,train,train
14621,12,3,3,21,train,train
14622,12,3,3,22,train,train
14623,12,3,3,23,train,train
14624,12,3,3,24,train,train
14625,12,3,3,25,train,train
14626,12,3,3,26,train,train
14627,12,3,3,27,train,train
14628,12,3,3,28,train,train
14629,12,3,3,29,train,train
14630,12,3,3,30,train,train
14631,12,3,3,31,train,train
14632,12,3,3,32,train,train
14633,12,3,3,33,train,train
14634,12,3,3,34,train,train
14635,12,3,3,35,train,train
14636,12,3,3,36,train,train
14637,12,3,3,37,train,train
14638,12,3,3,38,train,train
14639,12,3,3,39,train,train
14640,12,3,3,40,train,train
14641,12,3,3,41,train,train
14642,12,3,3,42,train,train
14643,12,3,3,43,train,train
14644,12,3,3,44,train,train
14645,12,3,3,45,train,train
14646,12,3,3,46,train,train
14647,12,3,3,47,train,train
14648,12,3,3,48,train,train
14649,12,3,3,49,train,train
14650,12,3,3,50,train,train
14651,12,3,4,1,val,train
14652,12,3,4,2,val,train
14653,12,3,4,3,val,train
14654,12,3,4,4,val,train
14655,12,3,4,5,val,train
14656,12,3,4,6,val,train
14657,12,3,4,7,val,train
14658,12,3,4,8,val,train
14659,12,3,4,9,val,train
14660,12,3,4,10,val,train
14661,12,3,4,11,val,train
14662,12,3,4,12,val,train
14663,12,3,4,13,val,train
14664,12,3,4,14,val,train
14665,12,3,4,15,val,train
14666,12,3,4,16,val,train
14667,12,3,4,17,val,train
14668,12,3,4,18,val,train
14669,12,3,4,19,val,train
14670,12,3,4,20,val,train
14671,12,3,4,21,val,train
14672,12,3,4,22,val,train
14673,12,3,4,23,val,train
14674,12,3,4,24,val,train
14675,12,3,4,25,val,train
14676,12,3,4,26,val,train
14677,12,3,4,27,val,train
14678,12,3,4,28,val,train
14679,12,3,4,29,val,train
14680,12,3,4,30,val,train
14681,12,3,4,31,val,train
14682,12,3,4,32,val,train
14683,12,3,4,33,val,train
14684,12,3,4,34,val,train
14685,12,3,4,35,val,train
14686,12,3,4,36,val,train
14687,12,3,4,37,val,train
14688,12,3,4,38,val,train
14689,12,3,4,39,val,train
14690,12,3,4,40,val,train
14691,12,3,4,41,val,train
14692,12,3,4,42,val,train
14693,12,3,4,43,val,train
14694,12,3,4,44,val,train
14695,12,3,4,45,val,train
14696,12,3,4,46,val,train
14697,12,3,4,47,val,train
14698,12,3,4,48,val,train
14699,12,3,4,49,val,train
14700,12,3,4,50,val,train
14701,12,3,5,1,test,train
14702,12,3,5,2,test,train
14703,12,3,5,3,test,train
14704,12,3,5,4,test,train
14705,12,3,5,5,test,train
14706,12,3,5,6,test,train
14707,12,3,5,7,test,train
14708,12,3,5,8,test,train
14709,12,3,5,9,test,train
14710,12,3,5,10,test,train
14711,12,3,5,11,test,train
14712,12,3,5,12,test,train
14713,12,3,5,13,test,train
14714,12,3,5,14,test,train
14715,12,3,5,15,test,train
14716,12,3,5,16,test,train
14717,12,3,5,17,test,train
14718,12,3,5,18,test,train
14719,12,3,5,19,test,train
14720,12,3,5,20,test,train
14721,12,3,5,21,test,train
14722,12,3,5,22,test,train
14723,12,3,5,23,test,train
14724,12,3,5,24,test,train
14725,12,3,5,25,test,train
14726,12,3,5,26,test,train
14727,12,3,5,27,test,train
14728,12,3,5,28,test,train
14729,12,3,5,29,test,train
14730,12,3,5,30,test,train
14731,12,3,5,31,test,train
14732,12,3,5,32,test,train
14733,12,3,5,33,test,train
14734,12,3,5,34,test,train
14735,12,3,5,35,test,train
14736,12,3,5,36,test,train
14737,12,3,5,37,test,train
14738,12,3,5,38,test,train
14739,12,3,5,39,test,train
14740,12,3,5,40,test,train
14741,12,3,5,41,test,train
14742,12,3,5,42,test,train
14743,12,3,5,43,test,train
14744,12,3,5,44,test,train
14745,12,3,5,45,test,train
14746,12,3,5,46,test,train
14747,12,3,5,47,test,train
14748,12,3,5,48,test,train
14749,12,3,5,49,test,train
14750,12,3,5,50,test,train
14751,12,4,1,1,train,train
14752,12,4,1,2,train,train
14753,12,4,1,3,train,train
14754,12,4,1,4,train,train
14755,12,4,1,5,train,train
14756,12,4,1,6,train,train
14757,12,4,1,7,train,train
14758,12,4,1,8,train,train
14759,12,4,1,9,train,train
14760,12,4,1,10,train,train
14761,12,4,1,11,train,train
14762,12,4,1,12,train,train
14763,12,4,1,13,train,train
14764,12,4,1,14,train,train
14765,12,4,1,15,train,train
14766,12,4,1,16,train,train
14767,12,4,1,17,train,train
14768,12,4,1,18,train,train
14769,12,4,1,19,train,train
14770,12,4,1,20,train,train
14771,12,4,1,21,train,train
14772,12,4,1,22,train,train
14773,12,4,1,23,train,train
14774,12,4,1,24,train,train
14775,12,4,1,25,train,train
14776,12,4,1,26,train,train
14777,12,4,1,27,train,train
14778,12,4,1,28,train,train
14779,12,4,1,29,train,train
14780,12,4,1,30,train,train
14781,12,4,1,31,train,train
14782,12,4,1,32,train,train
14783,12,4,1,33,train,train
14784,12,4,1,34,train,train
14785,12,4,1,35,train,train
14786,12,4,1,36,train,train
14787,12,4,1,37,train,train
14788,12,4,1,38,train,train
14789,12,4,1,39,train,train
14790,12,4,1,40,train,train
14791,12,4,1,41,train,train
14792,12,4,1,42,train,train
14793,12,4,1,43,train,train
14794,12,4,1,44,train,train
14795,12,4,1,45,train,train
14796,12,4,1,46,train,train
14797,12,4,1,47,train,train
14798,12,4,1,48,train,train
14799,12,4,1,49,train,train
14800,12,4,1,50,train,train
14801,12,4,2,1,train,train
14802,12,4,2,2,train,train
14803,12,4,2,3,train,train
14804,12,4,2,4,train,train
14805,12,4,2,5,train,train
14806,12,4,2,6,train,train
14807,12,4,2,7,train,train
14808,12,4,2,8,train,train
14809,12,4,2,9,train,train
14810,12,4,2,10,train,train
14811,12,4,2,11,train,train
14812,12,4,2,12,train,train
14813,12,4,2,13,train,train
14814,12,4,2,14,train,train
14815,12,4,2,15,train,train
14816,12,4,2,16,train,train
14817,12,4,2,17,train,train
14818,12,4,2,18,train,train
14819,12,4,2,19,train,train
14820,12,4,2,20,train,train
14821,12,4,2,21,train,train
14822,12,4,2,22,train,train
14823,12,4,2,23,train,train
14824,12,4,2,24,train,train
14825,12,4,2,25,train,train
14826,12,4,2,26,train,train
14827,12,4,2,27,train,train
14828,12,4,2,28,train,train
14829,12,4,2,29,train,train
14830,12,4,2,30,train,train
14831,12,4,2,31,train,train
14832,12,4,2,32,train,train
14833,12,4,2,33,train,train
14834,12,4,2,34,train,train
14835,12,4,2,35,train,train
14836,12,4,2,36,train,train
14837,12,4,2,37,train,train
14838,12,4,2,38,train,train
14839,12,4,2,39,train,train
14840,12,4,2,40,train,train
14841,12,4,2,41,train,train
14842,12,4,2,42,train,train
14843,12,4,2,43,train,train
14844,12,4,2,44,train,train
14845,12,4,2,45,train,train
14846,12,4,2,46,train,train
14847,12,4,2,47,train,train
14848,12,4,2,48,train,train
14849,12,4,2,49,train,train
14850,12,4,2,50,train,train
14851,12,4,3,1,train,train
14852,12,4,3,2,train,train
14853,12,4,3,3,train,train
14854,12,4,3,4,train,train
14855,12,4,3,5,train,train
14856,12,4,3,6,train,train
14857,12,4,3,7,train,train
14858,12,4,3,8,train,train
14859,12,4,3,9,train,train
14860,12,4,3,10,train,train
14861,12,4,3,11,train,train
14862,12,4,3,12,train,train
14863,12,4,3,13,train,train
14864,12,4,3,14,train,train
14865,12,4,3,15,train,train
14866,12,4,3,16,train,train
14867,12,4,3,17,train,train
14868,12,4,3,18,train,train
14869,12,4,3,19,train,train
14870,12,4,3,20,train,train
14871,12,4,3,21,train,train
14872,12,4,3,22,train,train
14873,12,4,3,23,train,train
14874,12,4,3,24,train,train
14875,12,4,3,25,train,train
14876,12,4,3,26,train,train
14877,12,4,3,27,train,train
14878,12,4,3,28,train,train
14879,12,4,3,29,train,train
14880,12,4,3,30,train,train
14881,12,4,3,31,train,train
14882,12,4,3,32,train,train
14883,12,4,3,33,train,train
14884,12,4,3,34,train,train
14885,12,4,3,35,train,train
14886,12,4,3,36,train,train
14887,12,4,3,37,train,train
14888,12,4,3,38,train,train
14889,12,4,3,39,train,train
14890,12,4,3,40,train,train
14891,12,4,3,41,train,train
14892,12,4,3,42,train,train
14893,12,4,3,43,train,train
14894,12,4,3,44,train,train
14895,12,4,3,45,train,train
14896,12,4,3,46,train,train
14897,12,4,3,47,train,train
14898,12,4,3,48,train,train
14899,12,4,3,49,train,train
14900,12,4,3,50,train,train
14901,12,4,4,1,val,train
14902,12,4,4,2,val,train
14903,12,4,4,3,val,train
14904,12,4,4,4,val,train
14905,12,4,4,5,val,train
14906,12,4,4,6,val,train
14907,12,4,4,7,val,train
14908,12,4,4,8,val,train
14909,12,4,4,9,val,train
14910,12,4,4,10,val,train
14911,12,4,4,11,val,train
14912,12,4,4,12,val,train
14913,12,4,4,13,val,train
14914,12,4,4,14,val,train
14915,12,4,4,15,val,train
14916,12,4,4,16,val,train
14917,12,4,4,17,val,train
14918,12,4,4,18,val,train
14919,12,4,4,19,val,train
14920,12,4,4,20,val,train
14921,12,4,4,21,val,train
14922,12,4,4,22,val,train
14923,12,4,4,23,val,train
14924,12,4,4,24,val,train
14925,12,4,4,25,val,train
14926,12,4,4,26,val,train
14927,12,4,4,27,val,train
14928,12,4,4,28,val,train
14929,12,4,4,29,val,train
14930,12,4,4,30,val,train
14931,12,4,4,31,val,train
14932,12,4,4,32,val,train
14933,12,4,4,33,val,train
14934,12,4,4,34,val,train
14935,12,4,4,35,val,train
14936,12,4,4,36,val,train
14937,12,4,4,37,val,train
14938,12,4,4,38,val,train
14939,12,4,4,39,val,train
14940,12,4,4,40,val,train
14941,12,4,4,41,val,train
14942,12,4,4,42,val,train
14943,12,4,4,43,val,train
14944,12,4,4,44,val,train
14945,12,4,4,45,val,train
14946,12,4,4,46,val,train
14947,12,4,4,47,val,train
14948,12,4,4,48,val,train
14949,12,4,4,49,val,train
14950,12,4,4,50,val,train
14951,12,4,5,1,test,train
14952,12,4,5,2,test,train
14953,12,4,5,3,test,train
14954,12,4,5,4,test,train
14955,12,4,5,5,test,train
14956,12,4,5,6,test,train
14957,12,4,5,7,test,train
14958,12,4,5,8,test,train
14959,12,4,5,9,test,train
14960,12,4,5,10,test,train
14961,12,4,5,11,test,train
14962,12,4,5,12,test,train
14963,12,4,5,13,test,train
14964,12,4,5,14,test,train
14965,12,4,5,15,test,train
14966,12,4,5,16,test,train
14967,12,4,5,17,test,train
14968,12,4,5,18,test,train
14969,12,4,5,19,test,train
14970,12,4,5,20,test,train
14971,12,4,5,21,test,train
14972,12,4,5,22,test,train
14973,12,4,5,23,test,train
14974,12,4,5,24,test,train
14975,12,4,5,25,test,train
14976,12,4,5,26,test,train
14977,12,4,5,27,test,train
14978,12,4,5,28,test,train
14979,12,4,5,29,test,train
14980,12,4,5,30,test,train
14981,12,4,5,31,test,train
14982,12,4,5,32,test,train
14983,12,4,5,33,test,train
14984,12,4,5,34,test,train
14985,12,4,5,35,test,train
14986,12,4,5,36,test,train
14987,12,4,5,37,test,train
14988,12,4,5,38,test,train
14989,12,4,5,39,test,train
14990,12,4,5,40,test,train
14991,12,4,5,41,test,train
14992,12,4,5,42,test,train
14993,12,4,5,43,test,train
14994,12,4,5,44,test,train
14995,12,4,5,45,test,train
14996,12,4,5,46,test,train
14997,12,4,5,47,test,train
14998,12,4,5,48,test,train
14999,12,4,5,49,test,train
15000,12,4,5,50,test,train
15001,13,0,1,1,train,train
15002,13,0,1,2,train,train
15003,13,0,1,3,train,train
15004,13,0,1,4,train,train
15005,13,0,1,5,train,train
15006,13,0,1,6,train,train
15007,13,0,1,7,train,train
15008,13,0,1,8,train,train
15009,13,0,1,9,train,train
15010,13,0,1,10,train,train
15011,13,0,1,11,train,train
15012,13,0,1,12,train,train
15013,13,0,1,13,train,train
15014,13,0,1,14,train,train
15015,13,0,1,15,train,train
15016,13,0,1,16,train,train
15017,13,0,1,17,train,train
15018,13,0,1,18,train,train
15019,13,0,1,19,train,train
15020,13,0,1,20,train,train
15021,13,0,1,21,train,train
15022,13,0,1,22,train,train
15023,13,0,1,23,train,train
15024,13,0,1,24,train,train
15025,13,0,1,25,train,train
15026,13,0,1,26,train,train
15027,13,0,1,27,train,train
15028,13,0,1,28,train,train
15029,13,0,1,29,train,train
15030,13,0,1,30,train,train
15031,13,0,1,31,train,train
15032,13,0,1,32,train,train
15033,13,0,1,33,train,train
15034,13,0,1,34,train,train
15035,13,0,1,35,train,train
15036,13,0,1,36,train,train
15037,13,0,1,37,train,train
15038,13,0,1,38,train,train
15039,13,0,1,39,train,train
15040,13,0,1,40,train,train
15041,13,0,1,41,train,train
15042,13,0,1,42,train,train
15043,13,0,1,43,train,train
15044,13,0,1,44,train,train
15045,13,0,1,45,train,train
15046,13,0,1,46,train,train
15047,13,0,1,47,train,train
15048,13,0,1,48,train,train
15049,13,0,1,49,train,train
15050,13,0,1,50,train,train
15051,13,0,2,1,train,train
15052,13,0,2,2,train,train
15053,13,0,2,3,train,train
15054,13,0,2,4,train,train
15055,13,0,2,5,train,train
15056,13,0,2,6,train,train
15057,13,0,2,7,train,train
15058,13,0,2,8,train,train
15059,13,0,2,9,train,train
15060,13,0,2,10,train,train
15061,13,0,2,11,train,train
15062,13,0,2,12,train,train
15063,13,0,2,13,train,train
15064,13,0,2,14,train,train
15065,13,0,2,15,train,train
15066,13,0,2,16,train,train
15067,13,0,2,17,train,train
15068,13,0,2,18,train,train
15069,13,0,2,19,train,train
15070,13,0,2,20,train,train
15071,13,0,2,21,train,train
15072,13,0,2,22,train,train
15073,13,0,2,23,train,train
15074,13,0,2,24,train,train
15075,13,0,2,25,train,train
15076,13,0,2,26,train,train
15077,13,0,2,27,train,train
15078,13,0,2,28,train,train
15079,13,0,2,29,train,train
15080,13,0,2,30,train,train
15081,13,0,2,31,train,train
15082,13,0,2,32,train,train
15083,13,0,2,33,train,train
15084,13,0,2,34,train,train
15085,13,0,2,35,train,train
15086,13,0,2,36,train,train
15087,13,0,2,37,train,train
15088,13,0,2,38,train,train
15089,13,0,2,39,train,train
15090,13,0,2,40,train,train
15091,13,0,2,41,train,train
15092,13,0,2,42,train,train
15093,13,0,2,43,train,train
15094,13,0,2,44,train,train
15095,13,0,2,45,train,train
15096,13,0,2,46,train,train
15097,13,0,2,47,train,train
15098,13,0,2,48,train,train
15099,13,0,2,49,train,train
15100,13,0,2,50,train,train
15101,13,0,3,1,train,train
15102,13,0,3,2,train,train
15103,13,0,3,3,train,train
15104,13,0,3,4,train,train
15105,13,0,3,5,train,train
15106,13,0,3,6,train,train
15107,13,0,3,7,train,train
15108,13,0,3,8,train,train
15109,13,0,3,9,train,train
15110,13,0,3,10,train,train
15111,13,0,3,11,train,train
15112,13,0,3,12,train,train
15113,13,0,3,13,train,train
15114,13,0,3,14,train,train
15115,13,0,3,15,train,train
15116,13,0,3,16,train,train
15117,13,0,3,17,train,train
15118,13,0,3,18,train,train
15119,13,0,3,19,train,train
15120,13,0,3,20,train,train
15121,13,0,3,21,train,train
15122,13,0,3,22,train,train
15123,13,0,3,23,train,train
15124,13,0,3,24,train,train
15125,13,0,3,25,train,train
15126,13,0,3,26,train,train
15127,13,0,3,27,train,train
15128,13,0,3,28,train,train
15129,13,0,3,29,train,train
15130,13,0,3,30,train,train
15131,13,0,3,31,train,train
15132,13,0,3,32,train,train
15133,13,0,3,33,train,train
15134,13,0,3,34,train,train
15135,13,0,3,35,train,train
15136,13,0,3,36,train,train
15137,13,0,3,37,train,train
15138,13,0,3,38,train,train
15139,13,0,3,39,train,train
15140,13,0,3,40,train,train
15141,13,0,3,41,train,train
15142,13,0,3,42,train,train
15143,13,0,3,43,train,train
15144,13,0,3,44,train,train
15145,13,0,3,45,train,train
15146,13,0,3,46,train,train
15147,13,0,3,47,train,train
15148,13,0,3,48,train,train
15149,13,0,3,49,train,train
15150,13,0,3,50,train,train
15151,13,0,4,1,val,train
15152,13,0,4,2,val,train
15153,13,0,4,3,val,train
15154,13,0,4,4,val,train
15155,13,0,4,5,val,train
15156,13,0,4,6,val,train
15157,13,0,4,7,val,train
15158,13,0,4,8,val,train
15159,13,0,4,9,val,train
15160,13,0,4,10,val,train
15161,13,0,4,11,val,train
15162,13,0,4,12,val,train
15163,13,0,4,13,val,train
15164,13,0,4,14,val,train
15165,13,0,4,15,val,train
15166,13,0,4,16,val,train
15167,13,0,4,17,val,train
15168,13,0,4,18,val,train
15169,13,0,4,19,val,train
15170,13,0,4,20,val,train
15171,13,0,4,21,val,train
15172,13,0,4,22,val,train
15173,13,0,4,23,val,train
15174,13,0,4,24,val,train
15175,13,0,4,25,val,train
15176,13,0,4,26,val,train
15177,13,0,4,27,val,train
15178,13,0,4,28,val,train
15179,13,0,4,29,val,train
15180,13,0,4,30,val,train
15181,13,0,4,31,val,train
15182,13,0,4,32,val,train
15183,13,0,4,33,val,train
15184,13,0,4,34,val,train
15185,13,0,4,35,val,train
15186,13,0,4,36,val,train
15187,13,0,4,37,val,train
15188,13,0,4,38,val,train
15189,13,0,4,39,val,train
15190,13,0,4,40,val,train
15191,13,0,4,41,val,train
15192,13,0,4,42,val,train
15193,13,0,4,43,val,train
15194,13,0,4,44,val,train
15195,13,0,4,45,val,train
15196,13,0,4,46,val,train
15197,13,0,4,47,val,train
15198,13,0,4,48,val,train
15199,13,0,4,49,val,train
15200,13,0,4,50,val,train
15201,13,0,5,1,test,train
15202,13,0,5,2,test,train
15203,13,0,5,3,test,train
15204,13,0,5,4,test,train
15205,13,0,5,5,test,train
15206,13,0,5,6,test,train
15207,13,0,5,7,test,train
15208,13,0,5,8,test,train
15209,13,0,5,9,test,train
15210,13,0,5,10,test,train
15211,13,0,5,11,test,train
15212,13,0,5,12,test,train
15213,13,0,5,13,test,train
15214,13,0,5,14,test,train
15215,13,0,5,15,test,train
15216,13,0,5,16,test,train
15217,13,0,5,17,test,train
15218,13,0,5,18,test,train
15219,13,0,5,19,test,train
15220,13,0,5,20,test,train
15221,13,0,5,21,test,train
15222,13,0,5,22,test,train
15223,13,0,5,23,test,train
15224,13,0,5,24,test,train
15225,13,0,5,25,test,train
15226,13,0,5,26,test,train
15227,13,0,5,27,test,train
15228,13,0,5,28,test,train
15229,13,0,5,29,test,train
15230,13,0,5,30,test,train
15231,13,0,5,31,test,train
15232,13,0,5,32,test,train
15233,13,0,5,33,test,train
15234,13,0,5,34,test,train
15235,13,0,5,35,test,train
15236,13,0,5,36,test,train
15237,13,0,5,37,test,train
15238,13,0,5,38,test,train
15239,13,0,5,39,test,train
15240,13,0,5,40,test,train
15241,13,0,5,41,test,train
15242,13,0,5,42,test,train
15243,13,0,5,43,test,train
15244,13,0,5,44,test,train
15245,13,0,5,45,test,train
15246,13,0,5,46,test,train
15247,13,0,5,47,test,train
15248,13,0,5,48,test,train
15249,13,0,5,49,test,train
15250,13,0,5,50,test,train
15251,13,1,1,1,train,train
15252,13,1,1,2,train,train
15253,13,1,1,3,train,train
15254,13,1,1,4,train,train
15255,13,1,1,5,train,train
15256,13,1,1,6,train,train
15257,13,1,1,7,train,train
15258,13,1,1,8,train,train
15259,13,1,1,9,train,train
15260,13,1,1,10,train,train
15261,13,1,1,11,train,train
15262,13,1,1,12,train,train
15263,13,1,1,13,train,train
15264,13,1,1,14,train,train
15265,13,1,1,15,train,train
15266,13,1,1,16,train,train
15267,13,1,1,17,train,train
15268,13,1,1,18,train,train
15269,13,1,1,19,train,train
15270,13,1,1,20,train,train
15271,13,1,1,21,train,train
15272,13,1,1,22,train,train
15273,13,1,1,23,train,train
15274,13,1,1,24,train,train
15275,13,1,1,25,train,train
15276,13,1,1,26,train,train
15277,13,1,1,27,train,train
15278,13,1,1,28,train,train
15279,13,1,1,29,train,train
15280,13,1,1,30,train,train
15281,13,1,1,31,train,train
15282,13,1,1,32,train,train
15283,13,1,1,33,train,train
15284,13,1,1,34,train,train
15285,13,1,1,35,train,train
15286,13,1,1,36,train,train
15287,13,1,1,37,train,train
15288,13,1,1,38,train,train
15289,13,1,1,39,train,train
15290,13,1,1,40,train,train
15291,13,1,1,41,train,train
15292,13,1,1,42,train,train
15293,13,1,1,43,train,train
15294,13,1,1,44,train,train
15295,13,1,1,45,train,train
15296,13,1,1,46,train,train
15297,13,1,1,47,train,train
15298,13,1,1,48,train,train
15299,13,1,1,49,train,train
15300,13,1,1,50,train,train
15301,13,1,2,1,train,train
15302,13,1,2,2,train,train
15303,13,1,2,3,train,train
15304,13,1,2,4,train,train
15305,13,1,2,5,train,train
15306,13,1,2,6,train,train
15307,13,1,2,7,train,train
15308,13,1,2,8,train,train
15309,13,1,2,9,train,train
15310,13,1,2,10,train,train
15311,13,1,2,11,train,train
15312,13,1,2,12,train,train
15313,13,1,2,13,train,train
15314,13,1,2,14,train,train
15315,13,1,2,15,train,train
15316,13,1,2,16,train,train
15317,13,1,2,17,train,train
15318,13,1,2,18,train,train
15319,13,1,2,19,train,train
15320,13,1,2,20,train,train
15321,13,1,2,21,train,train
15322,13,1,2,22,train,train
15323,13,1,2,23,train,train
15324,13,1,2,24,train,train
15325,13,1,2,25,train,train
15326,13,1,2,26,train,train
15327,13,1,2,27,train,train
15328,13,1,2,28,train,train
15329,13,1,2,29,train,train
15330,13,1,2,30,train,train
15331,13,1,2,31,train,train
15332,13,1,2,32,train,train
15333,13,1,2,33,train,train
15334,13,1,2,34,train,train
15335,13,1,2,35,train,train
15336,13,1,2,36,train,train
15337,13,1,2,37,train,train
15338,13,1,2,38,train,train
15339,13,1,2,39,train,train
15340,13,1,2,40,train,train
15341,13,1,2,41,train,train
15342,13,1,2,42,train,train
15343,13,1,2,43,train,train
15344,13,1,2,44,train,train
15345,13,1,2,45,train,train
15346,13,1,2,46,train,train
15347,13,1,2,47,train,train
15348,13,1,2,48,train,train
15349,13,1,2,49,train,train
15350,13,1,2,50,train,train
15351,13,1,3,1,train,train
15352,13,1,3,2,train,train
15353,13,1,3,3,train,train
15354,13,1,3,4,train,train
15355,13,1,3,5,train,train
15356,13,1,3,6,train,train
15357,13,1,3,7,train,train
15358,13,1,3,8,train,train
15359,13,1,3,9,train,train
15360,13,1,3,10,train,train
15361,13,1,3,11,train,train
15362,13,1,3,12,train,train
15363,13,1,3,13,train,train
15364,13,1,3,14,train,train
15365,13,1,3,15,train,train
15366,13,1,3,16,train,train
15367,13,1,3,17,train,train
15368,13,1,3,18,train,train
15369,13,1,3,19,train,train
15370,13,1,3,20,train,train
15371,13,1,3,21,train,train
15372,13,1,3,22,train,train
15373,13,1,3,23,train,train
15374,13,1,3,24,train,train
15375,13,1,3,25,train,train
15376,13,1,3,26,train,train
15377,13,1,3,27,train,train
15378,13,1,3,28,train,train
15379,13,1,3,29,train,train
15380,13,1,3,30,train,train
15381,13,1,3,31,train,train
15382,13,1,3,32,train,train
15383,13,1,3,33,train,train
15384,13,1,3,34,train,train
15385,13,1,3,35,train,train
15386,13,1,3,36,train,train
15387,13,1,3,37,train,train
15388,13,1,3,38,train,train
15389,13,1,3,39,train,train
15390,13,1,3,40,train,train
15391,13,1,3,41,train,train
15392,13,1,3,42,train,train
15393,13,1,3,43,train,train
15394,13,1,3,44,train,train
15395,13,1,3,45,train,train
15396,13,1,3,46,train,train
15397,13,1,3,47,train,train
15398,13,1,3,48,train,train
15399,13,1,3,49,train,train
15400,13,1,3,50,train,train
15401,13,1,4,1,val,train
15402,13,1,4,2,val,train
15403,13,1,4,3,val,train
15404,13,1,4,4,val,train
15405,13,1,4,5,val,train
15406,13,1,4,6,val,train
15407,13,1,4,7,val,train
15408,13,1,4,8,val,train
15409,13,1,4,9,val,train
15410,13,1,4,10,val,train
15411,13,1,4,11,val,train
15412,13,1,4,12,val,train
15413,13,1,4,13,val,train
15414,13,1,4,14,val,train
15415,13,1,4,15,val,train
15416,13,1,4,16,val,train
15417,13,1,4,17,val,train
15418,13,1,4,18,val,train
15419,13,1,4,19,val,train
15420,13,1,4,20,val,train
15421,13,1,4,21,val,train
15422,13,1,4,22,val,train
15423,13,1,4,23,val,train
15424,13,1,4,24,val,train
15425,13,1,4,25,val,train
15426,13,1,4,26,val,train
15427,13,1,4,27,val,train
15428,13,1,4,28,val,train
15429,13,1,4,29,val,train
15430,13,1,4,30,val,train
15431,13,1,4,31,val,train
15432,13,1,4,32,val,train
15433,13,1,4,33,val,train
15434,13,1,4,34,val,train
15435,13,1,4,35,val,train
15436,13,1,4,36,val,train
15437,13,1,4,37,val,train
15438,13,1,4,38,val,train
15439,13,1,4,39,val,train
15440,13,1,4,40,val,train
15441,13,1,4,41,val,train
15442,13,1,4,42,val,train
15443,13,1,4,43,val,train
15444,13,1,4,44,val,train
15445,13,1,4,45,val,train
15446,13,1,4,46,val,train
15447,13,1,4,47,val,train
15448,13,1,4,48,val,train
15449,13,1,4,49,val,train
15450,13,1,4,50,val,train
15451,13,1,5,1,test,train
15452,13,1,5,2,test,train
15453,13,1,5,3,test,train
15454,13,1,5,4,test,train
15455,13,1,5,5,test,train
15456,13,1,5,6,test,train
15457,13,1,5,7,test,train
15458,13,1,5,8,test,train
15459,13,1,5,9,test,train
15460,13,1,5,10,test,train
15461,13,1,5,11,test,train
15462,13,1,5,12,test,train
15463,13,1,5,13,test,train
15464,13,1,5,14,test,train
15465,13,1,5,15,test,train
15466,13,1,5,16,test,train
15467,13,1,5,17,test,train
15468,13,1,5,18,test,train
15469,13,1,5,19,test,train
15470,13,1,5,20,test,train
15471,13,1,5,21,test,train
15472,13,1,5,22,test,train
15473,13,1,5,23,test,train
15474,13,1,5,24,test,train
15475,13,1,5,25,test,train
15476,13,1,5,26,test,train
15477,13,1,5,27,test,train
15478,13,1,5,28,test,train
15479,13,1,5,29,test,train
15480,13,1,5,30,test,train
15481,13,1,5,31,test,train
15482,13,1,5,32,test,train
15483,13,1,5,33,test,train
15484,13,1,5,34,test,train
15485,13,1,5,35,test,train
15486,13,1,5,36,test,train
15487,13,1,5,37,test,train
15488,13,1,5,38,test,train
15489,13,1,5,39,test,train
15490,13,1,5,40,test,train
15491,13,1,5,41,test,train
15492,13,1,5,42,test,train
15493,13,1,5,43,test,train
15494,13,1,5,44,test,train
15495,13,1,5,45,test,train
15496,13,1,5,46,test,train
15497,13,1,5,47,test,train
15498,13,1,5,48,test,train
15499,13,1,5,49,test,train
15500,13,1,5,50,test,train
15501,13,2,1,1,train,train
15502,13,2,1,2,train,train
15503,13,2,1,3,train,train
15504,13,2,1,4,train,train
15505,13,2,1,5,train,train
15506,13,2,1,6,train,train
15507,13,2,1,7,train,train
15508,13,2,1,8,train,train
15509,13,2,1,9,train,train
15510,13,2,1,10,train,train
15511,13,2,1,11,train,train
15512,13,2,1,12,train,train
15513,13,2,1,13,train,train
15514,13,2,1,14,train,train
15515,13,2,1,15,train,train
15516,13,2,1,16,train,train
15517,13,2,1,17,train,train
15518,13,2,1,18,train,train
15519,13,2,1,19,train,train
15520,13,2,1,20,train,train
15521,13,2,1,21,train,train
15522,13,2,1,22,train,train
15523,13,2,1,23,train,train
15524,13,2,1,24,train,train
15525,13,2,1,25,train,train
15526,13,2,1,26,train,train
15527,13,2,1,27,train,train
15528,13,2,1,28,train,train
15529,13,2,1,29,train,train
15530,13,2,1,30,train,train
15531,13,2,1,31,train,train
15532,13,2,1,32,train,train
15533,13,2,1,33,train,train
15534,13,2,1,34,train,train
15535,13,2,1,35,train,train
15536,13,2,1,36,train,train
15537,13,2,1,37,train,train
15538,13,2,1,38,train,train
15539,13,2,1,39,train,train
15540,13,2,1,40,train,train
15541,13,2,1,41,train,train
15542,13,2,1,42,train,train
15543,13,2,1,43,train,train
15544,13,2,1,44,train,train
15545,13,2,1,45,train,train
15546,13,2,1,46,train,train
15547,13,2,1,47,train,train
15548,13,2,1,48,train,train
15549,13,2,1,49,train,train
15550,13,2,1,50,train,train
15551,13,2,2,1,train,train
15552,13,2,2,2,train,train
15553,13,2,2,3,train,train
15554,13,2,2,4,train,train
15555,13,2,2,5,train,train
15556,13,2,2,6,train,train
15557,13,2,2,7,train,train
15558,13,2,2,8,train,train
15559,13,2,2,9,train,train
15560,13,2,2,10,train,train
15561,13,2,2,11,train,train
15562,13,2,2,12,train,train
15563,13,2,2,13,train,train
15564,13,2,2,14,train,train
15565,13,2,2,15,train,train
15566,13,2,2,16,train,train
15567,13,2,2,17,train,train
15568,13,2,2,18,train,train
15569,13,2,2,19,train,train
15570,13,2,2,20,train,train
15571,13,2,2,21,train,train
15572,13,2,2,22,train,train
15573,13,2,2,23,train,train
15574,13,2,2,24,train,train
15575,13,2,2,25,train,train
15576,13,2,2,26,train,train
15577,13,2,2,27,train,train
15578,13,2,2,28,train,train
15579,13,2,2,29,train,train
15580,13,2,2,30,train,train
15581,13,2,2,31,train,train
15582,13,2,2,32,train,train
15583,13,2,2,33,train,train
15584,13,2,2,34,train,train
15585,13,2,2,35,train,train
15586,13,2,2,36,train,train
15587,13,2,2,37,train,train
15588,13,2,2,38,train,train
15589,13,2,2,39,train,train
15590,13,2,2,40,train,train
15591,13,2,2,41,train,train
15592,13,2,2,42,train,train
15593,13,2,2,43,train,train
15594,13,2,2,44,train,train
15595,13,2,2,45,train,train
15596,13,2,2,46,train,train
15597,13,2,2,47,train,train
15598,13,2,2,48,train,train
15599,13,2,2,49,train,train
15600,13,2,2,50,train,train
15601,13,2,3,1,train,train
15602,13,2,3,2,train,train
15603,13,2,3,3,train,train
15604,13,2,3,4,train,train
15605,13,2,3,5,train,train
15606,13,2,3,6,train,train
15607,13,2,3,7,train,train
15608,13,2,3,8,train,train
15609,13,2,3,9,train,train
15610,13,2,3,10,train,train
15611,13,2,3,11,train,train
15612,13,2,3,12,train,train
15613,13,2,3,13,train,train
15614,13,2,3,14,train,train
15615,13,2,3,15,train,train
15616,13,2,3,16,train,train
15617,13,2,3,17,train,train
15618,13,2,3,18,train,train
15619,13,2,3,19,train,train
15620,13,2,3,20,train,train
15621,13,2,3,21,train,train
15622,13,2,3,22,train,train
15623,13,2,3,23,train,train
15624,13,2,3,24,train,train
15625,13,2,3,25,train,train
15626,13,2,3,26,train,train
15627,13,2,3,27,train,train
15628,13,2,3,28,train,train
15629,13,2,3,29,train,train
15630,13,2,3,30,train,train
15631,13,2,3,31,train,train
15632,13,2,3,32,train,train
15633,13,2,3,33,train,train
15634,13,2,3,34,train,train
15635,13,2,3,35,train,train
15636,13,2,3,36,train,train
15637,13,2,3,37,train,train
15638,13,2,3,38,train,train
15639,13,2,3,39,train,train
15640,13,2,3,40,train,train
15641,13,2,3,41,train,train
15642,13,2,3,42,train,train
15643,13,2,3,43,train,train
15644,13,2,3,44,train,train
15645,13,2,3,45,train,train
15646,13,2,3,46,train,train
15647,13,2,3,47,train,train
15648,13,2,3,48,train,train
15649,13,2,3,49,train,train
15650,13,2,3,50,train,train
15651,13,2,4,1,val,train
15652,13,2,4,2,val,train
15653,13,2,4,3,val,train
15654,13,2,4,4,val,train
15655,13,2,4,5,val,train
15656,13,2,4,6,val,train
15657,13,2,4,7,val,train
15658,13,2,4,8,val,train
15659,13,2,4,9,val,train
15660,13,2,4,10,val,train
15661,13,2,4,11,val,train
15662,13,2,4,12,val,train
15663,13,2,4,13,val,train
15664,13,2,4,14,val,train
15665,13,2,4,15,val,train
15666,13,2,4,16,val,train
15667,13,2,4,17,val,train
15668,13,2,4,18,val,train
15669,13,2,4,19,val,train
15670,13,2,4,20,val,train
15671,13,2,4,21,val,train
15672,13,2,4,22,val,train
15673,13,2,4,23,val,train
15674,13,2,4,24,val,train
15675,13,2,4,25,val,train
15676,13,2,4,26,val,train
15677,13,2,4,27,val,train
15678,13,2,4,28,val,train
15679,13,2,4,29,val,train
15680,13,2,4,30,val,train
15681,13,2,4,31,val,train
15682,13,2,4,32,val,train
15683,13,2,4,33,val,train
15684,13,2,4,34,val,train
15685,13,2,4,35,val,train
15686,13,2,4,36,val,train
15687,13,2,4,37,val,train
15688,13,2,4,38,val,train
15689,13,2,4,39,val,train
15690,13,2,4,40,val,train
15691,13,2,4,41,val,train
15692,13,2,4,42,val,train
15693,13,2,4,43,val,train
15694,13,2,4,44,val,train
15695,13,2,4,45,val,train
15696,13,2,4,46,val,train
15697,13,2,4,47,val,train
15698,13,2,4,48,val,train
15699,13,2,4,49,val,train
15700,13,2,4,50,val,train
15701,13,2,5,1,test,train
15702,13,2,5,2,test,train
15703,13,2,5,3,test,train
15704,13,2,5,4,test,train
15705,13,2,5,5,test,train
15706,13,2,5,6,test,train
15707,13,2,5,7,test,train
15708,13,2,5,8,test,train
15709,13,2,5,9,test,train
15710,13,2,5,10,test,train
15711,13,2,5,11,test,train
15712,13,2,5,12,test,train
15713,13,2,5,13,test,train
15714,13,2,5,14,test,train
15715,13,2,5,15,test,train
15716,13,2,5,16,test,train
15717,13,2,5,17,test,train
15718,13,2,5,18,test,train
15719,13,2,5,19,test,train
15720,13,2,5,20,test,train
15721,13,2,5,21,test,train
15722,13,2,5,22,test,train
15723,13,2,5,23,test,train
15724,13,2,5,24,test,train
15725,13,2,5,25,test,train
15726,13,2,5,26,test,train
15727,13,2,5,27,test,train
15728,13,2,5,28,test,train
15729,13,2,5,29,test,train
15730,13,2,5,30,test,train
15731,13,2,5,31,test,train
15732,13,2,5,32,test,train
15733,13,2,5,33,test,train
15734,13,2,5,34,test,train
15735,13,2,5,35,test,train
15736,13,2,5,36,test,train
15737,13,2,5,37,test,train
15738,13,2,5,38,test,train
15739,13,2,5,39,test,train
15740,13,2,5,40,test,train
15741,13,2,5,41,test,train
15742,13,2,5,42,test,train
15743,13,2,5,43,test,train
15744,13,2,5,44,test,train
15745,13,2,5,45,test,train
15746,13,2,5,46,test,train
15747,13,2,5,47,test,train
15748,13,2,5,48,test,train
15749,13,2,5,49,test,train
15750,13,2,5,50,test,train
15751,13,3,1,1,train,train
15752,13,3,1,2,train,train
15753,13,3,1,3,train,train
15754,13,3,1,4,train,train
15755,13,3,1,5,train,train
15756,13,3,1,6,train,train
15757,13,3,1,7,train,train
15758,13,3,1,8,train,train
15759,13,3,1,9,train,train
15760,13,3,1,10,train,train
15761,13,3,1,11,train,train
15762,13,3,1,12,train,train
15763,13,3,1,13,train,train
15764,13,3,1,14,train,train
15765,13,3,1,15,train,train
15766,13,3,1,16,train,train
15767,13,3,1,17,train,train
15768,13,3,1,18,train,train
15769,13,3,1,19,train,train
15770,13,3,1,20,train,train
15771,13,3,1,21,train,train
15772,13,3,1,22,train,train
15773,13,3,1,23,train,train
15774,13,3,1,24,train,train
15775,13,3,1,25,train,train
15776,13,3,1,26,train,train
15777,13,3,1,27,train,train
15778,13,3,1,28,train,train
15779,13,3,1,29,train,train
15780,13,3,1,30,train,train
15781,13,3,1,31,train,train
15782,13,3,1,32,train,train
15783,13,3,1,33,train,train
15784,13,3,1,34,train,train
15785,13,3,1,35,train,train
15786,13,3,1,36,train,train
15787,13,3,1,37,train,train
15788,13,3,1,38,train,train
15789,13,3,1,39,train,train
15790,13,3,1,40,train,train
15791,13,3,1,41,train,train
15792,13,3,1,42,train,train
15793,13,3,1,43,train,train
15794,13,3,1,44,train,train
15795,13,3,1,45,train,train
15796,13,3,1,46,train,train
15797,13,3,1,47,train,train
15798,13,3,1,48,train,train
15799,13,3,1,49,train,train
15800,13,3,1,50,train,train
15801,13,3,2,1,train,train
15802,13,3,2,2,train,train
15803,13,3,2,3,train,train
15804,13,3,2,4,train,train
15805,13,3,2,5,train,train
15806,13,3,2,6,train,train
15807,13,3,2,7,train,train
15808,13,3,2,8,train,train
15809,13,3,2,9,train,train
15810,13,3,2,10,train,train
15811,13,3,2,11,train,train
15812,13,3,2,12,train,train
15813,13,3,2,13,train,train
15814,13,3,2,14,train,train
15815,13,3,2,15,train,train
15816,13,3,2,16,train,train
15817,13,3,2,17,train,train
15818,13,3,2,18,train,train
15819,13,3,2,19,train,train
15820,13,3,2,20,train,train
15821,13,3,2,21,train,train
15822,13,3,2,22,train,train
15823,13,3,2,23,train,train
15824,13,3,2,24,train,train
15825,13,3,2,25,train,train
15826,13,3,2,26,train,train
15827,13,3,2,27,train,train
15828,13,3,2,28,train,train
15829,13,3,2,29,train,train
15830,13,3,2,30,train,train
15831,13,3,2,31,train,train
15832,13,3,2,32,train,train
15833,13,3,2,33,train,train
15834,13,3,2,34,train,train
15835,13,3,2,35,train,train
15836,13,3,2,36,train,train
15837,13,3,2,37,train,train
15838,13,3,2,38,train,train
15839,13,3,2,39,train,train
15840,13,3,2,40,train,train
15841,13,3,2,41,train,train
15842,13,3,2,42,train,train
15843,13,3,2,43,train,train
15844,13,3,2,44,train,train
15845,13,3,2,45,train,train
15846,13,3,2,46,train,train
15847,13,3,2,47,train,train
15848,13,3,2,48,train,train
15849,13,3,2,49,train,train
15850,13,3,2,50,train,train
15851,13,3,3,1,train,train
15852,13,3,3,2,train,train
15853,13,3,3,3,train,train
15854,13,3,3,4,train,train
15855,13,3,3,5,train,train
15856,13,3,3,6,train,train
15857,13,3,3,7,train,train
15858,13,3,3,8,train,train
15859,13,3,3,9,train,train
15860,13,3,3,10,train,train
15861,13,3,3,11,train,train
15862,13,3,3,12,train,train
15863,13,3,3,13,train,train
15864,13,3,3,14,train,train
15865,13,3,3,15,train,train
15866,13,3,3,16,train,train
15867,13,3,3,17,train,train
15868,13,3,3,18,train,train
15869,13,3,3,19,train,train
15870,13,3,3,20,train,train
15871,13,3,3,21,train,train
15872,13,3,3,22,train,train
15873,13,3,3,23,train,train
15874,13,3,3,24,train,train
15875,13,3,3,25,train,train
15876,13,3,3,26,train,train
15877,13,3,3,27,train,train
15878,13,3,3,28,train,train
15879,13,3,3,29,train,train
15880,13,3,3,30,train,train
15881,13,3,3,31,train,train
15882,13,3,3,32,train,train
15883,13,3,3,33,train,train
15884,13,3,3,34,train,train
15885,13,3,3,35,train,train
15886,13,3,3,36,train,train
15887,13,3,3,37,train,train
15888,13,3,3,38,train,train
15889,13,3,3,39,train,train
15890,13,3,3,40,train,train
15891,13,3,3,41,train,train
15892,13,3,3,42,train,train
15893,13,3,3,43,train,train
15894,13,3,3,44,train,train
15895,13,3,3,45,train,train
15896,13,3,3,46,train,train
15897,13,3,3,47,train,train
15898,13,3,3,48,train,train
15899,13,3,3,49,train,train
15900,13,3,3,50,train,train
15901,13,3,4,1,val,train
15902,13,3,4,2,val,train
15903,13,3,4,3,val,train
15904,13,3,4,4,val,train
15905,13,3,4,5,val,train
15906,13,3,4,6,val,train
15907,13,3,4,7,val,train
15908,13,3,4,8,val,train
15909,13,3,4,9,val,train
15910,13,3,4,10,val,train
15911,13,3,4,11,val,train
15912,13,3,4,12,val,train
15913,13,3,4,13,val,train
15914,13,3,4,14,val,train
15915,13,3,4,15,val,train
15916,13,3,4,16,val,train
15917,13,3,4,17,val,train
15918,13,3,4,18,val,train
15919,13,3,4,19,val,train
15920,13,3,4,20,val,train
15921,13,3,4,21,val,train
15922,13,3,4,22,val,train
15923,13,3,4,23,val,train
15924,13,3,4,24,val,train
15925,13,3,4,25,val,train
15926,13,3,4,26,val,train
15927,13,3,4,27,val,train
15928,13,3,4,28,val,train
15929,13,3,4,29,val,train
15930,13,3,4,30,val,train
15931,13,3,4,31,val,train
15932,13,3,4,32,val,train
15933,13,3,4,33,val,train
15934,13,3,4,34,val,train
15935,13,3,4,35,val,train
15936,13,3,4,36,val,train
15937,13,3,4,37,val,train
15938,13,3,4,38,val,train
15939,13,3,4,39,val,train
15940,13,3,4,40,val,train
15941,13,3,4,41,val,train
15942,13,3,4,42,val,train
15943,13,3,4,43,val,train
15944,13,3,4,44,val,train
15945,13,3,4,45,val,train
15946,13,3,4,46,val,train
15947,13,3,4,47,val,train
15948,13,3,4,48,val,train
15949,13,3,4,49,val,train
15950,13,3,4,50,val,train
15951,13,3,5,1,test,train
15952,13,3,5,2,test,train
15953,13,3,5,3,test,train
15954,13,3,5,4,test,train
15955,13,3,5,5,test,train
15956,13,3,5,6,test,train
15957,13,3,5,7,test,train
15958,13,3,5,8,test,train
15959,13,3,5,9,test,train
15960,13,3,5,10,test,train
15961,13,3,5,11,test,train
15962,13,3,5,12,test,train
15963,13,3,5,13,test,train
15964,13,3,5,14,test,train
15965,13,3,5,15,test,train
15966,13,3,5,16,test,train
15967,13,3,5,17,test,train
15968,13,3,5,18,test,train
15969,13,3,5,19,test,train
15970,13,3,5,20,test,train
15971,13,3,5,21,test,train
15972,13,3,5,22,test,train
15973,13,3,5,23,test,train
15974,13,3,5,24,test,train
15975,13,3,5,25,test,train
15976,13,3,5,26,test,train
15977,13,3,5,27,test,train
15978,13,3,5,28,test,train
15979,13,3,5,29,test,train
15980,13,3,5,30,test,train
15981,13,3,5,31,test,train
15982,13,3,5,32,test,train
15983,13,3,5,33,test,train
15984,13,3,5,34,test,train
15985,13,3,5,35,test,train
15986,13,3,5,36,test,train
15987,13,3,5,37,test,train
15988,13,3,5,38,test,train
15989,13,3,5,39,test,train
15990,13,3,5,40,test,train
15991,13,3,5,41,test,train
15992,13,3,5,42,test,train
15993,13,3,5,43,test,train
15994,13,3,5,44,test,train
15995,13,3,5,45,test,train
15996,13,3,5,46,test,train
15997,13,3,5,47,test,train
15998,13,3,5,48,test,train
15999,13,3,5,49,test,train
16000,13,3,5,50,test,train
16001,13,4,1,1,train,train
16002,13,4,1,2,train,train
16003,13,4,1,3,train,train
16004,13,4,1,4,train,train
16005,13,4,1,5,train,train
16006,13,4,1,6,train,train
16007,13,4,1,7,train,train
16008,13,4,1,8,train,train
16009,13,4,1,9,train,train
16010,13,4,1,10,train,train
16011,13,4,1,11,train,train
16012,13,4,1,12,train,train
16013,13,4,1,13,train,train
16014,13,4,1,14,train,train
16015,13,4,1,15,train,train
16016,13,4,1,16,train,train
16017,13,4,1,17,train,train
16018,13,4,1,18,train,train
16019,13,4,1,19,train,train
16020,13,4,1,20,train,train
16021,13,4,1,21,train,train
16022,13,4,1,22,train,train
16023,13,4,1,23,train,train
16024,13,4,1,24,train,train
16025,13,4,1,25,train,train
16026,13,4,1,26,train,train
16027,13,4,1,27,train,train
16028,13,4,1,28,train,train
16029,13,4,1,29,train,train
16030,13,4,1,30,train,train
16031,13,4,1,31,train,train
16032,13,4,1,32,train,train
16033,13,4,1,33,train,train
16034,13,4,1,34,train,train
16035,13,4,1,35,train,train
16036,13,4,1,36,train,train
16037,13,4,1,37,train,train
16038,13,4,1,38,train,train
16039,13,4,1,39,train,train
16040,13,4,1,40,train,train
16041,13,4,1,41,train,train
16042,13,4,1,42,train,train
16043,13,4,1,43,train,train
16044,13,4,1,44,train,train
16045,13,4,1,45,train,train
16046,13,4,1,46,train,train
16047,13,4,1,47,train,train
16048,13,4,1,48,train,train
16049,13,4,1,49,train,train
16050,13,4,1,50,train,train
16051,13,4,2,1,train,train
16052,13,4,2,2,train,train
16053,13,4,2,3,train,train
16054,13,4,2,4,train,train
16055,13,4,2,5,train,train
16056,13,4,2,6,train,train
16057,13,4,2,7,train,train
16058,13,4,2,8,train,train
16059,13,4,2,9,train,train
16060,13,4,2,10,train,train
16061,13,4,2,11,train,train
16062,13,4,2,12,train,train
16063,13,4,2,13,train,train
16064,13,4,2,14,train,train
16065,13,4,2,15,train,train
16066,13,4,2,16,train,train
16067,13,4,2,17,train,train
16068,13,4,2,18,train,train
16069,13,4,2,19,train,train
16070,13,4,2,20,train,train
16071,13,4,2,21,train,train
16072,13,4,2,22,train,train
16073,13,4,2,23,train,train
16074,13,4,2,24,train,train
16075,13,4,2,25,train,train
16076,13,4,2,26,train,train
16077,13,4,2,27,train,train
16078,13,4,2,28,train,train
16079,13,4,2,29,train,train
16080,13,4,2,30,train,train
16081,13,4,2,31,train,train
16082,13,4,2,32,train,train
16083,13,4,2,33,train,train
16084,13,4,2,34,train,train
16085,13,4,2,35,train,train
16086,13,4,2,36,train,train
16087,13,4,2,37,train,train
16088,13,4,2,38,train,train
16089,13,4,2,39,train,train
16090,13,4,2,40,train,train
16091,13,4,2,41,train,train
16092,13,4,2,42,train,train
16093,13,4,2,43,train,train
16094,13,4,2,44,train,train
16095,13,4,2,45,train,train
16096,13,4,2,46,train,train
16097,13,4,2,47,train,train
16098,13,4,2,48,train,train
16099,13,4,2,49,train,train
16100,13,4,2,50,train,train
16101,13,4,3,1,train,train
16102,13,4,3,2,train,train
16103,13,4,3,3,train,train
16104,13,4,3,4,train,train
16105,13,4,3,5,train,train
16106,13,4,3,6,train,train
16107,13,4,3,7,train,train
16108,13,4,3,8,train,train
16109,13,4,3,9,train,train
16110,13,4,3,10,train,train
16111,13,4,3,11,train,train
16112,13,4,3,12,train,train
16113,13,4,3,13,train,train
16114,13,4,3,14,train,train
16115,13,4,3,15,train,train
16116,13,4,3,16,train,train
16117,13,4,3,17,train,train
16118,13,4,3,18,train,train
16119,13,4,3,19,train,train
16120,13,4,3,20,train,train
16121,13,4,3,21,train,train
16122,13,4,3,22,train,train
16123,13,4,3,23,train,train
16124,13,4,3,24,train,train
16125,13,4,3,25,train,train
16126,13,4,3,26,train,train
16127,13,4,3,27,train,train
16128,13,4,3,28,train,train
16129,13,4,3,29,train,train
16130,13,4,3,30,train,train
16131,13,4,3,31,train,train
16132,13,4,3,32,train,train
16133,13,4,3,33,train,train
16134,13,4,3,34,train,train
16135,13,4,3,35,train,train
16136,13,4,3,36,train,train
16137,13,4,3,37,train,train
16138,13,4,3,38,train,train
16139,13,4,3,39,train,train
16140,13,4,3,40,train,train
16141,13,4,3,41,train,train
16142,13,4,3,42,train,train
16143,13,4,3,43,train,train
16144,13,4,3,44,train,train
16145,13,4,3,45,train,train
16146,13,4,3,46,train,train
16147,13,4,3,47,train,train
16148,13,4,3,48,train,train
16149,13,4,3,49,train,train
16150,13,4,3,50,train,train
16151,13,4,4,1,val,train
16152,13,4,4,2,val,train
16153,13,4,4,3,val,train
16154,13,4,4,4,val,train
16155,13,4,4,5,val,train
16156,13,4,4,6,val,train
16157,13,4,4,7,val,train
16158,13,4,4,8,val,train
16159,13,4,4,9,val,train
16160,13,4,4,10,val,train
16161,13,4,4,11,val,train
16162,13,4,4,12,val,train
16163,13,4,4,13,val,train
16164,13,4,4,14,val,train
16165,13,4,4,15,val,train
16166,13,4,4,16,val,train
16167,13,4,4,17,val,train
16168,13,4,4,18,val,train
16169,13,4,4,19,val,train
16170,13,4,4,20,val,train
16171,13,4,4,21,val,train
16172,13,4,4,22,val,train
16173,13,4,4,23,val,train
16174,13,4,4,24,val,train
16175,13,4,4,25,val,train
16176,13,4,4,26,val,train
16177,13,4,4,27,val,train
16178,13,4,4,28,val,train
16179,13,4,4,29,val,train
16180,13,4,4,30,val,train
16181,13,4,4,31,val,train
16182,13,4,4,32,val,train
16183,13,4,4,33,val,train
16184,13,4,4,34,val,train
16185,13,4,4,35,val,train
16186,13,4,4,36,val,train
16187,13,4,4,37,val,train
16188,13,4,4,38,val,train
16189,13,4,4,39,val,train
16190,13,4,4,40,val,train
16191,13,4,4,41,val,train
16192,13,4,4,42,val,train
16193,13,4,4,43,val,train
16194,13,4,4,44,val,train
16195,13,4,4,45,val,train
16196,13,4,4,46,val,train
16197,13,4,4,47,val,train
16198,13,4,4,48,val,train
16199,13,4,4,49,val,train
16200,13,4,4,50,val,train
16201,13,4,5,1,test,train
16202,13,4,5,2,test,train
16203,13,4,5,3,test,train
16204,13,4,5,4,test,train
16205,13,4,5,5,test,train
16206,13,4,5,6,test,train
16207,13,4,5,7,test,train
16208,13,4,5,8,test,train
16209,13,4,5,9,test,train
16210,13,4,5,10,test,train
16211,13,4,5,11,test,train
16212,13,4,5,12,test,train
16213,13,4,5,13,test,train
16214,13,4,5,14,test,train
16215,13,4,5,15,test,train
16216,13,4,5,16,test,train
16217,13,4,5,17,test,train
16218,13,4,5,18,test,train
16219,13,4,5,19,test,train
16220,13,4,5,20,test,train
16221,13,4,5,21,test,train
16222,13,4,5,22,test,train
16223,13,4,5,23,test,train
16224,13,4,5,24,test,train
16225,13,4,5,25,test,train
16226,13,4,5,26,test,train
16227,13,4,5,27,test,train
16228,13,4,5,28,test,train
16229,13,4,5,29,test,train
16230,13,4,5,30,test,train
16231,13,4,5,31,test,train
16232,13,4,5,32,test,train
16233,13,4,5,33,test,train
16234,13,4,5,34,test,train
16235,13,4,5,35,test,train
16236,13,4,5,36,test,train
16237,13,4,5,37,test,train
16238,13,4,5,38,test,train
16239,13,4,5,39,test,train
16240,13,4,5,40,test,train
16241,13,4,5,41,test,train
16242,13,4,5,42,test,train
16243,13,4,5,43,test,train
16244,13,4,5,44,test,train
16245,13,4,5,45,test,train
16246,13,4,5,46,test,train
16247,13,4,5,47,test,train
16248,13,4,5,48,test,train
16249,13,4,5,49,test,train
16250,13,4,5,50,test,train
16251,14,0,1,1,train,val
16252,14,0,1,2,train,val
16253,14,0,1,3,train,val
16254,14,0,1,4,train,val
16255,14,0,1,5,train,val
16256,14,0,1,6,train,val
16257,14,0,1,7,train,val
16258,14,0,1,8,train,val
16259,14,0,1,9,train,val
16260,14,0,1,10,train,val
16261,14,0,1,11,train,val
16262,14,0,1,12,train,val
16263,14,0,1,13,train,val
16264,14,0,1,14,train,val
16265,14,0,1,15,train,val
16266,14,0,1,16,train,val
16267,14,0,1,17,train,val
16268,14,0,1,18,train,val
16269,14,0,1,19,train,val
16270,14,0,1,20,train,val
16271,14,0,1,21,train,val
16272,14,0,1,22,train,val
16273,14,0,1,23,train,val
16274,14,0,1,24,train,val
16275,14,0,1,25,train,val
16276,14,0,1,26,train,val
16277,14,0,1,27,train,val
16278,14,0,1,28,train,val
16279,14,0,1,29,train,val
16280,14,0,1,30,train,val
16281,14,0,1,31,train,val
16282,14,0,1,32,train,val
16283,14,0,1,33,train,val
16284,14,0,1,34,train,val
16285,14,0,1,35,train,val
16286,14,0,1,36,train,val
16287,14,0,1,37,train,val
16288,14,0,1,38,train,val
16289,14,0,1,39,train,val
16290,14,0,1,40,train,val
16291,14,0,1,41,train,val
16292,14,0,1,42,train,val
16293,14,0,1,43,train,val
16294,14,0,1,44,train,val
16295,14,0,1,45,train,val
16296,14,0,1,46,train,val
16297,14,0,1,47,train,val
16298,14,0,1,48,train,val
16299,14,0,1,49,train,val
16300,14,0,1,50,train,val
16301,14,0,2,1,train,val
16302,14,0,2,2,train,val
16303,14,0,2,3,train,val
16304,14,0,2,4,train,val
16305,14,0,2,5,train,val
16306,14,0,2,6,train,val
16307,14,0,2,7,train,val
16308,14,0,2,8,train,val
16309,14,0,2,9,train,val
16310,14,0,2,10,train,val
16311,14,0,2,11,train,val
16312,14,0,2,12,train,val
16313,14,0,2,13,train,val
16314,14,0,2,14,train,val
16315,14,0,2,15,train,val
16316,14,0,2,16,train,val
16317,14,0,2,17,train,val
16318,14,0,2,18,train,val
16319,14,0,2,19,train,val
16320,14,0,2,20,train,val
16321,14,0,2,21,train,val
16322,14,0,2,22,train,val
16323,14,0,2,23,train,val
16324,14,0,2,24,train,val
16325,14,0,2,25,train,val
16326,14,0,2,26,train,val
16327,14,0,2,27,train,val
16328,14,0,2,28,train,val
16329,14,0,2,29,train,val
16330,14,0,2,30,train,val
16331,14,0,2,31,train,val
16332,14,0,2,32,train,val
16333,14,0,2,33,train,val
16334,14,0,2,34,train,val
16335,14,0,2,35,train,val
16336,14,0,2,36,train,val
16337,14,0,2,37,train,val
16338,14,0,2,38,train,val
16339,14,0,2,39,train,val
16340,14,0,2,40,train,val
16341,14,0,2,41,train,val
16342,14,0,2,42,train,val
16343,14,0,2,43,train,val
16344,14,0,2,44,train,val
16345,14,0,2,45,train,val
16346,14,0,2,46,train,val
16347,14,0,2,47,train,val
16348,14,0,2,48,train,val
16349,14,0,2,49,train,val
16350,14,0,2,50,train,val
16351,14,0,3,1,train,val
16352,14,0,3,2,train,val
16353,14,0,3,3,train,val
16354,14,0,3,4,train,val
16355,14,0,3,5,train,val
16356,14,0,3,6,train,val
16357,14,0,3,7,train,val
16358,14,0,3,8,train,val
16359,14,0,3,9,train,val
16360,14,0,3,10,train,val
16361,14,0,3,11,train,val
16362,14,0,3,12,train,val
16363,14,0,3,13,train,val
16364,14,0,3,14,train,val
16365,14,0,3,15,train,val
16366,14,0,3,16,train,val
16367,14,0,3,17,train,val
16368,14,0,3,18,train,val
16369,14,0,3,19,train,val
16370,14,0,3,20,train,val
16371,14,0,3,21,train,val
16372,14,0,3,22,train,val
16373,14,0,3,23,train,val
16374,14,0,3,24,train,val
16375,14,0,3,25,train,val
16376,14,0,3,26,train,val
16377,14,0,3,27,train,val
16378,14,0,3,28,train,val
16379,14,0,3,29,train,val
16380,14,0,3,30,train,val
16381,14,0,3,31,train,val
16382,14,0,3,32,train,val
16383,14,0,3,33,train,val
16384,14,0,3,34,train,val
16385,14,0,3,35,train,val
16386,14,0,3,36,train,val
16387,14,0,3,37,train,val
16388,14,0,3,38,train,val
16389,14,0,3,39,train,val
16390,14,0,3,40,train,val
16391,14,0,3,41,train,val
16392,14,0,3,42,train,val
16393,14,0,3,43,train,val
16394,14,0,3,44,train,val
16395,14,0,3,45,train,val
16396,14,0,3,46,train,val
16397,14,0,3,47,train,val
16398,14,0,3,48,train,val
16399,14,0,3,49,train,val
16400,14,0,3,50,train,val
16401,14,0,4,1,val,val
16402,14,0,4,2,val,val
16403,14,0,4,3,val,val
16404,14,0,4,4,val,val
16405,14,0,4,5,val,val
16406,14,0,4,6,val,val
16407,14,0,4,7,val,val
16408,14,0,4,8,val,val
16409,14,0,4,9,val,val
16410,14,0,4,10,val,val
16411,14,0,4,11,val,val
16412,14,0,4,12,val,val
16413,14,0,4,13,val,val
16414,14,0,4,14,val,val
16415,14,0,4,15,val,val
16416,14,0,4,16,val,val
16417,14,0,4,17,val,val
16418,14,0,4,18,val,val
16419,14,0,4,19,val,val
16420,14,0,4,20,val,val
16421,14,0,4,21,val,val
16422,14,0,4,22,val,val
16423,14,0,4,23,val,val
16424,14,0,4,24,val,val
16425,14,0,4,25,val,val
16426,14,0,4,26,val,val
16427,14,0,4,27,val,val
16428,14,0,4,28,val,val
16429,14,0,4,29,val,val
16430,14,0,4,30,val,val
16431,14,0,4,31,val,val
16432,14,0,4,32,val,val
16433,14,0,4,33,val,val
16434,14,0,4,34,val,val
16435,14,0,4,35,val,val
16436,14,0,4,36,val,val
16437,14,0,4,37,val,val
16438,14,0,4,38,val,val
16439,14,0,4,39,val,val
16440,14,0,4,40,val,val
16441,14,0,4,41,val,val
16442,14,0,4,42,val,val
16443,14,0,4,43,val,val
16444,14,0,4,44,val,val
16445,14,0,4,45,val,val
16446,14,0,4,46,val,val
16447,14,0,4,47,val,val
16448,14,0,4,48,val,val
16449,14,0,4,49,val,val
16450,14,0,4,50,val,val
16451,14,0,5,1,test,val
16452,14,0,5,2,test,val
16453,14,0,5,3,test,val
16454,14,0,5,4,test,val
16455,14,0,5,5,test,val
16456,14,0,5,6,test,val
16457,14,0,5,7,test,val
16458,14,0,5,8,test,val
16459,14,0,5,9,test,val
16460,14,0,5,10,test,val
16461,14,0,5,11,test,val
16462,14,0,5,12,test,val
16463,14,0,5,13,test,val
16464,14,0,5,14,test,val
16465,14,0,5,15,test,val
16466,14,0,5,16,test,val
16467,14,0,5,17,test,val
16468,14,0,5,18,test,val
16469,14,0,5,19,test,val
16470,14,0,5,20,test,val
16471,14,0,5,21,test,val
16472,14,0,5,22,test,val
16473,14,0,5,23,test,val
16474,14,0,5,24,test,val
16475,14,0,5,25,test,val
16476,14,0,5,26,test,val
16477,14,0,5,27,test,val
16478,14,0,5,28,test,val
16479,14,0,5,29,test,val
16480,14,0,5,30,test,val
16481,14,0,5,31,test,val
16482,14,0,5,32,test,val
16483,14,0,5,33,test,val
16484,14,0,5,34,test,val
16485,14,0,5,35,test,val
16486,14,0,5,36,test,val
16487,14,0,5,37,test,val
16488,14,0,5,38,test,val
16489,14,0,5,39,test,val
16490,14,0,5,40,test,val
16491,14,0,5,41,test,val
16492,14,0,5,42,test,val
16493,14,0,5,43,test,val
16494,14,0,5,44,test,val
16495,14,0,5,45,test,val
16496,14,0,5,46,test,val
16497,14,0,5,47,test,val
16498,14,0,5,48,test,val
16499,14,0,5,49,test,val
16500,14,0,5,50,test,val
16501,14,1,1,1,train,val
16502,14,1,1,2,train,val
16503,14,1,1,3,train,val
16504,14,1,1,4,train,val
16505,14,1,1,5,train,val
16506,14,1,1,6,train,val
16507,14,1,1,7,train,val
16508,14,1,1,8,train,val
16509,14,1,1,9,train,val
16510,14,1,1,10,train,val
16511,14,1,1,11,train,val
16512,14,1,1,12,train,val
16513,14,1,1,13,train,val
16514,14,1,1,14,train,val
16515,14,1,1,15,train,val
16516,14,1,1,16,train,val
16517,14,1,1,17,train,val
16518,14,1,1,18,train,val
16519,14,1,1,19,train,val
16520,14,1,1,20,train,val
16521,14,1,1,21,train,val
16522,14,1,1,22,train,val
16523,14,1,1,23,train,val
16524,14,1,1,24,train,val
16525,14,1,1,25,train,val
16526,14,1,1,26,train,val
16527,14,1,1,27,train,val
16528,14,1,1,28,train,val
16529,14,1,1,29,train,val
16530,14,1,1,30,train,val
16531,14,1,1,31,train,val
16532,14,1,1,32,train,val
16533,14,1,1,33,train,val
16534,14,1,1,34,train,val
16535,14,1,1,35,train,val
16536,14,1,1,36,train,val
16537,14,1,1,37,train,val
16538,14,1,1,38,train,val
16539,14,1,1,39,train,val
16540,14,1,1,40,train,val
16541,14,1,1,41,train,val
16542,14,1,1,42,train,val
16543,14,1,1,43,train,val
16544,14,1,1,44,train,val
16545,14,1,1,45,train,val
16546,14,1,1,46,train,val
16547,14,1,1,47,train,val
16548,14,1,1,48,train,val
16549,14,1,1,49,train,val
16550,14,1,1,50,train,val
16551,14,1,2,1,train,val
16552,14,1,2,2,train,val
16553,14,1,2,3,train,val
16554,14,1,2,4,train,val
16555,14,1,2,5,train,val
16556,14,1,2,6,train,val
16557,14,1,2,7,train,val
16558,14,1,2,8,train,val
16559,14,1,2,9,train,val
16560,14,1,2,10,train,val
16561,14,1,2,11,train,val
16562,14,1,2,12,train,val
16563,14,1,2,13,train,val
16564,14,1,2,14,train,val
16565,14,1,2,15,train,val
16566,14,1,2,16,train,val
16567,14,1,2,17,train,val
16568,14,1,2,18,train,val
16569,14,1,2,19,train,val
16570,14,1,2,20,train,val
16571,14,1,2,21,train,val
16572,14,1,2,22,train,val
16573,14,1,2,23,train,val
16574,14,1,2,24,train,val
16575,14,1,2,25,train,val
16576,14,1,2,26,train,val
16577,14,1,2,27,train,val
16578,14,1,2,28,train,val
16579,14,1,2,29,train,val
16580,14,1,2,30,train,val
16581,14,1,2,31,train,val
16582,14,1,2,32,train,val
16583,14,1,2,33,train,val
16584,14,1,2,34,train,val
16585,14,1,2,35,train,val
16586,14,1,2,36,train,val
16587,14,1,2,37,train,val
16588,14,1,2,38,train,val
16589,14,1,2,39,train,val
16590,14,1,2,40,train,val
16591,14,1,2,41,train,val
16592,14,1,2,42,train,val
16593,14,1,2,43,train,val
16594,14,1,2,44,train,val
16595,14,1,2,45,train,val
16596,14,1,2,46,train,val
16597,14,1,2,47,train,val
16598,14,1,2,48,train,val
16599,14,1,2,49,train,val
16600,14,1,2,50,train,val
16601,14,1,3,1,train,val
16602,14,1,3,2,train,val
16603,14,1,3,3,train,val
16604,14,1,3,4,train,val
16605,14,1,3,5,train,val
16606,14,1,3,6,train,val
16607,14,1,3,7,train,val
16608,14,1,3,8,train,val
16609,14,1,3,9,train,val
16610,14,1,3,10,train,val
16611,14,1,3,11,train,val
16612,14,1,3,12,train,val
16613,14,1,3,13,train,val
16614,14,1,3,14,train,val
16615,14,1,3,15,train,val
16616,14,1,3,16,train,val
16617,14,1,3,17,train,val
16618,14,1,3,18,train,val
16619,14,1,3,19,train,val
16620,14,1,3,20,train,val
16621,14,1,3,21,train,val
16622,14,1,3,22,train,val
16623,14,1,3,23,train,val
16624,14,1,3,24,train,val
16625,14,1,3,25,train,val
16626,14,1,3,26,train,val
16627,14,1,3,27,train,val
16628,14,1,3,28,train,val
16629,14,1,3,29,train,val
16630,14,1,3,30,train,val
16631,14,1,3,31,train,val
16632,14,1,3,32,train,val
16633,14,1,3,33,train,val
16634,14,1,3,34,train,val
16635,14,1,3,35,train,val
16636,14,1,3,36,train,val
16637,14,1,3,37,train,val
16638,14,1,3,38,train,val
16639,14,1,3,39,train,val
16640,14,1,3,40,train,val
16641,14,1,3,41,train,val
16642,14,1,3,42,train,val
16643,14,1,3,43,train,val
16644,14,1,3,44,train,val
16645,14,1,3,45,train,val
16646,14,1,3,46,train,val
16647,14,1,3,47,train,val
16648,14,1,3,48,train,val
16649,14,1,3,49,train,val
16650,14,1,3,50,train,val
16651,14,1,4,1,val,val
16652,14,1,4,2,val,val
16653,14,1,4,3,val,val
16654,14,1,4,4,val,val
16655,14,1,4,5,val,val
16656,14,1,4,6,val,val
16657,14,1,4,7,val,val
16658,14,1,4,8,val,val
16659,14,1,4,9,val,val
16660,14,1,4,10,val,val
16661,14,1,4,11,val,val
16662,14,1,4,12,val,val
16663,14,1,4,13,val,val
16664,14,1,4,14,val,val
16665,14,1,4,15,val,val
16666,14,1,4,16,val,val
16667,14,1,4,17,val,val
16668,14,1,4,18,val,val
16669,14,1,4,19,val,val
16670,14,1,4,20,val,val
16671,14,1,4,21,val,val
16672,14,1,4,22,val,val
16673,14,1,4,23,val,val
16674,14,1,4,24,val,val
16675,14,1,4,25,val,val
16676,14,1,4,26,val,val
16677,14,1,4,27,val,val
16678,14,1,4,28,val,val
16679,14,1,4,29,val,val
16680,14,1,4,30,val,val
16681,14,1,4,31,val,val
16682,14,1,4,32,val,val
16683,14,1,4,33,val,val
16684,14,1,4,34,val,val
16685,14,1,4,35,val,val
16686,14,1,4,36,val,val
16687,14,1,4,37,val,val
16688,14,1,4,38,val,val
16689,14,1,4,39,val,val
16690,14,1,4,40,val,val
16691,14,1,4,41,val,val
16692,14,1,4,42,val,val
16693,14,1,4,43,val,val
16694,14,1,4,44,val,val
16695,14,1,4,45,val,val
16696,14,1,4,46,val,val
16697,14,1,4,47,val,val
16698,14,1,4,48,val,val
16699,14,1,4,49,val,val
16700,14,1,4,50,val,val
16701,14,1,5,1,test,val
16702,14,1,5,2,test,val
16703,14,1,5,3,test,val
16704,14,1,5,4,test,val
16705,14,1,5,5,test,val
16706,14,1,5,6,test,val
16707,14,1,5,7,test,val
16708,14,1,5,8,test,val
16709,14,1,5,9,test,val
16710,14,1,5,10,test,val
16711,14,1,5,11,test,val
16712,14,1,5,12,test,val
16713,14,1,5,13,test,val
16714,14,1,5,14,test,val
16715,14,1,5,15,test,val
16716,14,1,5,16,test,val
16717,14,1,5,17,test,val
16718,14,1,5,18,test,val
16719,14,1,5,19,test,val
16720,14,1,5,20,test,val
16721,14,1,5,21,test,val
16722,14,1,5,22,test,val
16723,14,1,5,23,test,val
16724,14,1,5,24,test,val
16725,14,1,5,25,test,val
16726,14,1,5,26,test,val
16727,14,1,5,27,test,val
16728,14,1,5,28,test,val
16729,14,1,5,29,test,val
16730,14,1,5,30,test,val
16731,14,1,5,31,test,val
16732,14,1,5,32,test,val
16733,14,1,5,33,test,val
16734,14,1,5,34,test,val
16735,14,1,5,35,test,val
16736,14,1,5,36,test,val
16737,14,1,5,37,test,val
16738,14,1,5,38,test,val
16739,14,1,5,39,test,val
16740,14,1,5,40,test,val
16741,14,1,5,41,test,val
16742,14,1,5,42,test,val
16743,14,1,5,43,test,val
16744,14,1,5,44,test,val
16745,14,1,5,45,test,val
16746,14,1,5,46,test,val
16747,14,1,5,47,test,val
16748,14,1,5,48,test,val
16749,14,1,5,49,test,val
16750,14,1,5,50,test,val
16751,14,2,1,1,train,val
16752,14,2,1,2,train,val
16753,14,2,1,3,train,val
16754,14,2,1,4,train,val
16755,14,2,1,5,train,val
16756,14,2,1,6,train,val
16757,14,2,1,7,train,val
16758,14,2,1,8,train,val
16759,14,2,1,9,train,val
16760,14,2,1,10,train,val
16761,14,2,1,11,train,val
16762,14,2,1,12,train,val
16763,14,2,1,13,train,val
16764,14,2,1,14,train,val
16765,14,2,1,15,train,val
16766,14,2,1,16,train,val
16767,14,2,1,17,train,val
16768,14,2,1,18,train,val
16769,14,2,1,19,train,val
16770,14,2,1,20,train,val
16771,14,2,1,21,train,val
16772,14,2,1,22,train,val
16773,14,2,1,23,train,val
16774,14,2,1,24,train,val
16775,14,2,1,25,train,val
16776,14,2,1,26,train,val
16777,14,2,1,27,train,val
16778,14,2,1,28,train,val
16779,14,2,1,29,train,val
16780,14,2,1,30,train,val
16781,14,2,1,31,train,val
16782,14,2,1,32,train,val
16783,14,2,1,33,train,val
16784,14,2,1,34,train,val
16785,14,2,1,35,train,val
16786,14,2,1,36,train,val
16787,14,2,1,37,train,val
16788,14,2,1,38,train,val
16789,14,2,1,39,train,val
16790,14,2,1,40,train,val
16791,14,2,1,41,train,val
16792,14,2,1,42,train,val
16793,14,2,1,43,train,val
16794,14,2,1,44,train,val
16795,14,2,1,45,train,val
16796,14,2,1,46,train,val
16797,14,2,1,47,train,val
16798,14,2,1,48,train,val
16799,14,2,1,49,train,val
16800,14,2,1,50,train,val
16801,14,2,2,1,train,val
16802,14,2,2,2,train,val
16803,14,2,2,3,train,val
16804,14,2,2,4,train,val
16805,14,2,2,5,train,val
16806,14,2,2,6,train,val
16807,14,2,2,7,train,val
16808,14,2,2,8,train,val
16809,14,2,2,9,train,val
16810,14,2,2,10,train,val
16811,14,2,2,11,train,val
16812,14,2,2,12,train,val
16813,14,2,2,13,train,val
16814,14,2,2,14,train,val
16815,14,2,2,15,train,val
16816,14,2,2,16,train,val
16817,14,2,2,17,train,val
16818,14,2,2,18,train,val
16819,14,2,2,19,train,val
16820,14,2,2,20,train,val
16821,14,2,2,21,train,val
16822,14,2,2,22,train,val
16823,14,2,2,23,train,val
16824,14,2,2,24,train,val
16825,14,2,2,25,train,val
16826,14,2,2,26,train,val
16827,14,2,2,27,train,val
16828,14,2,2,28,train,val
16829,14,2,2,29,train,val
16830,14,2,2,30,train,val
16831,14,2,2,31,train,val
16832,14,2,2,32,train,val
16833,14,2,2,33,train,val
16834,14,2,2,34,train,val
16835,14,2,2,35,train,val
16836,14,2,2,36,train,val
16837,14,2,2,37,train,val
16838,14,2,2,38,train,val
16839,14,2,2,39,train,val
16840,14,2,2,40,train,val
16841,14,2,2,41,train,val
16842,14,2,2,42,train,val
16843,14,2,2,43,train,val
16844,14,2,2,44,train,val
16845,14,2,2,45,train,val
16846,14,2,2,46,train,val
16847,14,2,2,47,train,val
16848,14,2,2,48,train,val
16849,14,2,2,49,train,val
16850,14,2,2,50,train,val
16851,14,2,3,1,train,val
16852,14,2,3,2,train,val
16853,14,2,3,3,train,val
16854,14,2,3,4,train,val
16855,14,2,3,5,train,val
16856,14,2,3,6,train,val
16857,14,2,3,7,train,val
16858,14,2,3,8,train,val
16859,14,2,3,9,train,val
16860,14,2,3,10,train,val
16861,14,2,3,11,train,val
16862,14,2,3,12,train,val
16863,14,2,3,13,train,val
16864,14,2,3,14,train,val
16865,14,2,3,15,train,val
16866,14,2,3,16,train,val
16867,14,2,3,17,train,val
16868,14,2,3,18,train,val
16869,14,2,3,19,train,val
16870,14,2,3,20,train,val
16871,14,2,3,21,train,val
16872,14,2,3,22,train,val
16873,14,2,3,23,train,val
16874,14,2,3,24,train,val
16875,14,2,3,25,train,val
16876,14,2,3,26,train,val
16877,14,2,3,27,train,val
16878,14,2,3,28,train,val
16879,14,2,3,29,train,val
16880,14,2,3,30,train,val
16881,14,2,3,31,train,val
16882,14,2,3,32,train,val
16883,14,2,3,33,train,val
16884,14,2,3,34,train,val
16885,14,2,3,35,train,val
16886,14,2,3,36,train,val
16887,14,2,3,37,train,val
16888,14,2,3,38,train,val
16889,14,2,3,39,train,val
16890,14,2,3,40,train,val
16891,14,2,3,41,train,val
16892,14,2,3,42,train,val
16893,14,2,3,43,train,val
16894,14,2,3,44,train,val
16895,14,2,3,45,train,val
16896,14,2,3,46,train,val
16897,14,2,3,47,train,val
16898,14,2,3,48,train,val
16899,14,2,3,49,train,val
16900,14,2,3,50,train,val
16901,14,2,4,1,val,val
16902,14,2,4,2,val,val
16903,14,2,4,3,val,val
16904,14,2,4,4,val,val
16905,14,2,4,5,val,val
16906,14,2,4,6,val,val
16907,14,2,4,7,val,val
16908,14,2,4,8,val,val
16909,14,2,4,9,val,val
16910,14,2,4,10,val,val
16911,14,2,4,11,val,val
16912,14,2,4,12,val,val
16913,14,2,4,13,val,val
16914,14,2,4,14,val,val
16915,14,2,4,15,val,val
16916,14,2,4,16,val,val
16917,14,2,4,17,val,val
16918,14,2,4,18,val,val
16919,14,2,4,19,val,val
16920,14,2,4,20,val,val
16921,14,2,4,21,val,val
16922,14,2,4,22,val,val
16923,14,2,4,23,val,val
16924,14,2,4,24,val,val
16925,14,2,4,25,val,val
16926,14,2,4,26,val,val
16927,14,2,4,27,val,val
16928,14,2,4,28,val,val
16929,14,2,4,29,val,val
16930,14,2,4,30,val,val
16931,14,2,4,31,val,val
16932,14,2,4,32,val,val
16933,14,2,4,33,val,val
16934,14,2,4,34,val,val
16935,14,2,4,35,val,val
16936,14,2,4,36,val,val
16937,14,2,4,37,val,val
16938,14,2,4,38,val,val
16939,14,2,4,39,val,val
16940,14,2,4,40,val,val
16941,14,2,4,41,val,val
16942,14,2,4,42,val,val
16943,14,2,4,43,val,val
16944,14,2,4,44,val,val
16945,14,2,4,45,val,val
16946,14,2,4,46,val,val
16947,14,2,4,47,val,val
16948,14,2,4,48,val,val
16949,14,2,4,49,val,val
16950,14,2,4,50,val,val
16951,14,2,5,1,test,val
16952,14,2,5,2,test,val
16953,14,2,5,3,test,val
16954,14,2,5,4,test,val
16955,14,2,5,5,test,val
16956,14,2,5,6,test,val
16957,14,2,5,7,test,val
16958,14,2,5,8,test,val
16959,14,2,5,9,test,val
16960,14,2,5,10,test,val
16961,14,2,5,11,test,val
16962,14,2,5,12,test,val
16963,14,2,5,13,test,val
16964,14,2,5,14,test,val
16965,14,2,5,15,test,val
16966,14,2,5,16,test,val
16967,14,2,5,17,test,val
16968,14,2,5,18,test,val
16969,14,2,5,19,test,val
16970,14,2,5,20,test,val
16971,14,2,5,21,test,val
16972,14,2,5,22,test,val
16973,14,2,5,23,test,val
16974,14,2,5,24,test,val
16975,14,2,5,25,test,val
16976,14,2,5,26,test,val
16977,14,2,5,27,test,val
16978,14,2,5,28,test,val
16979,14,2,5,29,test,val
16980,14,2,5,30,test,val
16981,14,2,5,31,test,val
16982,14,2,5,32,test,val
16983,14,2,5,33,test,val
16984,14,2,5,34,test,val
16985,14,2,5,35,test,val
16986,14,2,5,36,test,val
16987,14,2,5,37,test,val
16988,14,2,5,38,test,val
16989,14,2,5,39,test,val
16990,14,2,5,40,test,val
16991,14,2,5,41,test,val
16992,14,2,5,42,test,val
16993,14,2,5,43,test,val
16994,14,2,5,44,test,val
16995,14,2,5,45,test,val
16996,14,2,5,46,test,val
16997,14,2,5,47,test,val
16998,14,2,5,48,test,val
16999,14,2,5,49,test,val
17000,14,2,5,50,test,val
17001,14,3,1,1,train,val
17002,14,3,1,2,train,val
17003,14,3,1,3,train,val
17004,14,3,1,4,train,val
17005,14,3,1,5,train,val
17006,14,3,1,6,train,val
17007,14,3,1,7,train,val
17008,14,3,1,8,train,val
17009,14,3,1,9,train,val
17010,14,3,1,10,train,val
17011,14,3,1,11,train,val
17012,14,3,1,12,train,val
17013,14,3,1,13,train,val
17014,14,3,1,14,train,val
17015,14,3,1,15,train,val
17016,14,3,1,16,train,val
17017,14,3,1,17,train,val
17018,14,3,1,18,train,val
17019,14,3,1,19,train,val
17020,14,3,1,20,train,val
17021,14,3,1,21,train,val
17022,14,3,1,22,train,val
17023,14,3,1,23,train,val
17024,14,3,1,24,train,val
17025,14,3,1,25,train,val
17026,14,3,1,26,train,val
17027,14,3,1,27,train,val
17028,14,3,1,28,train,val
17029,14,3,1,29,train,val
17030,14,3,1,30,train,val
17031,14,3,1,31,train,val
17032,14,3,1,32,train,val
17033,14,3,1,33,train,val
17034,14,3,1,34,train,val
17035,14,3,1,35,train,val
17036,14,3,1,36,train,val
17037,14,3,1,37,train,val
17038,14,3,1,38,train,val
17039,14,3,1,39,train,val
17040,14,3,1,40,train,val
17041,14,3,1,41,train,val
17042,14,3,1,42,train,val
17043,14,3,1,43,train,val
17044,14,3,1,44,train,val
17045,14,3,1,45,train,val
17046,14,3,1,46,train,val
17047,14,3,1,47,train,val
17048,14,3,1,48,train,val
17049,14,3,1,49,train,val
17050,14,3,1,50,train,val
17051,14,3,2,1,train,val
17052,14,3,2,2,train,val
17053,14,3,2,3,train,val
17054,14,3,2,4,train,val
17055,14,3,2,5,train,val
17056,14,3,2,6,train,val
17057,14,3,2,7,train,val
17058,14,3,2,8,train,val
17059,14,3,2,9,train,val
17060,14,3,2,10,train,val
17061,14,3,2,11,train,val
17062,14,3,2,12,train,val
17063,14,3,2,13,train,val
17064,14,3,2,14,train,val
17065,14,3,2,15,train,val
17066,14,3,2,16,train,val
17067,14,3,2,17,train,val
17068,14,3,2,18,train,val
17069,14,3,2,19,train,val
17070,14,3,2,20,train,val
17071,14,3,2,21,train,val
17072,14,3,2,22,train,val
17073,14,3,2,23,train,val
17074,14,3,2,24,train,val
17075,14,3,2,25,train,val
17076,14,3,2,26,train,val
17077,14,3,2,27,train,val
17078,14,3,2,28,train,val
17079,14,3,2,29,train,val
17080,14,3,2,30,train,val
17081,14,3,2,31,train,val
17082,14,3,2,32,train,val
17083,14,3,2,33,train,val
17084,14,3,2,34,train,val
17085,14,3,2,35,train,val
17086,14,3,2,36,train,val
17087,14,3,2,37,train,val
17088,14,3,2,38,train,val
17089,14,3,2,39,train,val
17090,14,3,2,40,train,val
17091,14,3,2,41,train,val
17092,14,3,2,42,train,val
17093,14,3,2,43,train,val
17094,14,3,2,44,train,val
17095,14,3,2,45,train,val
17096,14,3,2,46,train,val
17097,14,3,2,47,train,val
17098,14,3,2,48,train,val
17099,14,3,2,49,train,val
17100,14,3,2,50,train,val
17101,14,3,3,1,train,val
17102,14,3,3,2,train,val
17103,14,3,3,3,train,val
17104,14,3,3,4,train,val
17105,14,3,3,5,train,val
17106,14,3,3,6,train,val
17107,14,3,3,7,train,val
17108,14,3,3,8,train,val
17109,14,3,3,9,train,val
17110,14,3,3,10,train,val
17111,14,3,3,11,train,val
17112,14,3,3,12,train,val
17113,14,3,3,13,train,val
17114,14,3,3,14,train,val
17115,14,3,3,15,train,val
17116,14,3,3,16,train,val
17117,14,3,3,17,train,val
17118,14,3,3,18,train,val
17119,14,3,3,19,train,val
17120,14,3,3,20,train,val
17121,14,3,3,21,train,val
17122,14,3,3,22,train,val
17123,14,3,3,23,train,val
17124,14,3,3,24,train,val
17125,14,3,3,25,train,val
17126,14,3,3,26,train,val
17127,14,3,3,27,train,val
17128,14,3,3,28,train,val
17129,14,3,3,29,train,val
17130,14,3,3,30,train,val
17131,14,3,3,31,train,val
17132,14,3,3,32,train,val
17133,14,3,3,33,train,val
17134,14,3,3,34,train,val
17135,14,3,3,35,train,val
17136,14,3,3,36,train,val
17137,14,3,3,37,train,val
17138,14,3,3,38,train,val
17139,14,3,3,39,train,val
17140,14,3,3,40,train,val
17141,14,3,3,41,train,val
17142,14,3,3,42,train,val
17143,14,3,3,43,train,val
17144,14,3,3,44,train,val
17145,14,3,3,45,train,val
17146,14,3,3,46,train,val
17147,14,3,3,47,train,val
17148,14,3,3,48,train,val
17149,14,3,3,49,train,val
17150,14,3,3,50,train,val
17151,14,3,4,1,val,val
17152,14,3,4,2,val,val
17153,14,3,4,3,val,val
17154,14,3,4,4,val,val
17155,14,3,4,5,val,val
17156,14,3,4,6,val,val
17157,14,3,4,7,val,val
17158,14,3,4,8,val,val
17159,14,3,4,9,val,val
17160,14,3,4,10,val,val
17161,14,3,4,11,val,val
17162,14,3,4,12,val,val
17163,14,3,4,13,val,val
17164,14,3,4,14,val,val
17165,14,3,4,15,val,val
17166,14,3,4,16,val,val
17167,14,3,4,17,val,val
17168,14,3,4,18,val,val
17169,14,3,4,19,val,val
17170,14,3,4,20,val,val
17171,14,3,4,21,val,val
17172,14,3,4,22,val,val
17173,14,3,4,23,val,val
17174,14,3,4,24,val,val
17175,14,3,4,25,val,val
17176,14,3,4,26,val,val
17177,14,3,4,27,val,val
17178,14,3,4,28,val,val
17179,14,3,4,29,val,val
17180,14,3,4,30,val,val
17181,14,3,4,31,val,val
17182,14,3,4,32,val,val
17183,14,3,4,33,val,val
17184,14,3,4,34,val,val
17185,14,3,4,35,val,val
17186,14,3,4,36,val,val
17187,14,3,4,37,val,val
17188,14,3,4,38,val,val
17189,14,3,4,39,val,val
17190,14,3,4,40,val,val
17191,14,3,4,41,val,val
17192,14,3,4,42,val,val
17193,14,3,4,43,val,val
17194,14,3,4,44,val,val
17195,14,3,4,45,val,val
17196,14,3,4,46,val,val
17197,14,3,4,47,val,val
17198,14,3,4,48,val,val
17199,14,3,4,49,val,val
17200,14,3,4,50,val,val
17201,14,3,5,1,test,val
17202,14,3,5,2,test,val
17203,14,3,5,3,test,val
17204,14,3,5,4,test,val
17205,14,3,5,5,test,val
17206,14,3,5,6,test,val
17207,14,3,5,7,test,val
17208,14,3,5,8,test,val
17209,14,3,5,9,test,val
17210,14,3,5,10,test,val
17211,14,3,5,11,test,val
17212,14,3,5,12,test,val
17213,14,3,5,13,test,val
17214,14,3,5,14,test,val
17215,14,3,5,15,test,val
17216,14,3,5,16,test,val
17217,14,3,5,17,test,val
17218,14,3,5,18,test,val
17219,14,3,5,19,test,val
17220,14,3,5,20,test,val
17221,14,3,5,21,test,val
17222,14,3,5,22,test,val
17223,14,3,5,23,test,val
17224,14,3,5,24,test,val
17225,14,3,5,25,test,val
17226,14,3,5,26,test,val
17227,14,3,5,27,test,val
17228,14,3,5,28,test,val
17229,14,3,5,29,test,val
17230,14,3,5,30,test,val
17231,14,3,5,31,test,val
17232,14,3,5,32,test,val
17233,14,3,5,33,test,val
17234,14,3,5,34,test,val
17235,14,3,5,35,test,val
17236,14,3,5,36,test,val
17237,14,3,5,37,test,val
17238,14,3,5,38,test,val
17239,14,3,5,39,test,val
17240,14,3,5,40,test,val
17241,14,3,5,41,test,val
17242,14,3,5,42,test,val
17243,14,3,5,43,test,val
17244,14,3,5,44,test,val
17245,14,3,5,45,test,val
17246,14,3,5,46,test,val
17247,14,3,5,47,test,val
17248,14,3,5,48,test,val
17249,14,3,5,49,test,val
17250,14,3,5,50,test,val
17251,14,4,1,1,train,val
17252,14,4,1,2,train,val
17253,14,4,1,3,train,val
17254,14,4,1,4,train,val
17255,14,4,1,5,train,val
17256,14,4,1,6,train,val
17257,14,4,1,7,train,val
17258,14,4,1,8,train,val
17259,14,4,1,9,train,val
17260,14,4,1,10,train,val
17261,14,4,1,11,train,val
17262,14,4,1,12,train,val
17263,14,4,1,13,train,val
17264,14,4,1,14,train,val
17265,14,4,1,15,train,val
17266,14,4,1,16,train,val
17267,14,4,1,17,train,val
17268,14,4,1,18,train,val
17269,14,4,1,19,train,val
17270,14,4,1,20,train,val
17271,14,4,1,21,train,val
17272,14,4,1,22,train,val
17273,14,4,1,23,train,val
17274,14,4,1,24,train,val
17275,14,4,1,25,train,val
17276,14,4,1,26,train,val
17277,14,4,1,27,train,val
17278,14,4,1,28,train,val
17279,14,4,1,29,train,val
17280,14,4,1,30,train,val
17281,14,4,1,31,train,val
17282,14,4,1,32,train,val
17283,14,4,1,33,train,val
17284,14,4,1,34,train,val
17285,14,4,1,35,train,val
17286,14,4,1,36,train,val
17287,14,4,1,37,train,val
17288,14,4,1,38,train,val
17289,14,4,1,39,train,val
17290,14,4,1,40,train,val
17291,14,4,1,41,train,val
17292,14,4,1,42,train,val
17293,14,4,1,43,train,val
17294,14,4,1,44,train,val
17295,14,4,1,45,train,val
17296,14,4,1,46,train,val
17297,14,4,1,47,train,val
17298,14,4,1,48,train,val
17299,14,4,1,49,train,val
17300,14,4,1,50,train,val
17301,14,4,2,1,train,val
17302,14,4,2,2,train,val
17303,14,4,2,3,train,val
17304,14,4,2,4,train,val
17305,14,4,2,5,train,val
17306,14,4,2,6,train,val
17307,14,4,2,7,train,val
17308,14,4,2,8,train,val
17309,14,4,2,9,train,val
17310,14,4,2,10,train,val
17311,14,4,2,11,train,val
17312,14,4,2,12,train,val
17313,14,4,2,13,train,val
17314,14,4,2,14,train,val
17315,14,4,2,15,train,val
17316,14,4,2,16,train,val
17317,14,4,2,17,train,val
17318,14,4,2,18,train,val
17319,14,4,2,19,train,val
17320,14,4,2,20,train,val
17321,14,4,2,21,train,val
17322,14,4,2,22,train,val
17323,14,4,2,23,train,val
17324,14,4,2,24,train,val
17325,14,4,2,25,train,val
17326,14,4,2,26,train,val
17327,14,4,2,27,train,val
17328,14,4,2,28,train,val
17329,14,4,2,29,train,val
17330,14,4,2,30,train,val
17331,14,4,2,31,train,val
17332,14,4,2,32,train,val
17333,14,4,2,33,train,val
17334,14,4,2,34,train,val
17335,14,4,2,35,train,val
17336,14,4,2,36,train,val
17337,14,4,2,37,train,val
17338,14,4,2,38,train,val
17339,14,4,2,39,train,val
17340,14,4,2,40,train,val
17341,14,4,2,41,train,val
17342,14,4,2,42,train,val
17343,14,4,2,43,train,val
17344,14,4,2,44,train,val
17345,14,4,2,45,train,val
17346,14,4,2,46,train,val
17347,14,4,2,47,train,val
17348,14,4,2,48,train,val
17349,14,4,2,49,train,val
17350,14,4,2,50,train,val
17351,14,4,3,1,train,val
17352,14,4,3,2,train,val
17353,14,4,3,3,train,val
17354,14,4,3,4,train,val
17355,14,4,3,5,train,val
17356,14,4,3,6,train,val
17357,14,4,3,7,train,val
17358,14,4,3,8,train,val
17359,14,4,3,9,train,val
17360,14,4,3,10,train,val
17361,14,4,3,11,train,val
17362,14,4,3,12,train,val
17363,14,4,3,13,train,val
17364,14,4,3,14,train,val
17365,14,4,3,15,train,val
17366,14,4,3,16,train,val
17367,14,4,3,17,train,val
17368,14,4,3,18,train,val
17369,14,4,3,19,train,val
17370,14,4,3,20,train,val
17371,14,4,3,21,train,val
17372,14,4,3,22,train,val
17373,14,4,3,23,train,val
17374,14,4,3,24,train,val
17375,14,4,3,25,train,val
17376,14,4,3,26,train,val
17377,14,4,3,27,train,val
17378,14,4,3,28,train,val
17379,14,4,3,29,train,val
17380,14,4,3,30,train,val
17381,14,4,3,31,train,val
17382,14,4,3,32,train,val
17383,14,4,3,33,train,val
17384,14,4,3,34,train,val
17385,14,4,3,35,train,val
17386,14,4,3,36,train,val
17387,14,4,3,37,train,val
17388,14,4,3,38,train,val
17389,14,4,3,39,train,val
17390,14,4,3,40,train,val
17391,14,4,3,41,train,val
17392,14,4,3,42,train,val
17393,14,4,3,43,train,val
17394,14,4,3,44,train,val
17395,14,4,3,45,train,val
17396,14,4,3,46,train,val
17397,14,4,3,47,train,val
17398,14,4,3,48,train,val
17399,14,4,3,49,train,val
17400,14,4,3,50,train,val
17401,14,4,4,1,val,val
17402,14,4,4,2,val,val
17403,14,4,4,3,val,val
17404,14,4,4,4,val,val
17405,14,4,4,5,val,val
17406,14,4,4,6,val,val
17407,14,4,4,7,val,val
17408,14,4,4,8,val,val
17409,14,4,4,9,val,val
17410,14,4,4,10,val,val
17411,14,4,4,11,val,val
17412,14,4,4,12,val,val
17413,14,4,4,13,val,val
17414,14,4,4,14,val,val
17415,14,4,4,15,val,val
17416,14,4,4,16,val,val
17417,14,4,4,17,val,val
17418,14,4,4,18,val,val
17419,14,4,4,19,val,val
17420,14,4,4,20,val,val
17421,14,4,4,21,val,val
17422,14,4,4,22,val,val
17423,14,4,4,23,val,val
17424,14,4,4,24,val,val
17425,14,4,4,25,val,val
17426,14,4,4,26,val,val
17427,14,4,4,27,val,val
17428,14,4,4,28,val,val
17429,14,4,4,29,val,val
17430,14,4,4,30,val,val
17431,14,4,4,31,val,val
17432,14,4,4,32,val,val
17433,14,4,4,33,val,val
17434,14,4,4,34,val,val
17435,14,4,4,35,val,val
17436,14,4,4,36,val,val
17437,14,4,4,37,val,val
17438,14,4,4,38,val,val
17439,14,4,4,39,val,val
17440,14,4,4,40,val,val
17441,14,4,4,41,val,val
17442,14,4,4,42,val,val
17443,14,4,4,43,val,val
17444,14,4,4,44,val,val
17445,14,4,4,45,val,val
17446,14,4,4,46,val,val
17447,14,4,4,47,val,val
17448,14,4,4,48,val,val
17449,14,4,4,49,val,val
17450,14,4,4,50,val,val
17451,14,4,5,1,test,val
17452,14,4,5,2,test,val
17453,14,4,5,3,test,val
17454,14,4,5,4,test,val
17455,14,4,5,5,test,val
17456,14,4,5,6,test,val
17457,14,4,5,7,test,val
17458,14,4,5,8,test,val
17459,14,4,5,9,test,val
17460,14,4,5,10,test,val
17461,14,4,5,11,test,val
17462,14,4,5,12,test,val
17463,14,4,5,13,test,val
17464,14,4,5,14,test,val
17465,14,4,5,15,test,val
17466,14,4,5,16,test,val
17467,14,4,5,17,test,val
17468,14,4,5,18,test,val
17469,14,4,5,19,test,val
17470,14,4,5,20,test,val
17471,14,4,5,21,test,val
17472,14,4,5,22,test,val
17473,14,4,5,23,test,val
17474,14,4,5,24,test,val
17475,14,4,5,25,test,val
17476,14,4,5,26,test,val
17477,14,4,5,27,test,val
17478,14,4,5,28,test,val
17479,14,4,5,29,test,val
17480,14,4,5,30,test,val
17481,14,4,5,31,test,val
17482,14,4,5,32,test,val
17483,14,4,5,33,test,val
17484,14,4,5,34,test,val
17485,14,4,5,35,test,val
17486,14,4,5,36,test,val
17487,14,4,5,37,test,val
17488,14,4,5,38,test,val
17489,14,4,5,39,test,val
17490,14,4,5,40,test,val
17491,14,4,5,41,test,val
17492,14,4,5,42,test,val
17493,14,4,5,43,test,val
17494,14,4,5,44,test,val
17495,14,4,5,45,test,val
17496,14,4,5,46,test,val
17497,14,4,5,47,test,val
17498,14,4,5,48,test,val
17499,14,4,5,49,test,val
17500,14,4,5,50,test,val
17501,15,0,1,1,train,train
17502,15,0,1,2,train,train
17503,15,0,1,3,train,train
17504,15,0,1,4,train,train
17505,15,0,1,5,train,train
17506,15,0,1,6,train,train
17507,15,0,1,7,train,train
17508,15,0,1,8,train,train
17509,15,0,1,9,train,train
17510,15,0,1,10,train,train
17511,15,0,1,11,train,train
17512,15,0,1,12,train,train
17513,15,0,1,13,train,train
17514,15,0,1,14,train,train
17515,15,0,1,15,train,train
17516,15,0,1,16,train,train
17517,15,0,1,17,train,train
17518,15,0,1,18,train,train
17519,15,0,1,19,train,train
17520,15,0,1,20,train,train
17521,15,0,1,21,train,train
17522,15,0,1,22,train,train
17523,15,0,1,23,train,train
17524,15,0,1,24,train,train
17525,15,0,1,25,train,train
17526,15,0,1,26,train,train
17527,15,0,1,27,train,train
17528,15,0,1,28,train,train
17529,15,0,1,29,train,train
17530,15,0,1,30,train,train
17531,15,0,1,31,train,train
17532,15,0,1,32,train,train
17533,15,0,1,33,train,train
17534,15,0,1,34,train,train
17535,15,0,1,35,train,train
17536,15,0,1,36,train,train
17537,15,0,1,37,train,train
17538,15,0,1,38,train,train
17539,15,0,1,39,train,train
17540,15,0,1,40,train,train
17541,15,0,1,41,train,train
17542,15,0,1,42,train,train
17543,15,0,1,43,train,train
17544,15,0,1,44,train,train
17545,15,0,1,45,train,train
17546,15,0,1,46,train,train
17547,15,0,1,47,train,train
17548,15,0,1,48,train,train
17549,15,0,1,49,train,train
17550,15,0,1,50,train,train
17551,15,0,2,1,train,train
17552,15,0,2,2,train,train
17553,15,0,2,3,train,train
17554,15,0,2,4,train,train
17555,15,0,2,5,train,train
17556,15,0,2,6,train,train
17557,15,0,2,7,train,train
17558,15,0,2,8,train,train
17559,15,0,2,9,train,train
17560,15,0,2,10,train,train
17561,15,0,2,11,train,train
17562,15,0,2,12,train,train
17563,15,0,2,13,train,train
17564,15,0,2,14,train,train
17565,15,0,2,15,train,train
17566,15,0,2,16,train,train
17567,15,0,2,17,train,train
17568,15,0,2,18,train,train
17569,15,0,2,19,train,train
17570,15,0,2,20,train,train
17571,15,0,2,21,train,train
17572,15,0,2,22,train,train
17573,15,0,2,23,train,train
17574,15,0,2,24,train,train
17575,15,0,2,25,train,train
17576,15,0,2,26,train,train
17577,15,0,2,27,train,train
17578,15,0,2,28,train,train
17579,15,0,2,29,train,train
17580,15,0,2,30,train,train
17581,15,0,2,31,train,train
17582,15,0,2,32,train,train
17583,15,0,2,33,train,train
17584,15,0,2,34,train,train
17585,15,0,2,35,train,train
17586,15,0,2,36,train,train
17587,15,0,2,37,train,train
17588,15,0,2,38,train,train
17589,15,0,2,39,train,train
17590,15,0,2,40,train,train
17591,15,0,2,41,train,train
17592,15,0,2,42,train,train
17593,15,0,2,43,train,train
17594,15,0,2,44,train,train
17595,15,0,2,45,train,train
17596,15,0,2,46,train,train
17597,15,0,2,47,train,train
17598,15,0,2,48,train,train
17599,15,0,2,49,train,train
17600,15,0,2,50,train,train
17601,15,0,3,1,train,train
17602,15,0,3,2,train,train
17603,15,0,3,3,train,train
17604,15,0,3,4,train,train
17605,15,0,3,5,train,train
17606,15,0,3,6,train,train
17607,15,0,3,7,train,train
17608,15,0,3,8,train,train
17609,15,0,3,9,train,train
17610,15,0,3,10,train,train
17611,15,0,3,11,train,train
17612,15,0,3,12,train,train
17613,15,0,3,13,train,train
17614,15,0,3,14,train,train
17615,15,0,3,15,train,train
17616,15,0,3,16,train,train
17617,15,0,3,17,train,train
17618,15,0,3,18,train,train
17619,15,0,3,19,train,train
17620,15,0,3,20,train,train
17621,15,0,3,21,train,train
17622,15,0,3,22,train,train
17623,15,0,3,23,train,train
17624,15,0,3,24,train,train
17625,15,0,3,25,train,train
17626,15,0,3,26,train,train
17627,15,0,3,27,train,train
17628,15,0,3,28,train,train
17629,15,0,3,29,train,train
17630,15,0,3,30,train,train
17631,15,0,3,31,train,train
17632,15,0,3,32,train,train
17633,15,0,3,33,train,train
17634,15,0,3,34,train,train
17635,15,0,3,35,train,train
17636,15,0,3,36,train,train
17637,15,0,3,37,train,train
17638,15,0,3,38,train,train
17639,15,0,3,39,train,train
17640,15,0,3,40,train,train
17641,15,0,3,41,train,train
17642,15,0,3,42,train,train
17643,15,0,3,43,train,train
17644,15,0,3,44,train,train
17645,15,0,3,45,train,train
17646,15,0,3,46,train,train
17647,15,0,3,47,train,train
17648,15,0,3,48,train,train
17649,15,0,3,49,train,train
17650,15,0,3,50,train,train
17651,15,0,4,1,val,train
17652,15,0,4,2,val,train
17653,15,0,4,3,val,train
17654,15,0,4,4,val,train
17655,15,0,4,5,val,train
17656,15,0,4,6,val,train
17657,15,0,4,7,val,train
17658,15,0,4,8,val,train
17659,15,0,4,9,val,train
17660,15,0,4,10,val,train
17661,15,0,4,11,val,train
17662,15,0,4,12,val,train
17663,15,0,4,13,val,train
17664,15,0,4,14,val,train
17665,15,0,4,15,val,train
17666,15,0,4,16,val,train
17667,15,0,4,17,val,train
17668,15,0,4,18,val,train
17669,15,0,4,19,val,train
17670,15,0,4,20,val,train
17671,15,0,4,21,val,train
17672,15,0,4,22,val,train
17673,15,0,4,23,val,train
17674,15,0,4,24,val,train
17675,15,0,4,25,val,train
17676,15,0,4,26,val,train
17677,15,0,4,27,val,train
17678,15,0,4,28,val,train
17679,15,0,4,29,val,train
17680,15,0,4,30,val,train
17681,15,0,4,31,val,train
17682,15,0,4,32,val,train
17683,15,0,4,33,val,train
17684,15,0,4,34,val,train
17685,15,0,4,35,val,train
17686,15,0,4,36,val,train
17687,15,0,4,37,val,train
17688,15,0,4,38,val,train
17689,15,0,4,39,val,train
17690,15,0,4,40,val,train
17691,15,0,4,41,val,train
17692,15,0,4,42,val,train
17693,15,0,4,43,val,train
17694,15,0,4,44,val,train
17695,15,0,4,45,val,train
17696,15,0,4,46,val,train
17697,15,0,4,47,val,train
17698,15,0,4,48,val,train
17699,15,0,4,49,val,train
17700,15,0,4,50,val,train
17701,15,0,5,1,test,train
17702,15,0,5,2,test,train
17703,15,0,5,3,test,train
17704,15,0,5,4,test,train
17705,15,0,5,5,test,train
17706,15,0,5,6,test,train
17707,15,0,5,7,test,train
17708,15,0,5,8,test,train
17709,15,0,5,9,test,train
17710,15,0,5,10,test,train
17711,15,0,5,11,test,train
17712,15,0,5,12,test,train
17713,15,0,5,13,test,train
17714,15,0,5,14,test,train
17715,15,0,5,15,test,train
17716,15,0,5,16,test,train
17717,15,0,5,17,test,train
17718,15,0,5,18,test,train
17719,15,0,5,19,test,train
17720,15,0,5,20,test,train
17721,15,0,5,21,test,train
17722,15,0,5,22,test,train
17723,15,0,5,23,test,train
17724,15,0,5,24,test,train
17725,15,0,5,25,test,train
17726,15,0,5,26,test,train
17727,15,0,5,27,test,train
17728,15,0,5,28,test,train
17729,15,0,5,29,test,train
17730,15,0,5,30,test,train
17731,15,0,5,31,test,train
17732,15,0,5,32,test,train
17733,15,0,5,33,test,train
17734,15,0,5,34,test,train
17735,15,0,5,35,test,train
17736,15,0,5,36,test,train
17737,15,0,5,37,test,train
17738,15,0,5,38,test,train
17739,15,0,5,39,test,train
17740,15,0,5,40,test,train
17741,15,0,5,41,test,train
17742,15,0,5,42,test,train
17743,15,0,5,43,test,train
17744,15,0,5,44,test,train
17745,15,0,5,45,test,train
17746,15,0,5,46,test,train
17747,15,0,5,47,test,train
17748,15,0,5,48,test,train
17749,15,0,5,49,test,train
17750,15,0,5,50,test,train
17751,15,1,1,1,train,train
17752,15,1,1,2,train,train
17753,15,1,1,3,train,train
17754,15,1,1,4,train,train
17755,15,1,1,5,train,train
17756,15,1,1,6,train,train
17757,15,1,1,7,train,train
17758,15,1,1,8,train,train
17759,15,1,1,9,train,train
17760,15,1,1,10,train,train
17761,15,1,1,11,train,train
17762,15,1,1,12,train,train
17763,15,1,1,13,train,train
17764,15,1,1,14,train,train
17765,15,1,1,15,train,train
17766,15,1,1,16,train,train
17767,15,1,1,17,train,train
17768,15,1,1,18,train,train
17769,15,1,1,19,train,train
17770,15,1,1,20,train,train
17771,15,1,1,21,train,train
17772,15,1,1,22,train,train
17773,15,1,1,23,train,train
17774,15,1,1,24,train,train
17775,15,1,1,25,train,train
17776,15,1,1,26,train,train
17777,15,1,1,27,train,train
17778,15,1,1,28,train,train
17779,15,1,1,29,train,train
17780,15,1,1,30,train,train
17781,15,1,1,31,train,train
17782,15,1,1,32,train,train
17783,15,1,1,33,train,train
17784,15,1,1,34,train,train
17785,15,1,1,35,train,train
17786,15,1,1,36,train,train
17787,15,1,1,37,train,train
17788,15,1,1,38,train,train
17789,15,1,1,39,train,train
17790,15,1,1,40,train,train
17791,15,1,1,41,train,train
17792,15,1,1,42,train,train
17793,15,1,1,43,train,train
17794,15,1,1,44,train,train
17795,15,1,1,45,train,train
17796,15,1,1,46,train,train
17797,15,1,1,47,train,train
17798,15,1,1,48,train,train
17799,15,1,1,49,train,train
17800,15,1,1,50,train,train
17801,15,1,2,1,train,train
17802,15,1,2,2,train,train
17803,15,1,2,3,train,train
17804,15,1,2,4,train,train
17805,15,1,2,5,train,train
17806,15,1,2,6,train,train
17807,15,1,2,7,train,train
17808,15,1,2,8,train,train
17809,15,1,2,9,train,train
17810,15,1,2,10,train,train
17811,15,1,2,11,train,train
17812,15,1,2,12,train,train
17813,15,1,2,13,train,train
17814,15,1,2,14,train,train
17815,15,1,2,15,train,train
17816,15,1,2,16,train,train
17817,15,1,2,17,train,train
17818,15,1,2,18,train,train
17819,15,1,2,19,train,train
17820,15,1,2,20,train,train
17821,15,1,2,21,train,train
17822,15,1,2,22,train,train
17823,15,1,2,23,train,train
17824,15,1,2,24,train,train
17825,15,1,2,25,train,train
17826,15,1,2,26,train,train
17827,15,1,2,27,train,train
17828,15,1,2,28,train,train
17829,15,1,2,29,train,train
17830,15,1,2,30,train,train
17831,15,1,2,31,train,train
17832,15,1,2,32,train,train
17833,15,1,2,33,train,train
17834,15,1,2,34,train,train
17835,15,1,2,35,train,train
17836,15,1,2,36,train,train
17837,15,1,2,37,train,train
17838,15,1,2,38,train,train
17839,15,1,2,39,train,train
17840,15,1,2,40,train,train
17841,15,1,2,41,train,train
17842,15,1,2,42,train,train
17843,15,1,2,43,train,train
17844,15,1,2,44,train,train
17845,15,1,2,45,train,train
17846,15,1,2,46,train,train
17847,15,1,2,47,train,train
17848,15,1,2,48,train,train
17849,15,1,2,49,train,train
17850,15,1,2,50,train,train
17851,15,1,3,1,train,train
17852,15,1,3,2,train,train
17853,15,1,3,3,train,train
17854,15,1,3,4,train,train
17855,15,1,3,5,train,train
17856,15,1,3,6,train,train
17857,15,1,3,7,train,train
17858,15,1,3,8,train,train
17859,15,1,3,9,train,train
17860,15,1,3,10,train,train
17861,15,1,3,11,train,train
17862,15,1,3,12,train,train
17863,15,1,3,13,train,train
17864,15,1,3,14,train,train
17865,15,1,3,15,train,train
17866,15,1,3,16,train,train
17867,15,1,3,17,train,train
17868,15,1,3,18,train,train
17869,15,1,3,19,train,train
17870,15,1,3,20,train,train
17871,15,1,3,21,train,train
17872,15,1,3,22,train,train
17873,15,1,3,23,train,train
17874,15,1,3,24,train,train
17875,15,1,3,25,train,train
17876,15,1,3,26,train,train
17877,15,1,3,27,train,train
17878,15,1,3,28,train,train
17879,15,1,3,29,train,train
17880,15,1,3,30,train,train
17881,15,1,3,31,train,train
17882,15,1,3,32,train,train
17883,15,1,3,33,train,train
17884,15,1,3,34,train,train
17885,15,1,3,35,train,train
17886,15,1,3,36,train,train
17887,15,1,3,37,train,train
17888,15,1,3,38,train,train
17889,15,1,3,39,train,train
17890,15,1,3,40,train,train
17891,15,1,3,41,train,train
17892,15,1,3,42,train,train
17893,15,1,3,43,train,train
17894,15,1,3,44,train,train
17895,15,1,3,45,train,train
17896,15,1,3,46,train,train
17897,15,1,3,47,train,train
17898,15,1,3,48,train,train
17899,15,1,3,49,train,train
17900,15,1,3,50,train,train
17901,15,1,4,1,val,train
17902,15,1,4,2,val,train
17903,15,1,4,3,val,train
17904,15,1,4,4,val,train
17905,15,1,4,5,val,train
17906,15,1,4,6,val,train
17907,15,1,4,7,val,train
17908,15,1,4,8,val,train
17909,15,1,4,9,val,train
17910,15,1,4,10,val,train
17911,15,1,4,11,val,train
17912,15,1,4,12,val,train
17913,15,1,4,13,val,train
17914,15,1,4,14,val,train
17915,15,1,4,15,val,train
17916,15,1,4,16,val,train
17917,15,1,4,17,val,train
17918,15,1,4,18,val,train
17919,15,1,4,19,val,train
17920,15,1,4,20,val,train
17921,15,1,4,21,val,train
17922,15,1,4,22,val,train
17923,15,1,4,23,val,train
17924,15,1,4,24,val,train
17925,15,1,4,25,val,train
17926,15,1,4,26,val,train
17927,15,1,4,27,val,train
17928,15,1,4,28,val,train
17929,15,1,4,29,val,train
17930,15,1,4,30,val,train
17931,15,1,4,31,val,train
17932,15,1,4,32,val,train
17933,15,1,4,33,val,train
17934,15,1,4,34,val,train
17935,15,1,4,35,val,train
17936,15,1,4,36,val,train
17937,15,1,4,37,val,train
17938,15,1,4,38,val,train
17939,15,1,4,39,val,train
17940,15,1,4,40,val,train
17941,15,1,4,41,val,train
17942,15,1,4,42,val,train
17943,15,1,4,43,val,train
17944,15,1,4,44,val,train
17945,15,1,4,45,val,train
17946,15,1,4,46,val,train
17947,15,1,4,47,val,train
17948,15,1,4,48,val,train
17949,15,1,4,49,val,train
17950,15,1,4,50,val,train
17951,15,1,5,1,test,train
17952,15,1,5,2,test,train
17953,15,1,5,3,test,train
17954,15,1,5,4,test,train
17955,15,1,5,5,test,train
17956,15,1,5,6,test,train
17957,15,1,5,7,test,train
17958,15,1,5,8,test,train
17959,15,1,5,9,test,train
17960,15,1,5,10,test,train
17961,15,1,5,11,test,train
17962,15,1,5,12,test,train
17963,15,1,5,13,test,train
17964,15,1,5,14,test,train
17965,15,1,5,15,test,train
17966,15,1,5,16,test,train
17967,15,1,5,17,test,train
17968,15,1,5,18,test,train
17969,15,1,5,19,test,train
17970,15,1,5,20,test,train
17971,15,1,5,21,test,train
17972,15,1,5,22,test,train
17973,15,1,5,23,test,train
17974,15,1,5,24,test,train
17975,15,1,5,25,test,train
17976,15,1,5,26,test,train
17977,15,1,5,27,test,train
17978,15,1,5,28,test,train
17979,15,1,5,29,test,train
17980,15,1,5,30,test,train
17981,15,1,5,31,test,train
17982,15,1,5,32,test,train
17983,15,1,5,33,test,train
17984,15,1,5,34,test,train
17985,15,1,5,35,test,train
17986,15,1,5,36,test,train
17987,15,1,5,37,test,train
17988,15,1,5,38,test,train
17989,15,1,5,39,test,train
17990,15,1,5,40,test,train
17991,15,1,5,41,test,train
17992,15,1,5,42,test,train
17993,15,1,5,43,test,train
17994,15,1,5,44,test,train
17995,15,1,5,45,test,train
17996,15,1,5,46,test,train
17997,15,1,5,47,test,train
17998,15,1,5,48,test,train
17999,15,1,5,49,test,train
18000,15,1,5,50,test,train
18001,15,2,1,1,train,train
18002,15,2,1,2,train,train
18003,15,2,1,3,train,train
18004,15,2,1,4,train,train
18005,15,2,1,5,train,train
18006,15,2,1,6,train,train
18007,15,2,1,7,train,train
18008,15,2,1,8,train,train
18009,15,2,1,9,train,train
18010,15,2,1,10,train,train
18011,15,2,1,11,train,train
18012,15,2,1,12,train,train
18013,15,2,1,13,train,train
18014,15,2,1,14,train,train
18015,15,2,1,15,train,train
18016,15,2,1,16,train,train
18017,15,2,1,17,train,train
18018,15,2,1,18,train,train
18019,15,2,1,19,train,train
18020,15,2,1,20,train,train
18021,15,2,1,21,train,train
18022,15,2,1,22,train,train
18023,15,2,1,23,train,train
18024,15,2,1,24,train,train
18025,15,2,1,25,train,train
18026,15,2,1,26,train,train
18027,15,2,1,27,train,train
18028,15,2,1,28,train,train
18029,15,2,1,29,train,train
18030,15,2,1,30,train,train
18031,15,2,1,31,train,train
18032,15,2,1,32,train,train
18033,15,2,1,33,train,train
18034,15,2,1,34,train,train
18035,15,2,1,35,train,train
18036,15,2,1,36,train,train
18037,15,2,1,37,train,train
18038,15,2,1,38,train,train
18039,15,2,1,39,train,train
18040,15,2,1,40,train,train
18041,15,2,1,41,train,train
18042,15,2,1,42,train,train
18043,15,2,1,43,train,train
18044,15,2,1,44,train,train
18045,15,2,1,45,train,train
18046,15,2,1,46,train,train
18047,15,2,1,47,train,train
18048,15,2,1,48,train,train
18049,15,2,1,49,train,train
18050,15,2,1,50,train,train
18051,15,2,2,1,train,train
18052,15,2,2,2,train,train
18053,15,2,2,3,train,train
18054,15,2,2,4,train,train
18055,15,2,2,5,train,train
18056,15,2,2,6,train,train
18057,15,2,2,7,train,train
18058,15,2,2,8,train,train
18059,15,2,2,9,train,train
18060,15,2,2,10,train,train
18061,15,2,2,11,train,train
18062,15,2,2,12,train,train
18063,15,2,2,13,train,train
18064,15,2,2,14,train,train
18065,15,2,2,15,train,train
18066,15,2,2,16,train,train
18067,15,2,2,17,train,train
18068,15,2,2,18,train,train
18069,15,2,2,19,train,train
18070,15,2,2,20,train,train
18071,15,2,2,21,train,train
18072,15,2,2,22,train,train
18073,15,2,2,23,train,train
18074,15,2,2,24,train,train
18075,15,2,2,25,train,train
18076,15,2,2,26,train,train
18077,15,2,2,27,train,train
18078,15,2,2,28,train,train
18079,15,2,2,29,train,train
18080,15,2,2,30,train,train
18081,15,2,2,31,train,train
18082,15,2,2,32,train,train
18083,15,2,2,33,train,train
18084,15,2,2,34,train,train
18085,15,2,2,35,train,train
18086,15,2,2,36,train,train
18087,15,2,2,37,train,train
18088,15,2,2,38,train,train
18089,15,2,2,39,train,train
18090,15,2,2,40,train,train
18091,15,2,2,41,train,train
18092,15,2,2,42,train,train
18093,15,2,2,43,train,train
18094,15,2,2,44,train,train
18095,15,2,2,45,train,train
18096,15,2,2,46,train,train
18097,15,2,2,47,train,train
18098,15,2,2,48,train,train
18099,15,2,2,49,train,train
18100,15,2,2,50,train,train
18101,15,2,3,1,train,train
18102,15,2,3,2,train,train
18103,15,2,3,3,train,train
18104,15,2,3,4,train,train
18105,15,2,3,5,train,train
18106,15,2,3,6,train,train
18107,15,2,3,7,train,train
18108,15,2,3,8,train,train
18109,15,2,3,9,train,train
18110,15,2,3,10,train,train
18111,15,2,3,11,train,train
18112,15,2,3,12,train,train
18113,15,2,3,13,train,train
18114,15,2,3,14,train,train
18115,15,2,3,15,train,train
18116,15,2,3,16,train,train
18117,15,2,3,17,train,train
18118,15,2,3,18,train,train
18119,15,2,3,19,train,train
18120,15,2,3,20,train,train
18121,15,2,3,21,train,train
18122,15,2,3,22,train,train
18123,15,2,3,23,train,train
18124,15,2,3,24,train,train
18125,15,2,3,25,train,train
18126,15,2,3,26,train,train
18127,15,2,3,27,train,train
18128,15,2,3,28,train,train
18129,15,2,3,29,train,train
18130,15,2,3,30,train,train
18131,15,2,3,31,train,train
18132,15,2,3,32,train,train
18133,15,2,3,33,train,train
18134,15,2,3,34,train,train
18135,15,2,3,35,train,train
18136,15,2,3,36,train,train
18137,15,2,3,37,train,train
18138,15,2,3,38,train,train
18139,15,2,3,39,train,train
18140,15,2,3,40,train,train
18141,15,2,3,41,train,train
18142,15,2,3,42,train,train
18143,15,2,3,43,train,train
18144,15,2,3,44,train,train
18145,15,2,3,45,train,train
18146,15,2,3,46,train,train
18147,15,2,3,47,train,train
18148,15,2,3,48,train,train
18149,15,2,3,49,train,train
18150,15,2,3,50,train,train
18151,15,2,4,1,val,train
18152,15,2,4,2,val,train
18153,15,2,4,3,val,train
18154,15,2,4,4,val,train
18155,15,2,4,5,val,train
18156,15,2,4,6,val,train
18157,15,2,4,7,val,train
18158,15,2,4,8,val,train
18159,15,2,4,9,val,train
18160,15,2,4,10,val,train
18161,15,2,4,11,val,train
18162,15,2,4,12,val,train
18163,15,2,4,13,val,train
18164,15,2,4,14,val,train
18165,15,2,4,15,val,train
18166,15,2,4,16,val,train
18167,15,2,4,17,val,train
18168,15,2,4,18,val,train
18169,15,2,4,19,val,train
18170,15,2,4,20,val,train
18171,15,2,4,21,val,train
18172,15,2,4,22,val,train
18173,15,2,4,23,val,train
18174,15,2,4,24,val,train
18175,15,2,4,25,val,train
18176,15,2,4,26,val,train
18177,15,2,4,27,val,train
18178,15,2,4,28,val,train
18179,15,2,4,29,val,train
18180,15,2,4,30,val,train
18181,15,2,4,31,val,train
18182,15,2,4,32,val,train
18183,15,2,4,33,val,train
18184,15,2,4,34,val,train
18185,15,2,4,35,val,train
18186,15,2,4,36,val,train
18187,15,2,4,37,val,train
18188,15,2,4,38,val,train
18189,15,2,4,39,val,train
18190,15,2,4,40,val,train
18191,15,2,4,41,val,train
18192,15,2,4,42,val,train
18193,15,2,4,43,val,train
18194,15,2,4,44,val,train
18195,15,2,4,45,val,train
18196,15,2,4,46,val,train
18197,15,2,4,47,val,train
18198,15,2,4,48,val,train
18199,15,2,4,49,val,train
18200,15,2,4,50,val,train
18201,15,2,5,1,test,train
18202,15,2,5,2,test,train
18203,15,2,5,3,test,train
18204,15,2,5,4,test,train
18205,15,2,5,5,test,train
18206,15,2,5,6,test,train
18207,15,2,5,7,test,train
18208,15,2,5,8,test,train
18209,15,2,5,9,test,train
18210,15,2,5,10,test,train
18211,15,2,5,11,test,train
18212,15,2,5,12,test,train
18213,15,2,5,13,test,train
18214,15,2,5,14,test,train
18215,15,2,5,15,test,train
18216,15,2,5,16,test,train
18217,15,2,5,17,test,train
18218,15,2,5,18,test,train
18219,15,2,5,19,test,train
18220,15,2,5,20,test,train
18221,15,2,5,21,test,train
18222,15,2,5,22,test,train
18223,15,2,5,23,test,train
18224,15,2,5,24,test,train
18225,15,2,5,25,test,train
18226,15,2,5,26,test,train
18227,15,2,5,27,test,train
18228,15,2,5,28,test,train
18229,15,2,5,29,test,train
18230,15,2,5,30,test,train
18231,15,2,5,31,test,train
18232,15,2,5,32,test,train
18233,15,2,5,33,test,train
18234,15,2,5,34,test,train
18235,15,2,5,35,test,train
18236,15,2,5,36,test,train
18237,15,2,5,37,test,train
18238,15,2,5,38,test,train
18239,15,2,5,39,test,train
18240,15,2,5,40,test,train
18241,15,2,5,41,test,train
18242,15,2,5,42,test,train
18243,15,2,5,43,test,train
18244,15,2,5,44,test,train
18245,15,2,5,45,test,train
18246,15,2,5,46,test,train
18247,15,2,5,47,test,train
18248,15,2,5,48,test,train
18249,15,2,5,49,test,train
18250,15,2,5,50,test,train
18251,15,3,1,1,train,train
18252,15,3,1,2,train,train
18253,15,3,1,3,train,train
18254,15,3,1,4,train,train
18255,15,3,1,5,train,train
18256,15,3,1,6,train,train
18257,15,3,1,7,train,train
18258,15,3,1,8,train,train
18259,15,3,1,9,train,train
18260,15,3,1,10,train,train
18261,15,3,1,11,train,train
18262,15,3,1,12,train,train
18263,15,3,1,13,train,train
18264,15,3,1,14,train,train
18265,15,3,1,15,train,train
18266,15,3,1,16,train,train
18267,15,3,1,17,train,train
18268,15,3,1,18,train,train
18269,15,3,1,19,train,train
18270,15,3,1,20,train,train
18271,15,3,1,21,train,train
18272,15,3,1,22,train,train
18273,15,3,1,23,train,train
18274,15,3,1,24,train,train
18275,15,3,1,25,train,train
18276,15,3,1,26,train,train
18277,15,3,1,27,train,train
18278,15,3,1,28,train,train
18279,15,3,1,29,train,train
18280,15,3,1,30,train,train
18281,15,3,1,31,train,train
18282,15,3,1,32,train,train
18283,15,3,1,33,train,train
18284,15,3,1,34,train,train
18285,15,3,1,35,train,train
18286,15,3,1,36,train,train
18287,15,3,1,37,train,train
18288,15,3,1,38,train,train
18289,15,3,1,39,train,train
18290,15,3,1,40,train,train
18291,15,3,1,41,train,train
18292,15,3,1,42,train,train
18293,15,3,1,43,train,train
18294,15,3,1,44,train,train
18295,15,3,1,45,train,train
18296,15,3,1,46,train,train
18297,15,3,1,47,train,train
18298,15,3,1,48,train,train
18299,15,3,1,49,train,train
18300,15,3,1,50,train,train
18301,15,3,2,1,train,train
18302,15,3,2,2,train,train
18303,15,3,2,3,train,train
18304,15,3,2,4,train,train
18305,15,3,2,5,train,train
18306,15,3,2,6,train,train
18307,15,3,2,7,train,train
18308,15,3,2,8,train,train
18309,15,3,2,9,train,train
18310,15,3,2,10,train,train
18311,15,3,2,11,train,train
18312,15,3,2,12,train,train
18313,15,3,2,13,train,train
18314,15,3,2,14,train,train
18315,15,3,2,15,train,train
18316,15,3,2,16,train,train
18317,15,3,2,17,train,train
18318,15,3,2,18,train,train
18319,15,3,2,19,train,train
18320,15,3,2,20,train,train
18321,15,3,2,21,train,train
18322,15,3,2,22,train,train
18323,15,3,2,23,train,train
18324,15,3,2,24,train,train
18325,15,3,2,25,train,train
18326,15,3,2,26,train,train
18327,15,3,2,27,train,train
18328,15,3,2,28,train,train
18329,15,3,2,29,train,train
18330,15,3,2,30,train,train
18331,15,3,2,31,train,train
18332,15,3,2,32,train,train
18333,15,3,2,33,train,train
18334,15,3,2,34,train,train
18335,15,3,2,35,train,train
18336,15,3,2,36,train,train
18337,15,3,2,37,train,train
18338,15,3,2,38,train,train
18339,15,3,2,39,train,train
18340,15,3,2,40,train,train
18341,15,3,2,41,train,train
18342,15,3,2,42,train,train
18343,15,3,2,43,train,train
18344,15,3,2,44,train,train
18345,15,3,2,45,train,train
18346,15,3,2,46,train,train
18347,15,3,2,47,train,train
18348,15,3,2,48,train,train
18349,15,3,2,49,train,train
18350,15,3,2,50,train,train
18351,15,3,3,1,train,train
18352,15,3,3,2,train,train
18353,15,3,3,3,train,train
18354,15,3,3,4,train,train
18355,15,3,3,5,train,train
18356,15,3,3,6,train,train
18357,15,3,3,7,train,train
18358,15,3,3,8,train,train
18359,15,3,3,9,train,train
18360,15,3,3,10,train,train
18361,15,3,3,11,train,train
18362,15,3,3,12,train,train
18363,15,3,3,13,train,train
18364,15,3,3,14,train,train
18365,15,3,3,15,train,train
18366,15,3,3,16,train,train
18367,15,3,3,17,train,train
18368,15,3,3,18,train,train
18369,15,3,3,19,train,train
18370,15,3,3,20,train,train
18371,15,3,3,21,train,train
18372,15,3,3,22,train,train
18373,15,3,3,23,train,train
18374,15,3,3,24,train,train
18375,15,3,3,25,train,train
18376,15,3,3,26,train,train
18377,15,3,3,27,train,train
18378,15,3,3,28,train,train
18379,15,3,3,29,train,train
18380,15,3,3,30,train,train
18381,15,3,3,31,train,train
18382,15,3,3,32,train,train
18383,15,3,3,33,train,train
18384,15,3,3,34,train,train
18385,15,3,3,35,train,train
18386,15,3,3,36,train,train
18387,15,3,3,37,train,train
18388,15,3,3,38,train,train
18389,15,3,3,39,train,train
18390,15,3,3,40,train,train
18391,15,3,3,41,train,train
18392,15,3,3,42,train,train
18393,15,3,3,43,train,train
18394,15,3,3,44,train,train
18395,15,3,3,45,train,train
18396,15,3,3,46,train,train
18397,15,3,3,47,train,train
18398,15,3,3,48,train,train
18399,15,3,3,49,train,train
18400,15,3,3,50,train,train
18401,15,3,4,1,val,train
18402,15,3,4,2,val,train
18403,15,3,4,3,val,train
18404,15,3,4,4,val,train
18405,15,3,4,5,val,train
18406,15,3,4,6,val,train
18407,15,3,4,7,val,train
18408,15,3,4,8,val,train
18409,15,3,4,9,val,train
18410,15,3,4,10,val,train
18411,15,3,4,11,val,train
18412,15,3,4,12,val,train
18413,15,3,4,13,val,train
18414,15,3,4,14,val,train
18415,15,3,4,15,val,train
18416,15,3,4,16,val,train
18417,15,3,4,17,val,train
18418,15,3,4,18,val,train
18419,15,3,4,19,val,train
18420,15,3,4,20,val,train
18421,15,3,4,21,val,train
18422,15,3,4,22,val,train
18423,15,3,4,23,val,train
18424,15,3,4,24,val,train
18425,15,3,4,25,val,train
18426,15,3,4,26,val,train
18427,15,3,4,27,val,train
18428,15,3,4,28,val,train
18429,15,3,4,29,val,train
18430,15,3,4,30,val,train
18431,15,3,4,31,val,train
18432,15,3,4,32,val,train
18433,15,3,4,33,val,train
18434,15,3,4,34,val,train
18435,15,3,4,35,val,train
18436,15,3,4,36,val,train
18437,15,3,4,37,val,train
18438,15,3,4,38,val,train
18439,15,3,4,39,val,train
18440,15,3,4,40,val,train
18441,15,3,4,41,val,train
18442,15,3,4,42,val,train
18443,15,3,4,43,val,train
18444,15,3,4,44,val,train
18445,15,3,4,45,val,train
18446,15,3,4,46,val,train
18447,15,3,4,47,val,train
18448,15,3,4,48,val,train
18449,15,3,4,49,val,train
18450,15,3,4,50,val,train
18451,15,3,5,1,test,train
18452,15,3,5,2,test,train
18453,15,3,5,3,test,train
18454,15,3,5,4,test,train
18455,15,3,5,5,test,train
18456,15,3,5,6,test,train
18457,15,3,5,7,test,train
18458,15,3,5,8,test,train
18459,15,3,5,9,test,train
18460,15,3,5,10,test,train
18461,15,3,5,11,test,train
18462,15,3,5,12,test,train
18463,15,3,5,13,test,train
18464,15,3,5,14,test,train
18465,15,3,5,15,test,train
18466,15,3,5,16,test,train
18467,15,3,5,17,test,train
18468,15,3,5,18,test,train
18469,15,3,5,19,test,train
18470,15,3,5,20,test,train
18471,15,3,5,21,test,train
18472,15,3,5,22,test,train
18473,15,3,5,23,test,train
18474,15,3,5,24,test,train
18475,15,3,5,25,test,train
18476,15,3,5,26,test,train
18477,15,3,5,27,test,train
18478,15,3,5,28,test,train
18479,15,3,5,29,test,train
18480,15,3,5,30,test,train
18481,15,3,5,31,test,train
18482,15,3,5,32,test,train
18483,15,3,5,33,test,train
18484,15,3,5,34,test,train
18485,15,3,5,35,test,train
18486,15,3,5,36,test,train
18487,15,3,5,37,test,train
18488,15,3,5,38,test,train
18489,15,3,5,39,test,train
18490,15,3,5,40,test,train
18491,15,3,5,41,test,train
18492,15,3,5,42,test,train
18493,15,3,5,43,test,train
18494,15,3,5,44,test,train
18495,15,3,5,45,test,train
18496,15,3,5,46,test,train
18497,15,3,5,47,test,train
18498,15,3,5,48,test,train
18499,15,3,5,49,test,train
18500,15,3,5,50,test,train
18501,15,4,1,1,train,train
18502,15,4,1,2,train,train
18503,15,4,1,3,train,train
18504,15,4,1,4,train,train
18505,15,4,1,5,train,train
18506,15,4,1,6,train,train
18507,15,4,1,7,train,train
18508,15,4,1,8,train,train
18509,15,4,1,9,train,train
18510,15,4,1,10,train,train
18511,15,4,1,11,train,train
18512,15,4,1,12,train,train
18513,15,4,1,13,train,train
18514,15,4,1,14,train,train
18515,15,4,1,15,train,train
18516,15,4,1,16,train,train
18517,15,4,1,17,train,train
18518,15,4,1,18,train,train
18519,15,4,1,19,train,train
18520,15,4,1,20,train,train
18521,15,4,1,21,train,train
18522,15,4,1,22,train,train
18523,15,4,1,23,train,train
18524,15,4,1,24,train,train
18525,15,4,1,25,train,train
18526,15,4,1,26,train,train
18527,15,4,1,27,train,train
18528,15,4,1,28,train,train
18529,15,4,1,29,train,train
18530,15,4,1,30,train,train
18531,15,4,1,31,train,train
18532,15,4,1,32,train,train
18533,15,4,1,33,train,train
18534,15,4,1,34,train,train
18535,15,4,1,35,train,train
18536,15,4,1,36,train,train
18537,15,4,1,37,train,train
18538,15,4,1,38,train,train
18539,15,4,1,39,train,train
18540,15,4,1,40,train,train
18541,15,4,1,41,train,train
18542,15,4,1,42,train,train
18543,15,4,1,43,train,train
18544,15,4,1,44,train,train
18545,15,4,1,45,train,train
18546,15,4,1,46,train,train
18547,15,4,1,47,train,train
18548,15,4,1,48,train,train
18549,15,4,1,49,train,train
18550,15,4,1,50,train,train
18551,15,4,2,1,train,train
18552,15,4,2,2,train,train
18553,15,4,2,3,train,train
18554,15,4,2,4,train,train
18555,15,4,2,5,train,train
18556,15,4,2,6,train,train
18557,15,4,2,7,train,train
18558,15,4,2,8,train,train
18559,15,4,2,9,train,train
18560,15,4,2,10,train,train
18561,15,4,2,11,train,train
18562,15,4,2,12,train,train
18563,15,4,2,13,train,train
18564,15,4,2,14,train,train
18565,15,4,2,15,train,train
18566,15,4,2,16,train,train
18567,15,4,2,17,train,train
18568,15,4,2,18,train,train
18569,15,4,2,19,train,train
18570,15,4,2,20,train,train
18571,15,4,2,21,train,train
18572,15,4,2,22,train,train
18573,15,4,2,23,train,train
18574,15,4,2,24,train,train
18575,15,4,2,25,train,train
18576,15,4,2,26,train,train
18577,15,4,2,27,train,train
18578,15,4,2,28,train,train
18579,15,4,2,29,train,train
18580,15,4,2,30,train,train
18581,15,4,2,31,train,train
18582,15,4,2,32,train,train
18583,15,4,2,33,train,train
18584,15,4,2,34,train,train
18585,15,4,2,35,train,train
18586,15,4,2,36,train,train
18587,15,4,2,37,train,train
18588,15,4,2,38,train,train
18589,15,4,2,39,train,train
18590,15,4,2,40,train,train
18591,15,4,2,41,train,train
18592,15,4,2,42,train,train
18593,15,4,2,43,train,train
18594,15,4,2,44,train,train
18595,15,4,2,45,train,train
18596,15,4,2,46,train,train
18597,15,4,2,47,train,train
18598,15,4,2,48,train,train
18599,15,4,2,49,train,train
18600,15,4,2,50,train,train
18601,15,4,3,1,train,train
18602,15,4,3,2,train,train
18603,15,4,3,3,train,train
18604,15,4,3,4,train,train
18605,15,4,3,5,train,train
18606,15,4,3,6,train,train
18607,15,4,3,7,train,train
18608,15,4,3,8,train,train
18609,15,4,3,9,train,train
18610,15,4,3,10,train,train
18611,15,4,3,11,train,train
18612,15,4,3,12,train,train
18613,15,4,3,13,train,train
18614,15,4,3,14,train,train
18615,15,4,3,15,train,train
18616,15,4,3,16,train,train
18617,15,4,3,17,train,train
18618,15,4,3,18,train,train
18619,15,4,3,19,train,train
18620,15,4,3,20,train,train
18621,15,4,3,21,train,train
18622,15,4,3,22,train,train
18623,15,4,3,23,train,train
18624,15,4,3,24,train,train
18625,15,4,3,25,train,train
18626,15,4,3,26,train,train
18627,15,4,3,27,train,train
18628,15,4,3,28,train,train
18629,15,4,3,29,train,train
18630,15,4,3,30,train,train
18631,15,4,3,31,train,train
18632,15,4,3,32,train,train
18633,15,4,3,33,train,train
18634,15,4,3,34,train,train
18635,15,4,3,35,train,train
18636,15,4,3,36,train,train
18637,15,4,3,37,train,train
18638,15,4,3,38,train,train
18639,15,4,3,39,train,train
18640,15,4,3,40,train,train
18641,15,4,3,41,train,train
18642,15,4,3,42,train,train
18643,15,4,3,43,train,train
18644,15,4,3,44,train,train
18645,15,4,3,45,train,train
18646,15,4,3,46,train,train
18647,15,4,3,47,train,train
18648,15,4,3,48,train,train
18649,15,4,3,49,train,train
18650,15,4,3,50,train,train
18651,15,4,4,1,val,train
18652,15,4,4,2,val,train
18653,15,4,4,3,val,train
18654,15,4,4,4,val,train
18655,15,4,4,5,val,train
18656,15,4,4,6,val,train
18657,15,4,4,7,val,train
18658,15,4,4,8,val,train
18659,15,4,4,9,val,train
18660,15,4,4,10,val,train
18661,15,4,4,11,val,train
18662,15,4,4,12,val,train
18663,15,4,4,13,val,train
18664,15,4,4,14,val,train
18665,15,4,4,15,val,train
18666,15,4,4,16,val,train
18667,15,4,4,17,val,train
18668,15,4,4,18,val,train
18669,15,4,4,19,val,train
18670,15,4,4,20,val,train
18671,15,4,4,21,val,train
18672,15,4,4,22,val,train
18673,15,4,4,23,val,train
18674,15,4,4,24,val,train
18675,15,4,4,25,val,train
18676,15,4,4,26,val,train
18677,15,4,4,27,val,train
18678,15,4,4,28,val,train
18679,15,4,4,29,val,train
18680,15,4,4,30,val,train
18681,15,4,4,31,val,train
18682,15,4,4,32,val,train
18683,15,4,4,33,val,train
18684,15,4,4,34,val,train
18685,15,4,4,35,val,train
18686,15,4,4,36,val,train
18687,15,4,4,37,val,train
18688,15,4,4,38,val,train
18689,15,4,4,39,val,train
18690,15,4,4,40,val,train
18691,15,4,4,41,val,train
18692,15,4,4,42,val,train
18693,15,4,4,43,val,train
18694,15,4,4,44,val,train
18695,15,4,4,45,val,train
18696,15,4,4,46,val,train
18697,15,4,4,47,val,train
18698,15,4,4,48,val,train
18699,15,4,4,49,val,train
18700,15,4,4,50,val,train
18701,15,4,5,1,test,train
18702,15,4,5,2,test,train
18703,15,4,5,3,test,train
18704,15,4,5,4,test,train
18705,15,4,5,5,test,train
18706,15,4,5,6,test,train
18707,15,4,5,7,test,train
18708,15,4,5,8,test,train
18709,15,4,5,9,test,train
18710,15,4,5,10,test,train
18711,15,4,5,11,test,train
18712,15,4,5,12,test,train
18713,15,4,5,13,test,train
18714,15,4,5,14,test,train
18715,15,4,5,15,test,train
18716,15,4,5,16,test,train
18717,15,4,5,17,test,train
18718,15,4,5,18,test,train
18719,15,4,5,19,test,train
18720,15,4,5,20,test,train
18721,15,4,5,21,test,train
18722,15,4,5,22,test,train
18723,15,4,5,23,test,train
18724,15,4,5,24,test,train
18725,15,4,5,25,test,train
18726,15,4,5,26,test,train
18727,15,4,5,27,test,train
18728,15,4,5,28,test,train
18729,15,4,5,29,test,train
18730,15,4,5,30,test,train
18731,15,4,5,31,test,train
18732,15,4,5,32,test,train
18733,15,4,5,33,test,train
18734,15,4,5,34,test,train
18735,15,4,5,35,test,train
18736,15,4,5,36,test,train
18737,15,4,5,37,test,train
18738,15,4,5,38,test,train
18739,15,4,5,39,test,train
18740,15,4,5,40,test,train
18741,15,4,5,41,test,train
18742,15,4,5,42,test,train
18743,15,4,5,43,test,train
18744,15,4,5,44,test,train
18745,15,4,5,45,test,train
18746,15,4,5,46,test,train
18747,15,4,5,47,test,train
18748,15,4,5,48,test,train
18749,15,4,5,49,test,train
18750,15,4,5,50,test,train
18751,16,0,1,1,train,test
18752,16,0,1,2,train,test
18753,16,0,1,3,train,test
18754,16,0,1,4,train,test
18755,16,0,1,5,train,test
18756,16,0,1,6,train,test
18757,16,0,1,7,train,test
18758,16,0,1,8,train,test
18759,16,0,1,9,train,test
18760,16,0,1,10,train,test
18761,16,0,1,11,train,test
18762,16,0,1,12,train,test
18763,16,0,1,13,train,test
18764,16,0,1,14,train,test
18765,16,0,1,15,train,test
18766,16,0,1,16,train,test
18767,16,0,1,17,train,test
18768,16,0,1,18,train,test
18769,16,0,1,19,train,test
18770,16,0,1,20,train,test
18771,16,0,1,21,train,test
18772,16,0,1,22,train,test
18773,16,0,1,23,train,test
18774,16,0,1,24,train,test
18775,16,0,1,25,train,test
18776,16,0,1,26,train,test
18777,16,0,1,27,train,test
18778,16,0,1,28,train,test
18779,16,0,1,29,train,test
18780,16,0,1,30,train,test
18781,16,0,1,31,train,test
18782,16,0,1,32,train,test
18783,16,0,1,33,train,test
18784,16,0,1,34,train,test
18785,16,0,1,35,train,test
18786,16,0,1,36,train,test
18787,16,0,1,37,train,test
18788,16,0,1,38,train,test
18789,16,0,1,39,train,test
18790,16,0,1,40,train,test
18791,16,0,1,41,train,test
18792,16,0,1,42,train,test
18793,16,0,1,43,train,test
18794,16,0,1,44,train,test
18795,16,0,1,45,train,test
18796,16,0,1,46,train,test
18797,16,0,1,47,train,test
18798,16,0,1,48,train,test
18799,16,0,1,49,train,test
18800,16,0,1,50,train,test
18801,16,0,2,1,train,test
18802,16,0,2,2,train,test
18803,16,0,2,3,train,test
18804,16,0,2,4,train,test
18805,16,0,2,5,train,test
18806,16,0,2,6,train,test
18807,16,0,2,7,train,test
18808,16,0,2,8,train,test
18809,16,0,2,9,train,test
18810,16,0,2,10,train,test
18811,16,0,2,11,train,test
18812,16,0,2,12,train,test
18813,16,0,2,13,train,test
18814,16,0,2,14,train,test
18815,16,0,2,15,train,test
18816,16,0,2,16,train,test
18817,16,0,2,17,train,test
18818,16,0,2,18,train,test
18819,16,0,2,19,train,test
18820,16,0,2,20,train,test
18821,16,0,2,21,train,test
18822,16,0,2,22,train,test
18823,16,0,2,23,train,test
18824,16,0,2,24,train,test
18825,16,0,2,25,train,test
18826,16,0,2,26,train,test
18827,16,0,2,27,train,test
18828,16,0,2,28,train,test
18829,16,0,2,29,train,test
18830,16,0,2,30,train,test
18831,16,0,2,31,train,test
18832,16,0,2,32,train,test
18833,16,0,2,33,train,test
18834,16,0,2,34,train,test
18835,16,0,2,35,train,test
18836,16,0,2,36,train,test
18837,16,0,2,37,train,test
18838,16,0,2,38,train,test
18839,16,0,2,39,train,test
18840,16,0,2,40,train,test
18841,16,0,2,41,train,test
18842,16,0,2,42,train,test
18843,16,0,2,43,train,test
18844,16,0,2,44,train,test
18845,16,0,2,45,train,test
18846,16,0,2,46,train,test
18847,16,0,2,47,train,test
18848,16,0,2,48,train,test
18849,16,0,2,49,train,test
18850,16,0,2,50,train,test
18851,16,0,3,1,train,test
18852,16,0,3,2,train,test
18853,16,0,3,3,train,test
18854,16,0,3,4,train,test
18855,16,0,3,5,train,test
18856,16,0,3,6,train,test
18857,16,0,3,7,train,test
18858,16,0,3,8,train,test
18859,16,0,3,9,train,test
18860,16,0,3,10,train,test
18861,16,0,3,11,train,test
18862,16,0,3,12,train,test
18863,16,0,3,13,train,test
18864,16,0,3,14,train,test
18865,16,0,3,15,train,test
18866,16,0,3,16,train,test
18867,16,0,3,17,train,test
18868,16,0,3,18,train,test
18869,16,0,3,19,train,test
18870,16,0,3,20,train,test
18871,16,0,3,21,train,test
18872,16,0,3,22,train,test
18873,16,0,3,23,train,test
18874,16,0,3,24,train,test
18875,16,0,3,25,train,test
18876,16,0,3,26,train,test
18877,16,0,3,27,train,test
18878,16,0,3,28,train,test
18879,16,0,3,29,train,test
18880,16,0,3,30,train,test
18881,16,0,3,31,train,test
18882,16,0,3,32,train,test
18883,16,0,3,33,train,test
18884,16,0,3,34,train,test
18885,16,0,3,35,train,test
18886,16,0,3,36,train,test
18887,16,0,3,37,train,test
18888,16,0,3,38,train,test
18889,16,0,3,39,train,test
18890,16,0,3,40,train,test
18891,16,0,3,41,train,test
18892,16,0,3,42,train,test
18893,16,0,3,43,train,test
18894,16,0,3,44,train,test
18895,16,0,3,45,train,test
18896,16,0,3,46,train,test
18897,16,0,3,47,train,test
18898,16,0,3,48,train,test
18899,16,0,3,49,train,test
18900,16,0,3,50,train,test
18901,16,0,4,1,val,test
18902,16,0,4,2,val,test
18903,16,0,4,3,val,test
18904,16,0,4,4,val,test
18905,16,0,4,5,val,test
18906,16,0,4,6,val,test
18907,16,0,4,7,val,test
18908,16,0,4,8,val,test
18909,16,0,4,9,val,test
18910,16,0,4,10,val,test
18911,16,0,4,11,val,test
18912,16,0,4,12,val,test
18913,16,0,4,13,val,test
18914,16,0,4,14,val,test
18915,16,0,4,15,val,test
18916,16,0,4,16,val,test
18917,16,0,4,17,val,test
18918,16,0,4,18,val,test
18919,16,0,4,19,val,test
18920,16,0,4,20,val,test
18921,16,0,4,21,val,test
18922,16,0,4,22,val,test
18923,16,0,4,23,val,test
18924,16,0,4,24,val,test
18925,16,0,4,25,val,test
18926,16,0,4,26,val,test
18927,16,0,4,27,val,test
18928,16,0,4,28,val,test
18929,16,0,4,29,val,test
18930,16,0,4,30,val,test
18931,16,0,4,31,val,test
18932,16,0,4,32,val,test
18933,16,0,4,33,val,test
18934,16,0,4,34,val,test
18935,16,0,4,35,val,test
18936,16,0,4,36,val,test
18937,16,0,4,37,val,test
18938,16,0,4,38,val,test
18939,16,0,4,39,val,test
18940,16,0,4,40,val,test
18941,16,0,4,41,val,test
18942,16,0,4,42,val,test
18943,16,0,4,43,val,test
18944,16,0,4,44,val,test
18945,16,0,4,45,val,test
18946,16,0,4,46,val,test
18947,16,0,4,47,val,test
18948,16,0,4,48,val,test
18949,16,0,4,49,val,test
18950,16,0,4,50,val,test
18951,16,0,5,1,test,test
18952,16,0,5,2,test,test
18953,16,0,5,3,test,test
18954,16,0,5,4,test,test
18955,16,0,5,5,test,test
18956,16,0,5,6,test,test
18957,16,0,5,7,test,test
18958,16,0,5,8,test,test
18959,16,0,5,9,test,test
18960,16,0,5,10,test,test
18961,16,0,5,11,test,test
18962,16,0,5,12,test,test
18963,16,0,5,13,test,test
18964,16,0,5,14,test,test
18965,16,0,5,15,test,test
18966,16,0,5,16,test,test
18967,16,0,5,17,test,test
18968,16,0,5,18,test,test
18969,16,0,5,19,test,test
18970,16,0,5,20,test,test
18971,16,0,5,21,test,test
18972,16,0,5,22,test,test
18973,16,0,5,23,test,test
18974,16,0,5,24,test,test
18975,16,0,5,25,test,test
18976,16,0,5,26,test,test
18977,16,0,5,27,test,test
18978,16,0,5,28,test,test
18979,16,0,5,29,test,test
18980,16,0,5,30,test,test
18981,16,0,5,31,test,test
18982,16,0,5,32,test,test
18983,16,0,5,33,test,test
18984,16,0,5,34,test,test
18985,16,0,5,35,test,test
18986,16,0,5,36,test,test
18987,16,0,5,37,test,test
18988,16,0,5,38,test,test
18989,16,0,5,39,test,test
18990,16,0,5,40,test,test
18991,16,0,5,41,test,test
18992,16,0,5,42,test,test
18993,16,0,5,43,test,test
18994,16,0,5,44,test,test
18995,16,0,5,45,test,test
18996,16,0,5,46,test,test
18997,16,0,5,47,test,test
18998,16,0,5,48,test,test
18999,16,0,5,49,test,test
19000,16,0,5,50,test,test
19001,16,1,1,1,train,test
19002,16,1,1,2,train,test
19003,16,1,1,3,train,test
19004,16,1,1,4,train,test
19005,16,1,1,5,train,test
19006,16,1,1,6,train,test
19007,16,1,1,7,train,test
19008,16,1,1,8,train,test
19009,16,1,1,9,train,test
19010,16,1,1,10,train,test
19011,16,1,1,11,train,test
19012,16,1,1,12,train,test
19013,16,1,1,13,train,test
19014,16,1,1,14,train,test
19015,16,1,1,15,train,test
19016,16,1,1,16,train,test
19017,16,1,1,17,train,test
19018,16,1,1,18,train,test
19019,16,1,1,19,train,test
19020,16,1,1,20,train,test
19021,16,1,1,21,train,test
19022,16,1,1,22,train,test
19023,16,1,1,23,train,test
19024,16,1,1,24,train,test
19025,16,1,1,25,train,test
19026,16,1,1,26,train,test
19027,16,1,1,27,train,test
19028,16,1,1,28,train,test
19029,16,1,1,29,train,test
19030,16,1,1,30,train,test
19031,16,1,1,31,train,test
19032,16,1,1,32,train,test
19033,16,1,1,33,train,test
19034,16,1,1,34,train,test
19035,16,1,1,35,train,test
19036,16,1,1,36,train,test
19037,16,1,1,37,train,test
19038,16,1,1,38,train,test
19039,16,1,1,39,train,test
19040,16,1,1,40,train,test
19041,16,1,1,41,train,test
19042,16,1,1,42,train,test
19043,16,1,1,43,train,test
19044,16,1,1,44,train,test
19045,16,1,1,45,train,test
19046,16,1,1,46,train,test
19047,16,1,1,47,train,test
19048,16,1,1,48,train,test
19049,16,1,1,49,train,test
19050,16,1,1,50,train,test
19051,16,1,2,1,train,test
19052,16,1,2,2,train,test
19053,16,1,2,3,train,test
19054,16,1,2,4,train,test
19055,16,1,2,5,train,test
19056,16,1,2,6,train,test
19057,16,1,2,7,train,test
19058,16,1,2,8,train,test
19059,16,1,2,9,train,test
19060,16,1,2,10,train,test
19061,16,1,2,11,train,test
19062,16,1,2,12,train,test
19063,16,1,2,13,train,test
19064,16,1,2,14,train,test
19065,16,1,2,15,train,test
19066,16,1,2,16,train,test
19067,16,1,2,17,train,test
19068,16,1,2,18,train,test
19069,16,1,2,19,train,test
19070,16,1,2,20,train,test
19071,16,1,2,21,train,test
19072,16,1,2,22,train,test
19073,16,1,2,23,train,test
19074,16,1,2,24,train,test
19075,16,1,2,25,train,test
19076,16,1,2,26,train,test
19077,16,1,2,27,train,test
19078,16,1,2,28,train,test
19079,16,1,2,29,train,test
19080,16,1,2,30,train,test
19081,16,1,2,31,train,test
19082,16,1,2,32,train,test
19083,16,1,2,33,train,test
19084,16,1,2,34,train,test
19085,16,1,2,35,train,test
19086,16,1,2,36,train,test
19087,16,1,2,37,train,test
19088,16,1,2,38,train,test
19089,16,1,2,39,train,test
19090,16,1,2,40,train,test
19091,16,1,2,41,train,test
19092,16,1,2,42,train,test
19093,16,1,2,43,train,test
19094,16,1,2,44,train,test
19095,16,1,2,45,train,test
19096,16,1,2,46,train,test
19097,16,1,2,47,train,test
19098,16,1,2,48,train,test
19099,16,1,2,49,train,test
19100,16,1,2,50,train,test
19101,16,1,3,1,train,test
19102,16,1,3,2,train,test
19103,16,1,3,3,train,test
19104,16,1,3,4,train,test
19105,16,1,3,5,train,test
19106,16,1,3,6,train,test
19107,16,1,3,7,train,test
19108,16,1,3,8,train,test
19109,16,1,3,9,train,test
19110,16,1,3,10,train,test
19111,16,1,3,11,train,test
19112,16,1,3,12,train,test
19113,16,1,3,13,train,test
19114,16,1,3,14,train,test
19115,16,1,3,15,train,test
19116,16,1,3,16,train,test
19117,16,1,3,17,train,test
19118,16,1,3,18,train,test
19119,16,1,3,19,train,test
19120,16,1,3,20,train,test
19121,16,1,3,21,train,test
19122,16,1,3,22,train,test
19123,16,1,3,23,train,test
19124,16,1,3,24,train,test
19125,16,1,3,25,train,test
19126,16,1,3,26,train,test
19127,16,1,3,27,train,test
19128,16,1,3,28,train,test
19129,16,1,3,29,train,test
19130,16,1,3,30,train,test
19131,16,1,3,31,train,test
19132,16,1,3,32,train,test
19133,16,1,3,33,train,test
19134,16,1,3,34,train,test
19135,16,1,3,35,train,test
19136,16,1,3,36,train,test
19137,16,1,3,37,train,test
19138,16,1,3,38,train,test
19139,16,1,3,39,train,test
19140,16,1,3,40,train,test
19141,16,1,3,41,train,test
19142,16,1,3,42,train,test
19143,16,1,3,43,train,test
19144,16,1,3,44,train,test
19145,16,1,3,45,train,test
19146,16,1,3,46,train,test
19147,16,1,3,47,train,test
19148,16,1,3,48,train,test
19149,16,1,3,49,train,test
19150,16,1,3,50,train,test
19151,16,1,4,1,val,test
19152,16,1,4,2,val,test
19153,16,1,4,3,val,test
19154,16,1,4,4,val,test
19155,16,1,4,5,val,test
19156,16,1,4,6,val,test
19157,16,1,4,7,val,test
19158,16,1,4,8,val,test
19159,16,1,4,9,val,test
19160,16,1,4,10,val,test
19161,16,1,4,11,val,test
19162,16,1,4,12,val,test
19163,16,1,4,13,val,test
19164,16,1,4,14,val,test
19165,16,1,4,15,val,test
19166,16,1,4,16,val,test
19167,16,1,4,17,val,test
19168,16,1,4,18,val,test
19169,16,1,4,19,val,test
19170,16,1,4,20,val,test
19171,16,1,4,21,val,test
19172,16,1,4,22,val,test
19173,16,1,4,23,val,test
19174,16,1,4,24,val,test
19175,16,1,4,25,val,test
19176,16,1,4,26,val,test
19177,16,1,4,27,val,test
19178,16,1,4,28,val,test
19179,16,1,4,29,val,test
19180,16,1,4,30,val,test
19181,16,1,4,31,val,test
19182,16,1,4,32,val,test
19183,16,1,4,33,val,test
19184,16,1,4,34,val,test
19185,16,1,4,35,val,test
19186,16,1,4,36,val,test
19187,16,1,4,37,val,test
19188,16,1,4,38,val,test
19189,16,1,4,39,val,test
19190,16,1,4,40,val,test
19191,16,1,4,41,val,test
19192,16,1,4,42,val,test
19193,16,1,4,43,val,test
19194,16,1,4,44,val,test
19195,16,1,4,45,val,test
19196,16,1,4,46,val,test
19197,16,1,4,47,val,test
19198,16,1,4,48,val,test
19199,16,1,4,49,val,test
19200,16,1,4,50,val,test
19201,16,1,5,1,test,test
19202,16,1,5,2,test,test
19203,16,1,5,3,test,test
19204,16,1,5,4,test,test
19205,16,1,5,5,test,test
19206,16,1,5,6,test,test
19207,16,1,5,7,test,test
19208,16,1,5,8,test,test
19209,16,1,5,9,test,test
19210,16,1,5,10,test,test
19211,16,1,5,11,test,test
19212,16,1,5,12,test,test
19213,16,1,5,13,test,test
19214,16,1,5,14,test,test
19215,16,1,5,15,test,test
19216,16,1,5,16,test,test
19217,16,1,5,17,test,test
19218,16,1,5,18,test,test
19219,16,1,5,19,test,test
19220,16,1,5,20,test,test
19221,16,1,5,21,test,test
19222,16,1,5,22,test,test
19223,16,1,5,23,test,test
19224,16,1,5,24,test,test
19225,16,1,5,25,test,test
19226,16,1,5,26,test,test
19227,16,1,5,27,test,test
19228,16,1,5,28,test,test
19229,16,1,5,29,test,test
19230,16,1,5,30,test,test
19231,16,1,5,31,test,test
19232,16,1,5,32,test,test
19233,16,1,5,33,test,test
19234,16,1,5,34,test,test
19235,16,1,5,35,test,test
19236,16,1,5,36,test,test
19237,16,1,5,37,test,test
19238,16,1,5,38,test,test
19239,16,1,5,39,test,test
19240,16,1,5,40,test,test
19241,16,1,5,41,test,test
19242,16,1,5,42,test,test
19243,16,1,5,43,test,test
19244,16,1,5,44,test,test
19245,16,1,5,45,test,test
19246,16,1,5,46,test,test
19247,16,1,5,47,test,test
19248,16,1,5,48,test,test
19249,16,1,5,49,test,test
19250,16,1,5,50,test,test
19251,16,2,1,1,train,test
19252,16,2,1,2,train,test
19253,16,2,1,3,train,test
19254,16,2,1,4,train,test
19255,16,2,1,5,train,test
19256,16,2,1,6,train,test
19257,16,2,1,7,train,test
19258,16,2,1,8,train,test
19259,16,2,1,9,train,test
19260,16,2,1,10,train,test
19261,16,2,1,11,train,test
19262,16,2,1,12,train,test
19263,16,2,1,13,train,test
19264,16,2,1,14,train,test
19265,16,2,1,15,train,test
19266,16,2,1,16,train,test
19267,16,2,1,17,train,test
19268,16,2,1,18,train,test
19269,16,2,1,19,train,test
19270,16,2,1,20,train,test
19271,16,2,1,21,train,test
19272,16,2,1,22,train,test
19273,16,2,1,23,train,test
19274,16,2,1,24,train,test
19275,16,2,1,25,train,test
19276,16,2,1,26,train,test
19277,16,2,1,27,train,test
19278,16,2,1,28,train,test
19279,16,2,1,29,train,test
19280,16,2,1,30,train,test
19281,16,2,1,31,train,test
19282,16,2,1,32,train,test
19283,16,2,1,33,train,test
19284,16,2,1,34,train,test
19285,16,2,1,35,train,test
19286,16,2,1,36,train,test
19287,16,2,1,37,train,test
19288,16,2,1,38,train,test
19289,16,2,1,39,train,test
19290,16,2,1,40,train,test
19291,16,2,1,41,train,test
19292,16,2,1,42,train,test
19293,16,2,1,43,train,test
19294,16,2,1,44,train,test
19295,16,2,1,45,train,test
19296,16,2,1,46,train,test
19297,16,2,1,47,train,test
19298,16,2,1,48,train,test
19299,16,2,1,49,train,test
19300,16,2,1,50,train,test
19301,16,2,2,1,train,test
19302,16,2,2,2,train,test
19303,16,2,2,3,train,test
19304,16,2,2,4,train,test
19305,16,2,2,5,train,test
19306,16,2,2,6,train,test
19307,16,2,2,7,train,test
19308,16,2,2,8,train,test
19309,16,2,2,9,train,test
19310,16,2,2,10,train,test
19311,16,2,2,11,train,test
19312,16,2,2,12,train,test
19313,16,2,2,13,train,test
19314,16,2,2,14,train,test
19315,16,2,2,15,train,test
19316,16,2,2,16,train,test
19317,16,2,2,17,train,test
19318,16,2,2,18,train,test
19319,16,2,2,19,train,test
19320,16,2,2,20,train,test
19321,16,2,2,21,train,test
19322,16,2,2,22,train,test
19323,16,2,2,23,train,test
19324,16,2,2,24,train,test
19325,16,2,2,25,train,test
19326,16,2,2,26,train,test
19327,16,2,2,27,train,test
19328,16,2,2,28,train,test
19329,16,2,2,29,train,test
19330,16,2,2,30,train,test
19331,16,2,2,31,train,test
19332,16,2,2,32,train,test
19333,16,2,2,33,train,test
19334,16,2,2,34,train,test
19335,16,2,2,35,train,test
19336,16,2,2,36,train,test
19337,16,2,2,37,train,test
19338,16,2,2,38,train,test
19339,16,2,2,39,train,test
19340,16,2,2,40,train,test
19341,16,2,2,41,train,test
19342,16,2,2,42,train,test
19343,16,2,2,43,train,test
19344,16,2,2,44,train,test
19345,16,2,2,45,train,test
19346,16,2,2,46,train,test
19347,16,2,2,47,train,test
19348,16,2,2,48,train,test
19349,16,2,2,49,train,test
19350,16,2,2,50,train,test
19351,16,2,3,1,train,test
19352,16,2,3,2,train,test
19353,16,2,3,3,train,test
19354,16,2,3,4,train,test
19355,16,2,3,5,train,test
19356,16,2,3,6,train,test
19357,16,2,3,7,train,test
19358,16,2,3,8,train,test
19359,16,2,3,9,train,test
19360,16,2,3,10,train,test
19361,16,2,3,11,train,test
19362,16,2,3,12,train,test
19363,16,2,3,13,train,test
19364,16,2,3,14,train,test
19365,16,2,3,15,train,test
19366,16,2,3,16,train,test
19367,16,2,3,17,train,test
19368,16,2,3,18,train,test
19369,16,2,3,19,train,test
19370,16,2,3,20,train,test
19371,16,2,3,21,train,test
19372,16,2,3,22,train,test
19373,16,2,3,23,train,test
19374,16,2,3,24,train,test
19375,16,2,3,25,train,test
19376,16,2,3,26,train,test
19377,16,2,3,27,train,test
19378,16,2,3,28,train,test
19379,16,2,3,29,train,test
19380,16,2,3,30,train,test
19381,16,2,3,31,train,test
19382,16,2,3,32,train,test
19383,16,2,3,33,train,test
19384,16,2,3,34,train,test
19385,16,2,3,35,train,test
19386,16,2,3,36,train,test
19387,16,2,3,37,train,test
19388,16,2,3,38,train,test
19389,16,2,3,39,train,test
19390,16,2,3,40,train,test
19391,16,2,3,41,train,test
19392,16,2,3,42,train,test
19393,16,2,3,43,train,test
19394,16,2,3,44,train,test
19395,16,2,3,45,train,test
19396,16,2,3,46,train,test
19397,16,2,3,47,train,test
19398,16,2,3,48,train,test
19399,16,2,3,49,train,test
19400,16,2,3,50,train,test
19401,16,2,4,1,val,test
19402,16,2,4,2,val,test
19403,16,2,4,3,val,test
19404,16,2,4,4,val,test
19405,16,2,4,5,val,test
19406,16,2,4,6,val,test
19407,16,2,4,7,val,test
19408,16,2,4,8,val,test
19409,16,2,4,9,val,test
19410,16,2,4,10,val,test
19411,16,2,4,11,val,test
19412,16,2,4,12,val,test
19413,16,2,4,13,val,test
19414,16,2,4,14,val,test
19415,16,2,4,15,val,test
19416,16,2,4,16,val,test
19417,16,2,4,17,val,test
19418,16,2,4,18,val,test
19419,16,2,4,19,val,test
19420,16,2,4,20,val,test
19421,16,2,4,21,val,test
19422,16,2,4,22,val,test
19423,16,2,4,23,val,test
19424,16,2,4,24,val,test
19425,16,2,4,25,val,test
19426,16,2,4,26,val,test
19427,16,2,4,27,val,test
19428,16,2,4,28,val,test
19429,16,2,4,29,val,test
19430,16,2,4,30,val,test
19431,16,2,4,31,val,test
19432,16,2,4,32,val,test
19433,16,2,4,33,val,test
19434,16,2,4,34,val,test
19435,16,2,4,35,val,test
19436,16,2,4,36,val,test
19437,16,2,4,37,val,test
19438,16,2,4,38,val,test
19439,16,2,4,39,val,test
19440,16,2,4,40,val,test
19441,16,2,4,41,val,test
19442,16,2,4,42,val,test
19443,16,2,4,43,val,test
19444,16,2,4,44,val,test
19445,16,2,4,45,val,test
19446,16,2,4,46,val,test
19447,16,2,4,47,val,test
19448,16,2,4,48,val,test
19449,16,2,4,49,val,test
19450,16,2,4,50,val,test
19451,16,2,5,1,test,test
19452,16,2,5,2,test,test
19453,16,2,5,3,test,test
19454,16,2,5,4,test,test
19455,16,2,5,5,test,test
19456,16,2,5,6,test,test
19457,16,2,5,7,test,test
19458,16,2,5,8,test,test
19459,16,2,5,9,test,test
19460,16,2,5,10,test,test
19461,16,2,5,11,test,test
19462,16,2,5,12,test,test
19463,16,2,5,13,test,test
19464,16,2,5,14,test,test
19465,16,2,5,15,test,test
19466,16,2,5,16,test,test
19467,16,2,5,17,test,test
19468,16,2,5,18,test,test
19469,16,2,5,19,test,test
19470,16,2,5,20,test,test
19471,16,2,5,21,test,test
19472,16,2,5,22,test,test
19473,16,2,5,23,test,test
19474,16,2,5,24,test,test
19475,16,2,5,25,test,test
19476,16,2,5,26,test,test
19477,16,2,5,27,test,test
19478,16,2,5,28,test,test
19479,16,2,5,29,test,test
19480,16,2,5,30,test,test
19481,16,2,5,31,test,test
19482,16,2,5,32,test,test
19483,16,2,5,33,test,test
19484,16,2,5,34,test,test
19485,16,2,5,35,test,test
19486,16,2,5,36,test,test
19487,16,2,5,37,test,test
19488,16,2,5,38,test,test
19489,16,2,5,39,test,test
19490,16,2,5,40,test,test
19491,16,2,5,41,test,test
19492,16,2,5,42,test,test
19493,16,2,5,43,test,test
19494,16,2,5,44,test,test
19495,16,2,5,45,test,test
19496,16,2,5,46,test,test
19497,16,2,5,47,test,test
19498,16,2,5,48,test,test
19499,16,2,5,49,test,test
19500,16,2,5,50,test,test
19501,16,3,1,1,train,test
19502,16,3,1,2,train,test
19503,16,3,1,3,train,test
19504,16,3,1,4,train,test
19505,16,3,1,5,train,test
19506,16,3,1,6,train,test
19507,16,3,1,7,train,test
19508,16,3,1,8,train,test
19509,16,3,1,9,train,test
19510,16,3,1,10,train,test
19511,16,3,1,11,train,test
19512,16,3,1,12,train,test
19513,16,3,1,13,train,test
19514,16,3,1,14,train,test
19515,16,3,1,15,train,test
19516,16,3,1,16,train,test
19517,16,3,1,17,train,test
19518,16,3,1,18,train,test
19519,16,3,1,19,train,test
19520,16,3,1,20,train,test
19521,16,3,1,21,train,test
19522,16,3,1,22,train,test
19523,16,3,1,23,train,test
19524,16,3,1,24,train,test
19525,16,3,1,25,train,test
19526,16,3,1,26,train,test
19527,16,3,1,27,train,test
19528,16,3,1,28,train,test
19529,16,3,1,29,train,test
19530,16,3,1,30,train,test
19531,16,3,1,31,train,test
19532,16,3,1,32,train,test
19533,16,3,1,33,train,test
19534,16,3,1,34,train,test
19535,16,3,1,35,train,test
19536,16,3,1,36,train,test
19537,16,3,1,37,train,test
19538,16,3,1,38,train,test
19539,16,3,1,39,train,test
19540,16,3,1,40,train,test
19541,16,3,1,41,train,test
19542,16,3,1,42,train,test
19543,16,3,1,43,train,test
19544,16,3,1,44,train,test
19545,16,3,1,45,train,test
19546,16,3,1,46,train,test
19547,16,3,1,47,train,test
19548,16,3,1,48,train,test
19549,16,3,1,49,train,test
19550,16,3,1,50,train,test
19551,16,3,2,1,train,test
19552,16,3,2,2,train,test
19553,16,3,2,3,train,test
19554,16,3,2,4,train,test
19555,16,3,2,5,train,test
19556,16,3,2,6,train,test
19557,16,3,2,7,train,test
19558,16,3,2,8,train,test
19559,16,3,2,9,train,test
19560,16,3,2,10,train,test
19561,16,3,2,11,train,test
19562,16,3,2,12,train,test
19563,16,3,2,13,train,test
19564,16,3,2,14,train,test
19565,16,3,2,15,train,test
19566,16,3,2,16,train,test
19567,16,3,2,17,train,test
19568,16,3,2,18,train,test
19569,16,3,2,19,train,test
19570,16,3,2,20,train,test
19571,16,3,2,21,train,test
19572,16,3,2,22,train,test
19573,16,3,2,23,train,test
19574,16,3,2,24,train,test
19575,16,3,2,25,train,test
19576,16,3,2,26,train,test
19577,16,3,2,27,train,test
19578,16,3,2,28,train,test
19579,16,3,2,29,train,test
19580,16,3,2,30,train,test
19581,16,3,2,31,train,test
19582,16,3,2,32,train,test
19583,16,3,2,33,train,test
19584,16,3,2,34,train,test
19585,16,3,2,35,train,test
19586,16,3,2,36,train,test
19587,16,3,2,37,train,test
19588,16,3,2,38,train,test
19589,16,3,2,39,train,test
19590,16,3,2,40,train,test
19591,16,3,2,41,train,test
19592,16,3,2,42,train,test
19593,16,3,2,43,train,test
19594,16,3,2,44,train,test
19595,16,3,2,45,train,test
19596,16,3,2,46,train,test
19597,16,3,2,47,train,test
19598,16,3,2,48,train,test
19599,16,3,2,49,train,test
19600,16,3,2,50,train,test
19601,16,3,3,1,train,test
19602,16,3,3,2,train,test
19603,16,3,3,3,train,test
19604,16,3,3,4,train,test
19605,16,3,3,5,train,test
19606,16,3,3,6,train,test
19607,16,3,3,7,train,test
19608,16,3,3,8,train,test
19609,16,3,3,9,train,test
19610,16,3,3,10,train,test
19611,16,3,3,11,train,test
19612,16,3,3,12,train,test
19613,16,3,3,13,train,test
19614,16,3,3,14,train,test
19615,16,3,3,15,train,test
19616,16,3,3,16,train,test
19617,16,3,3,17,train,test
19618,16,3,3,18,train,test
19619,16,3,3,19,train,test
19620,16,3,3,20,train,test
19621,16,3,3,21,train,test
19622,16,3,3,22,train,test
19623,16,3,3,23,train,test
19624,16,3,3,24,train,test
19625,16,3,3,25,train,test
19626,16,3,3,26,train,test
19627,16,3,3,27,train,test
19628,16,3,3,28,train,test
19629,16,3,3,29,train,test
19630,16,3,3,30,train,test
19631,16,3,3,31,train,test
19632,16,3,3,32,train,test
19633,16,3,3,33,train,test
19634,16,3,3,34,train,test
19635,16,3,3,35,train,test
19636,16,3,3,36,train,test
19637,16,3,3,37,train,test
19638,16,3,3,38,train,test
19639,16,3,3,39,train,test
19640,16,3,3,40,train,test
19641,16,3,3,41,train,test
19642,16,3,3,42,train,test
19643,16,3,3,43,train,test
19644,16,3,3,44,train,test
19645,16,3,3,45,train,test
19646,16,3,3,46,train,test
19647,16,3,3,47,train,test
19648,16,3,3,48,train,test
19649,16,3,3,49,train,test
19650,16,3,3,50,train,test
19651,16,3,4,1,val,test
19652,16,3,4,2,val,test
19653,16,3,4,3,val,test
19654,16,3,4,4,val,test
19655,16,3,4,5,val,test
19656,16,3,4,6,val,test
19657,16,3,4,7,val,test
19658,16,3,4,8,val,test
19659,16,3,4,9,val,test
19660,16,3,4,10,val,test
19661,16,3,4,11,val,test
19662,16,3,4,12,val,test
19663,16,3,4,13,val,test
19664,16,3,4,14,val,test
19665,16,3,4,15,val,test
19666,16,3,4,16,val,test
19667,16,3,4,17,val,test
19668,16,3,4,18,val,test
19669,16,3,4,19,val,test
19670,16,3,4,20,val,test
19671,16,3,4,21,val,test
19672,16,3,4,22,val,test
19673,16,3,4,23,val,test
19674,16,3,4,24,val,test
19675,16,3,4,25,val,test
19676,16,3,4,26,val,test
19677,16,3,4,27,val,test
19678,16,3,4,28,val,test
19679,16,3,4,29,val,test
19680,16,3,4,30,val,test
19681,16,3,4,31,val,test
19682,16,3,4,32,val,test
19683,16,3,4,33,val,test
19684,16,3,4,34,val,test
19685,16,3,4,35,val,test
19686,16,3,4,36,val,test
19687,16,3,4,37,val,test
19688,16,3,4,38,val,test
19689,16,3,4,39,val,test
19690,16,3,4,40,val,test
19691,16,3,4,41,val,test
19692,16,3,4,42,val,test
19693,16,3,4,43,val,test
19694,16,3,4,44,val,test
19695,16,3,4,45,val,test
19696,16,3,4,46,val,test
19697,16,3,4,47,val,test
19698,16,3,4,48,val,test
19699,16,3,4,49,val,test
19700,16,3,4,50,val,test
19701,16,3,5,1,test,test
19702,16,3,5,2,test,test
19703,16,3,5,3,test,test
19704,16,3,5,4,test,test
19705,16,3,5,5,test,test
19706,16,3,5,6,test,test
19707,16,3,5,7,test,test
19708,16,3,5,8,test,test
19709,16,3,5,9,test,test
19710,16,3,5,10,test,test
19711,16,3,5,11,test,test
19712,16,3,5,12,test,test
19713,16,3,5,13,test,test
19714,16,3,5,14,test,test
19715,16,3,5,15,test,test
19716,16,3,5,16,test,test
19717,16,3,5,17,test,test
19718,16,3,5,18,test,test
19719,16,3,5,19,test,test
19720,16,3,5,20,test,test
19721,16,3,5,21,test,test
19722,16,3,5,22,test,test
19723,16,3,5,23,test,test
19724,16,3,5,24,test,test
19725,16,3,5,25,test,test
19726,16,3,5,26,test,test
19727,16,3,5,27,test,test
19728,16,3,5,28,test,test
19729,16,3,5,29,test,test
19730,16,3,5,30,test,test
19731,16,3,5,31,test,test
19732,16,3,5,32,test,test
19733,16,3,5,33,test,test
19734,16,3,5,34,test,test
19735,16,3,5,35,test,test
19736,16,3,5,36,test,test
19737,16,3,5,37,test,test
19738,16,3,5,38,test,test
19739,16,3,5,39,test,test
19740,16,3,5,40,test,test
19741,16,3,5,41,test,test
19742,16,3,5,42,test,test
19743,16,3,5,43,test,test
19744,16,3,5,44,test,test
19745,16,3,5,45,test,test
19746,16,3,5,46,test,test
19747,16,3,5,47,test,test
19748,16,3,5,48,test,test
19749,16,3,5,49,test,test
19750,16,3,5,50,test,test
19751,16,4,1,1,train,test
19752,16,4,1,2,train,test
19753,16,4,1,3,train,test
19754,16,4,1,4,train,test
19755,16,4,1,5,train,test
19756,16,4,1,6,train,test
19757,16,4,1,7,train,test
19758,16,4,1,8,train,test
19759,16,4,1,9,train,test
19760,16,4,1,10,train,test
19761,16,4,1,11,train,test
19762,16,4,1,12,train,test
19763,16,4,1,13,train,test
19764,16,4,1,14,train,test
19765,16,4,1,15,train,test
19766,16,4,1,16,train,test
19767,16,4,1,17,train,test
19768,16,4,1,18,train,test
19769,16,4,1,19,train,test
19770,16,4,1,20,train,test
19771,16,4,1,21,train,test
19772,16,4,1,22,train,test
19773,16,4,1,23,train,test
19774,16,4,1,24,train,test
19775,16,4,1,25,train,test
19776,16,4,1,26,train,test
19777,16,4,1,27,train,test
19778,16,4,1,28,train,test
19779,16,4,1,29,train,test
19780,16,4,1,30,train,test
19781,16,4,1,31,train,test
19782,16,4,1,32,train,test
19783,16,4,1,33,train,test
19784,16,4,1,34,train,test
19785,16,4,1,35,train,test
19786,16,4,1,36,train,test
19787,16,4,1,37,train,test
19788,16,4,1,38,train,test
19789,16,4,1,39,train,test
19790,16,4,1,40,train,test
19791,16,4,1,41,train,test
19792,16,4,1,42,train,test
19793,16,4,1,43,train,test
19794,16,4,1,44,train,test
19795,16,4,1,45,train,test
19796,16,4,1,46,train,test
19797,16,4,1,47,train,test
19798,16,4,1,48,train,test
19799,16,4,1,49,train,test
19800,16,4,1,50,train,test
19801,16,4,2,1,train,test
19802,16,4,2,2,train,test
19803,16,4,2,3,train,test
19804,16,4,2,4,train,test
19805,16,4,2,5,train,test
19806,16,4,2,6,train,test
19807,16,4,2,7,train,test
19808,16,4,2,8,train,test
19809,16,4,2,9,train,test
19810,16,4,2,10,train,test
19811,16,4,2,11,train,test
19812,16,4,2,12,train,test
19813,16,4,2,13,train,test
19814,16,4,2,14,train,test
19815,16,4,2,15,train,test
19816,16,4,2,16,train,test
19817,16,4,2,17,train,test
19818,16,4,2,18,train,test
19819,16,4,2,19,train,test
19820,16,4,2,20,train,test
19821,16,4,2,21,train,test
19822,16,4,2,22,train,test
19823,16,4,2,23,train,test
19824,16,4,2,24,train,test
19825,16,4,2,25,train,test
19826,16,4,2,26,train,test
19827,16,4,2,27,train,test
19828,16,4,2,28,train,test
19829,16,4,2,29,train,test
19830,16,4,2,30,train,test
19831,16,4,2,31,train,test
19832,16,4,2,32,train,test
19833,16,4,2,33,train,test
19834,16,4,2,34,train,test
19835,16,4,2,35,train,test
19836,16,4,2,36,train,test
19837,16,4,2,37,train,test
19838,16,4,2,38,train,test
19839,16,4,2,39,train,test
19840,16,4,2,40,train,test
19841,16,4,2,41,train,test
19842,16,4,2,42,train,test
19843,16,4,2,43,train,test
19844,16,4,2,44,train,test
19845,16,4,2,45,train,test
19846,16,4,2,46,train,test
19847,16,4,2,47,train,test
19848,16,4,2,48,train,test
19849,16,4,2,49,train,test
19850,16,4,2,50,train,test
19851,16,4,3,1,train,test
19852,16,4,3,2,train,test
19853,16,4,3,3,train,test
19854,16,4,3,4,train,test
19855,16,4,3,5,train,test
19856,16,4,3,6,train,test
19857,16,4,3,7,train,test
19858,16,4,3,8,train,test
19859,16,4,3,9,train,test
19860,16,4,3,10,train,test
19861,16,4,3,11,train,test
19862,16,4,3,12,train,test
19863,16,4,3,13,train,test
19864,16,4,3,14,train,test
19865,16,4,3,15,train,test
19866,16,4,3,16,train,test
19867,16,4,3,17,train,test
19868,16,4,3,18,train,test
19869,16,4,3,19,train,test
19870,16,4,3,20,train,test
19871,16,4,3,21,train,test
19872,16,4,3,22,train,test
19873,16,4,3,23,train,test
19874,16,4,3,24,train,test
19875,16,4,3,25,train,test
19876,16,4,3,26,train,test
19877,16,4,3,27,train,test
19878,16,4,3,28,train,test
19879,16,4,3,29,train,test
19880,16,4,3,30,train,test
19881,16,4,3,31,train,test
19882,16,4,3,32,train,test
19883,16,4,3,33,train,test
19884,16,4,3,34,train,test
19885,16,4,3,35,train,test
19886,16,4,3,36,train,test
19887,16,4,3,37,train,test
19888,16,4,3,38,train,test
19889,16,4,3,39,train,test
19890,16,4,3,40,train,test
19891,16,4,3,41,train,test
19892,16,4,3,42,train,test
19893,16,4,3,43,train,test
19894,16,4,3,44,train,test
19895,16,4,3,45,train,test
19896,16,4,3,46,train,test
19897,16,4,3,47,train,test
19898,16,4,3,48,train,test
19899,16,4,3,49,train,test
19900,16,4,3,50,train,test
19901,16,4,4,1,val,test
19902,16,4,4,2,val,test
19903,16,4,4,3,val,test
19904,16,4,4,4,val,test
19905,16,4,4,5,val,test
19906,16,4,4,6,val,test
19907,16,4,4,7,val,test
19908,16,4,4,8,val,test
19909,16,4,4,9,val,test
19910,16,4,4,10,val,test
19911,16,4,4,11,val,test
19912,16,4,4,12,val,test
19913,16,4,4,13,val,test
19914,16,4,4,14,val,test
19915,16,4,4,15,val,test
19916,16,4,4,16,val,test
19917,16,4,4,17,val,test
19918,16,4,4,18,val,test
19919,16,4,4,19,val,test
19920,16,4,4,20,val,test
19921,16,4,4,21,val,test
19922,16,4,4,22,val,test
19923,16,4,4,23,val,test
19924,16,4,4,24,val,test
19925,16,4,4,25,val,test
19926,16,4,4,26,val,test
19927,16,4,4,27,val,test
19928,16,4,4,28,val,test
19929,16,4,4,29,val,test
19930,16,4,4,30,val,test
19931,16,4,4,31,val,test
19932,16,4,4,32,val,test
19933,16,4,4,33,val,test
19934,16,4,4,34,val,test
19935,16,4,4,35,val,test
19936,16,4,4,36,val,test
19937,16,4,4,37,val,test
19938,16,4,4,38,val,test
19939,16,4,4,39,val,test
19940,16,4,4,40,val,test
19941,16,4,4,41,val,test
19942,16,4,4,42,val,test
19943,16,4,4,43,val,test
19944,16,4,4,44,val,test
19945,16,4,4,45,val,test
19946,16,4,4,46,val,test
19947,16,4,4,47,val,test
19948,16,4,4,48,val,test
19949,16,4,4,49,val,test
19950,16,4,4,50,val,test
19951,16,4,5,1,test,test
19952,16,4,5,2,test,test
19953,16,4,5,3,test,test
19954,16,4,5,4,test,test
19955,16,4,5,5,test,test
19956,16,4,5,6,test,test
19957,16,4,5,7,test,test
19958,16,4,5,8,test,test
19959,16,4,5,9,test,test
19960,16,4,5,10,test,test
19961,16,4,5,11,test,test
19962,16,4,5,12,test,test
19963,16,4,5,13,test,test
19964,16,4,5,14,test,test
19965,16,4,5,15,test,test
19966,16,4,5,16,test,test
19967,16,4,5,17,test,test
19968,16,4,5,18,test,test
19969,16,4,5,19,test,test
19970,16,4,5,20,test,test
19971,16,4,5,21,test,test
19972,16,4,5,22,test,test
19973,16,4,5,23,test,test
19974,16,4,5,24,test,test
19975,16,4,5,25,test,test
19976,16,4,5,26,test,test
19977,16,4,5,27,test,test
19978,16,4,5,28,test,test
19979,16,4,5,29,test,test
19980,16,4,5,30,test,test
19981,16,4,5,31,test,test
19982,16,4,5,32,test,test
19983,16,4,5,33,test,test
19984,16,4,5,34,test,test
19985,16,4,5,35,test,test
19986,16,4,5,36,test,test
19987,16,4,5,37,test,test
19988,16,4,5,38,test,test
19989,16,4,5,39,test,test
19990,16,4,5,40,test,test
19991,16,4,5,41,test,test
19992,16,4,5,42,test,test
19993,16,4,5,43,test,test
19994,16,4,5,44,test,test
19995,16,4,5,45,test,test
19996,16,4,5,46,test,test
19997,16,4,5,47,test,test
19998,16,4,5,48,test,test
19999,16,4,5,49,test,test
20000,16,4,5,50,test,test
20001,17,0,1,1,train,train
20002,17,0,1,2,train,train
20003,17,0,1,3,train,train
20004,17,0,1,4,train,train
20005,17,0,1,5,train,train
20006,17,0,1,6,train,train
20007,17,0,1,7,train,train
20008,17,0,1,8,train,train
20009,17,0,1,9,train,train
20010,17,0,1,10,train,train
20011,17,0,1,11,train,train
20012,17,0,1,12,train,train
20013,17,0,1,13,train,train
20014,17,0,1,14,train,train
20015,17,0,1,15,train,train
20016,17,0,1,16,train,train
20017,17,0,1,17,train,train
20018,17,0,1,18,train,train
20019,17,0,1,19,train,train
20020,17,0,1,20,train,train
20021,17,0,1,21,train,train
20022,17,0,1,22,train,train
20023,17,0,1,23,train,train
20024,17,0,1,24,train,train
20025,17,0,1,25,train,train
20026,17,0,1,26,train,train
20027,17,0,1,27,train,train
20028,17,0,1,28,train,train
20029,17,0,1,29,train,train
20030,17,0,1,30,train,train
20031,17,0,1,31,train,train
20032,17,0,1,32,train,train
20033,17,0,1,33,train,train
20034,17,0,1,34,train,train
20035,17,0,1,35,train,train
20036,17,0,1,36,train,train
20037,17,0,1,37,train,train
20038,17,0,1,38,train,train
20039,17,0,1,39,train,train
20040,17,0,1,40,train,train
20041,17,0,1,41,train,train
20042,17,0,1,42,train,train
20043,17,0,1,43,train,train
20044,17,0,1,44,train,train
20045,17,0,1,45,train,train
20046,17,0,1,46,train,train
20047,17,0,1,47,train,train
20048,17,0,1,48,train,train
20049,17,0,1,49,train,train
20050,17,0,1,50,train,train
20051,17,0,2,1,train,train
20052,17,0,2,2,train,train
20053,17,0,2,3,train,train
20054,17,0,2,4,train,train
20055,17,0,2,5,train,train
20056,17,0,2,6,train,train
20057,17,0,2,7,train,train
20058,17,0,2,8,train,train
20059,17,0,2,9,train,train
20060,17,0,2,10,train,train
20061,17,0,2,11,train,train
20062,17,0,2,12,train,train
20063,17,0,2,13,train,train
20064,17,0,2,14,train,train
20065,17,0,2,15,train,train
20066,17,0,2,16,train,train
20067,17,0,2,17,train,train
20068,17,0,2,18,train,train
20069,17,0,2,19,train,train
20070,17,0,2,20,train,train
20071,17,0,2,21,train,train
20072,17,0,2,22,train,train
20073,17,0,2,23,train,train
20074,17,0,2,24,train,train
20075,17,0,2,25,train,train
20076,17,0,2,26,train,train
20077,17,0,2,27,train,train
20078,17,0,2,28,train,train
20079,17,0,2,29,train,train
20080,17,0,2,30,train,train
20081,17,0,2,31,train,train
20082,17,0,2,32,train,train
20083,17,0,2,33,train,train
20084,17,0,2,34,train,train
20085,17,0,2,35,train,train
20086,17,0,2,36,train,train
20087,17,0,2,37,train,train
20088,17,0,2,38,train,train
20089,17,0,2,39,train,train
20090,17,0,2,40,train,train
20091,17,0,2,41,train,train
20092,17,0,2,42,train,train
20093,17,0,2,43,train,train
20094,17,0,2,44,train,train
20095,17,0,2,45,train,train
20096,17,0,2,46,train,train
20097,17,0,2,47,train,train
20098,17,0,2,48,train,train
20099,17,0,2,49,train,train
20100,17,0,2,50,train,train
20101,17,0,3,1,train,train
20102,17,0,3,2,train,train
20103,17,0,3,3,train,train
20104,17,0,3,4,train,train
20105,17,0,3,5,train,train
20106,17,0,3,6,train,train
20107,17,0,3,7,train,train
20108,17,0,3,8,train,train
20109,17,0,3,9,train,train
20110,17,0,3,10,train,train
20111,17,0,3,11,train,train
20112,17,0,3,12,train,train
20113,17,0,3,13,train,train
20114,17,0,3,14,train,train
20115,17,0,3,15,train,train
20116,17,0,3,16,train,train
20117,17,0,3,17,train,train
20118,17,0,3,18,train,train
20119,17,0,3,19,train,train
20120,17,0,3,20,train,train
20121,17,0,3,21,train,train
20122,17,0,3,22,train,train
20123,17,0,3,23,train,train
20124,17,0,3,24,train,train
20125,17,0,3,25,train,train
20126,17,0,3,26,train,train
20127,17,0,3,27,train,train
20128,17,0,3,28,train,train
20129,17,0,3,29,train,train
20130,17,0,3,30,train,train
20131,17,0,3,31,train,train
20132,17,0,3,32,train,train
20133,17,0,3,33,train,train
20134,17,0,3,34,train,train
20135,17,0,3,35,train,train
20136,17,0,3,36,train,train
20137,17,0,3,37,train,train
20138,17,0,3,38,train,train
20139,17,0,3,39,train,train
20140,17,0,3,40,train,train
20141,17,0,3,41,train,train
20142,17,0,3,42,train,train
20143,17,0,3,43,train,train
20144,17,0,3,44,train,train
20145,17,0,3,45,train,train
20146,17,0,3,46,train,train
20147,17,0,3,47,train,train
20148,17,0,3,48,train,train
20149,17,0,3,49,train,train
20150,17,0,3,50,train,train
20151,17,0,4,1,val,train
20152,17,0,4,2,val,train
20153,17,0,4,3,val,train
20154,17,0,4,4,val,train
20155,17,0,4,5,val,train
20156,17,0,4,6,val,train
20157,17,0,4,7,val,train
20158,17,0,4,8,val,train
20159,17,0,4,9,val,train
20160,17,0,4,10,val,train
20161,17,0,4,11,val,train
20162,17,0,4,12,val,train
20163,17,0,4,13,val,train
20164,17,0,4,14,val,train
20165,17,0,4,15,val,train
20166,17,0,4,16,val,train
20167,17,0,4,17,val,train
20168,17,0,4,18,val,train
20169,17,0,4,19,val,train
20170,17,0,4,20,val,train
20171,17,0,4,21,val,train
20172,17,0,4,22,val,train
20173,17,0,4,23,val,train
20174,17,0,4,24,val,train
20175,17,0,4,25,val,train
20176,17,0,4,26,val,train
20177,17,0,4,27,val,train
20178,17,0,4,28,val,train
20179,17,0,4,29,val,train
20180,17,0,4,30,val,train
20181,17,0,4,31,val,train
20182,17,0,4,32,val,train
20183,17,0,4,33,val,train
20184,17,0,4,34,val,train
20185,17,0,4,35,val,train
20186,17,0,4,36,val,train
20187,17,0,4,37,val,train
20188,17,0,4,38,val,train
20189,17,0,4,39,val,train
20190,17,0,4,40,val,train
20191,17,0,4,41,val,train
20192,17,0,4,42,val,train
20193,17,0,4,43,val,train
20194,17,0,4,44,val,train
20195,17,0,4,45,val,train
20196,17,0,4,46,val,train
20197,17,0,4,47,val,train
20198,17,0,4,48,val,train
20199,17,0,4,49,val,train
20200,17,0,4,50,val,train
20201,17,0,5,1,test,train
20202,17,0,5,2,test,train
20203,17,0,5,3,test,train
20204,17,0,5,4,test,train
20205,17,0,5,5,test,train
20206,17,0,5,6,test,train
20207,17,0,5,7,test,train
20208,17,0,5,8,test,train
20209,17,0,5,9,test,train
20210,17,0,5,10,test,train
20211,17,0,5,11,test,train
20212,17,0,5,12,test,train
20213,17,0,5,13,test,train
20214,17,0,5,14,test,train
20215,17,0,5,15,test,train
20216,17,0,5,16,test,train
20217,17,0,5,17,test,train
20218,17,0,5,18,test,train
20219,17,0,5,19,test,train
20220,17,0,5,20,test,train
20221,17,0,5,21,test,train
20222,17,0,5,22,test,train
20223,17,0,5,23,test,train
20224,17,0,5,24,test,train
20225,17,0,5,25,test,train
20226,17,0,5,26,test,train
20227,17,0,5,27,test,train
20228,17,0,5,28,test,train
20229,17,0,5,29,test,train
20230,17,0,5,30,test,train
20231,17,0,5,31,test,train
20232,17,0,5,32,test,train
20233,17,0,5,33,test,train
20234,17,0,5,34,test,train
20235,17,0,5,35,test,train
20236,17,0,5,36,test,train
20237,17,0,5,37,test,train
20238,17,0,5,38,test,train
20239,17,0,5,39,test,train
20240,17,0,5,40,test,train
20241,17,0,5,41,test,train
20242,17,0,5,42,test,train
20243,17,0,5,43,test,train
20244,17,0,5,44,test,train
20245,17,0,5,45,test,train
20246,17,0,5,46,test,train
20247,17,0,5,47,test,train
20248,17,0,5,48,test,train
20249,17,0,5,49,test,train
20250,17,0,5,50,test,train
20251,17,1,1,1,train,train
20252,17,1,1,2,train,train
20253,17,1,1,3,train,train
20254,17,1,1,4,train,train
20255,17,1,1,5,train,train
20256,17,1,1,6,train,train
20257,17,1,1,7,train,train
20258,17,1,1,8,train,train
20259,17,1,1,9,train,train
20260,17,1,1,10,train,train
20261,17,1,1,11,train,train
20262,17,1,1,12,train,train
20263,17,1,1,13,train,train
20264,17,1,1,14,train,train
20265,17,1,1,15,train,train
20266,17,1,1,16,train,train
20267,17,1,1,17,train,train
20268,17,1,1,18,train,train
20269,17,1,1,19,train,train
20270,17,1,1,20,train,train
20271,17,1,1,21,train,train
20272,17,1,1,22,train,train
20273,17,1,1,23,train,train
20274,17,1,1,24,train,train
20275,17,1,1,25,train,train
20276,17,1,1,26,train,train
20277,17,1,1,27,train,train
20278,17,1,1,28,train,train
20279,17,1,1,29,train,train
20280,17,1,1,30,train,train
20281,17,1,1,31,train,train
20282,17,1,1,32,train,train
20283,17,1,1,33,train,train
20284,17,1,1,34,train,train
20285,17,1,1,35,train,train
20286,17,1,1,36,train,train
20287,17,1,1,37,train,train
20288,17,1,1,38,train,train
20289,17,1,1,39,train,train
20290,17,1,1,40,train,train
20291,17,1,1,41,train,train
20292,17,1,1,42,train,train
20293,17,1,1,43,train,train
20294,17,1,1,44,train,train
20295,17,1,1,45,train,train
20296,17,1,1,46,train,train
20297,17,1,1,47,train,train
20298,17,1,1,48,train,train
20299,17,1,1,49,train,train
20300,17,1,1,50,train,train
20301,17,1,2,1,train,train
20302,17,1,2,2,train,train
20303,17,1,2,3,train,train
20304,17,1,2,4,train,train
20305,17,1,2,5,train,train
20306,17,1,2,6,train,train
20307,17,1,2,7,train,train
20308,17,1,2,8,train,train
20309,17,1,2,9,train,train
20310,17,1,2,10,train,train
20311,17,1,2,11,train,train
20312,17,1,2,12,train,train
20313,17,1,2,13,train,train
20314,17,1,2,14,train,train
20315,17,1,2,15,train,train
20316,17,1,2,16,train,train
20317,17,1,2,17,train,train
20318,17,1,2,18,train,train
20319,17,1,2,19,train,train
20320,17,1,2,20,train,train
20321,17,1,2,21,train,train
20322,17,1,2,22,train,train
20323,17,1,2,23,train,train
20324,17,1,2,24,train,train
20325,17,1,2,25,train,train
20326,17,1,2,26,train,train
20327,17,1,2,27,train,train
20328,17,1,2,28,train,train
20329,17,1,2,29,train,train
20330,17,1,2,30,train,train
20331,17,1,2,31,train,train
20332,17,1,2,32,train,train
20333,17,1,2,33,train,train
20334,17,1,2,34,train,train
20335,17,1,2,35,train,train
20336,17,1,2,36,train,train
20337,17,1,2,37,train,train
20338,17,1,2,38,train,train
20339,17,1,2,39,train,train
20340,17,1,2,40,train,train
20341,17,1,2,41,train,train
20342,17,1,2,42,train,train
20343,17,1,2,43,train,train
20344,17,1,2,44,train,train
20345,17,1,2,45,train,train
20346,17,1,2,46,train,train
20347,17,1,2,47,train,train
20348,17,1,2,48,train,train
20349,17,1,2,49,train,train
20350,17,1,2,50,train,train
20351,17,1,3,1,train,train
20352,17,1,3,2,train,train
20353,17,1,3,3,train,train
20354,17,1,3,4,train,train
20355,17,1,3,5,train,train
20356,17,1,3,6,train,train
20357,17,1,3,7,train,train
20358,17,1,3,8,train,train
20359,17,1,3,9,train,train
20360,17,1,3,10,train,train
20361,17,1,3,11,train,train
20362,17,1,3,12,train,train
20363,17,1,3,13,train,train
20364,17,1,3,14,train,train
20365,17,1,3,15,train,train
20366,17,1,3,16,train,train
20367,17,1,3,17,train,train
20368,17,1,3,18,train,train
20369,17,1,3,19,train,train
20370,17,1,3,20,train,train
20371,17,1,3,21,train,train
20372,17,1,3,22,train,train
20373,17,1,3,23,train,train
20374,17,1,3,24,train,train
20375,17,1,3,25,train,train
20376,17,1,3,26,train,train
20377,17,1,3,27,train,train
20378,17,1,3,28,train,train
20379,17,1,3,29,train,train
20380,17,1,3,30,train,train
20381,17,1,3,31,train,train
20382,17,1,3,32,train,train
20383,17,1,3,33,train,train
20384,17,1,3,34,train,train
20385,17,1,3,35,train,train
20386,17,1,3,36,train,train
20387,17,1,3,37,train,train
20388,17,1,3,38,train,train
20389,17,1,3,39,train,train
20390,17,1,3,40,train,train
20391,17,1,3,41,train,train
20392,17,1,3,42,train,train
20393,17,1,3,43,train,train
20394,17,1,3,44,train,train
20395,17,1,3,45,train,train
20396,17,1,3,46,train,train
20397,17,1,3,47,train,train
20398,17,1,3,48,train,train
20399,17,1,3,49,train,train
20400,17,1,3,50,train,train
20401,17,1,4,1,val,train
20402,17,1,4,2,val,train
20403,17,1,4,3,val,train
20404,17,1,4,4,val,train
20405,17,1,4,5,val,train
20406,17,1,4,6,val,train
20407,17,1,4,7,val,train
20408,17,1,4,8,val,train
20409,17,1,4,9,val,train
20410,17,1,4,10,val,train
20411,17,1,4,11,val,train
20412,17,1,4,12,val,train
20413,17,1,4,13,val,train
20414,17,1,4,14,val,train
20415,17,1,4,15,val,train
20416,17,1,4,16,val,train
20417,17,1,4,17,val,train
20418,17,1,4,18,val,train
20419,17,1,4,19,val,train
20420,17,1,4,20,val,train
20421,17,1,4,21,val,train
20422,17,1,4,22,val,train
20423,17,1,4,23,val,train
20424,17,1,4,24,val,train
20425,17,1,4,25,val,train
20426,17,1,4,26,val,train
20427,17,1,4,27,val,train
20428,17,1,4,28,val,train
20429,17,1,4,29,val,train
20430,17,1,4,30,val,train
20431,17,1,4,31,val,train
20432,17,1,4,32,val,train
20433,17,1,4,33,val,train
20434,17,1,4,34,val,train
20435,17,1,4,35,val,train
20436,17,1,4,36,val,train
20437,17,1,4,37,val,train
20438,17,1,4,38,val,train
20439,17,1,4,39,val,train
20440,17,1,4,40,val,train
20441,17,1,4,41,val,train
20442,17,1,4,42,val,train
20443,17,1,4,43,val,train
20444,17,1,4,44,val,train
20445,17,1,4,45,val,train
20446,17,1,4,46,val,train
20447,17,1,4,47,val,train
20448,17,1,4,48,val,train
20449,17,1,4,49,val,train
20450,17,1,4,50,val,train
20451,17,1,5,1,test,train
20452,17,1,5,2,test,train
20453,17,1,5,3,test,train
20454,17,1,5,4,test,train
20455,17,1,5,5,test,train
20456,17,1,5,6,test,train
20457,17,1,5,7,test,train
20458,17,1,5,8,test,train
20459,17,1,5,9,test,train
20460,17,1,5,10,test,train
20461,17,1,5,11,test,train
20462,17,1,5,12,test,train
20463,17,1,5,13,test,train
20464,17,1,5,14,test,train
20465,17,1,5,15,test,train
20466,17,1,5,16,test,train
20467,17,1,5,17,test,train
20468,17,1,5,18,test,train
20469,17,1,5,19,test,train
20470,17,1,5,20,test,train
20471,17,1,5,21,test,train
20472,17,1,5,22,test,train
20473,17,1,5,23,test,train
20474,17,1,5,24,test,train
20475,17,1,5,25,test,train
20476,17,1,5,26,test,train
20477,17,1,5,27,test,train
20478,17,1,5,28,test,train
20479,17,1,5,29,test,train
20480,17,1,5,30,test,train
20481,17,1,5,31,test,train
20482,17,1,5,32,test,train
20483,17,1,5,33,test,train
20484,17,1,5,34,test,train
20485,17,1,5,35,test,train
20486,17,1,5,36,test,train
20487,17,1,5,37,test,train
20488,17,1,5,38,test,train
20489,17,1,5,39,test,train
20490,17,1,5,40,test,train
20491,17,1,5,41,test,train
20492,17,1,5,42,test,train
20493,17,1,5,43,test,train
20494,17,1,5,44,test,train
20495,17,1,5,45,test,train
20496,17,1,5,46,test,train
20497,17,1,5,47,test,train
20498,17,1,5,48,test,train
20499,17,1,5,49,test,train
20500,17,1,5,50,test,train
20501,17,2,1,1,train,train
20502,17,2,1,2,train,train
20503,17,2,1,3,train,train
20504,17,2,1,4,train,train
20505,17,2,1,5,train,train
20506,17,2,1,6,train,train
20507,17,2,1,7,train,train
20508,17,2,1,8,train,train
20509,17,2,1,9,train,train
20510,17,2,1,10,train,train
20511,17,2,1,11,train,train
20512,17,2,1,12,train,train
20513,17,2,1,13,train,train
20514,17,2,1,14,train,train
20515,17,2,1,15,train,train
20516,17,2,1,16,train,train
20517,17,2,1,17,train,train
20518,17,2,1,18,train,train
20519,17,2,1,19,train,train
20520,17,2,1,20,train,train
20521,17,2,1,21,train,train
20522,17,2,1,22,train,train
20523,17,2,1,23,train,train
20524,17,2,1,24,train,train
20525,17,2,1,25,train,train
20526,17,2,1,26,train,train
20527,17,2,1,27,train,train
20528,17,2,1,28,train,train
20529,17,2,1,29,train,train
20530,17,2,1,30,train,train
20531,17,2,1,31,train,train
20532,17,2,1,32,train,train
20533,17,2,1,33,train,train
20534,17,2,1,34,train,train
20535,17,2,1,35,train,train
20536,17,2,1,36,train,train
20537,17,2,1,37,train,train
20538,17,2,1,38,train,train
20539,17,2,1,39,train,train
20540,17,2,1,40,train,train
20541,17,2,1,41,train,train
20542,17,2,1,42,train,train
20543,17,2,1,43,train,train
20544,17,2,1,44,train,train
20545,17,2,1,45,train,train
20546,17,2,1,46,train,train
20547,17,2,1,47,train,train
20548,17,2,1,48,train,train
20549,17,2,1,49,train,train
20550,17,2,1,50,train,train
20551,17,2,2,1,train,train
20552,17,2,2,2,train,train
20553,17,2,2,3,train,train
20554,17,2,2,4,train,train
20555,17,2,2,5,train,train
20556,17,2,2,6,train,train
20557,17,2,2,7,train,train
20558,17,2,2,8,train,train
20559,17,2,2,9,train,train
20560,17,2,2,10,train,train
20561,17,2,2,11,train,train
20562,17,2,2,12,train,train
20563,17,2,2,13,train,train
20564,17,2,2,14,train,train
20565,17,2,2,15,train,train
20566,17,2,2,16,train,train
20567,17,2,2,17,train,train
20568,17,2,2,18,train,train
20569,17,2,2,19,train,train
20570,17,2,2,20,train,train
20571,17,2,2,21,train,train
20572,17,2,2,22,train,train
20573,17,2,2,23,train,train
20574,17,2,2,24,train,train
20575,17,2,2,25,train,train
20576,17,2,2,26,train,train
20577,17,2,2,27,train,train
20578,17,2,2,28,train,train
20579,17,2,2,29,train,train
20580,17,2,2,30,train,train
20581,17,2,2,31,train,train
20582,17,2,2,32,train,train
20583,17,2,2,33,train,train
20584,17,2,2,34,train,train
20585,17,2,2,35,train,train
20586,17,2,2,36,train,train
20587,17,2,2,37,train,train
20588,17,2,2,38,train,train
20589,17,2,2,39,train,train
20590,17,2,2,40,train,train
20591,17,2,2,41,train,train
20592,17,2,2,42,train,train
20593,17,2,2,43,train,train
20594,17,2,2,44,train,train
20595,17,2,2,45,train,train
20596,17,2,2,46,train,train
20597,17,2,2,47,train,train
20598,17,2,2,48,train,train
20599,17,2,2,49,train,train
20600,17,2,2,50,train,train
20601,17,2,3,1,train,train
20602,17,2,3,2,train,train
20603,17,2,3,3,train,train
20604,17,2,3,4,train,train
20605,17,2,3,5,train,train
20606,17,2,3,6,train,train
20607,17,2,3,7,train,train
20608,17,2,3,8,train,train
20609,17,2,3,9,train,train
20610,17,2,3,10,train,train
20611,17,2,3,11,train,train
20612,17,2,3,12,train,train
20613,17,2,3,13,train,train
20614,17,2,3,14,train,train
20615,17,2,3,15,train,train
20616,17,2,3,16,train,train
20617,17,2,3,17,train,train
20618,17,2,3,18,train,train
20619,17,2,3,19,train,train
20620,17,2,3,20,train,train
20621,17,2,3,21,train,train
20622,17,2,3,22,train,train
20623,17,2,3,23,train,train
20624,17,2,3,24,train,train
20625,17,2,3,25,train,train
20626,17,2,3,26,train,train
20627,17,2,3,27,train,train
20628,17,2,3,28,train,train
20629,17,2,3,29,train,train
20630,17,2,3,30,train,train
20631,17,2,3,31,train,train
20632,17,2,3,32,train,train
20633,17,2,3,33,train,train
20634,17,2,3,34,train,train
20635,17,2,3,35,train,train
20636,17,2,3,36,train,train
20637,17,2,3,37,train,train
20638,17,2,3,38,train,train
20639,17,2,3,39,train,train
20640,17,2,3,40,train,train
20641,17,2,3,41,train,train
20642,17,2,3,42,train,train
20643,17,2,3,43,train,train
20644,17,2,3,44,train,train
20645,17,2,3,45,train,train
20646,17,2,3,46,train,train
20647,17,2,3,47,train,train
20648,17,2,3,48,train,train
20649,17,2,3,49,train,train
20650,17,2,3,50,train,train
20651,17,2,4,1,val,train
20652,17,2,4,2,val,train
20653,17,2,4,3,val,train
20654,17,2,4,4,val,train
20655,17,2,4,5,val,train
20656,17,2,4,6,val,train
20657,17,2,4,7,val,train
20658,17,2,4,8,val,train
20659,17,2,4,9,val,train
20660,17,2,4,10,val,train
20661,17,2,4,11,val,train
20662,17,2,4,12,val,train
20663,17,2,4,13,val,train
20664,17,2,4,14,val,train
20665,17,2,4,15,val,train
20666,17,2,4,16,val,train
20667,17,2,4,17,val,train
20668,17,2,4,18,val,train
20669,17,2,4,19,val,train
20670,17,2,4,20,val,train
20671,17,2,4,21,val,train
20672,17,2,4,22,val,train
20673,17,2,4,23,val,train
20674,17,2,4,24,val,train
20675,17,2,4,25,val,train
20676,17,2,4,26,val,train
20677,17,2,4,27,val,train
20678,17,2,4,28,val,train
20679,17,2,4,29,val,train
20680,17,2,4,30,val,train
20681,17,2,4,31,val,train
20682,17,2,4,32,val,train
20683,17,2,4,33,val,train
20684,17,2,4,34,val,train
20685,17,2,4,35,val,train
20686,17,2,4,36,val,train
20687,17,2,4,37,val,train
20688,17,2,4,38,val,train
20689,17,2,4,39,val,train
20690,17,2,4,40,val,train
20691,17,2,4,41,val,train
20692,17,2,4,42,val,train
20693,17,2,4,43,val,train
20694,17,2,4,44,val,train
20695,17,2,4,45,val,train
20696,17,2,4,46,val,train
20697,17,2,4,47,val,train
20698,17,2,4,48,val,train
20699,17,2,4,49,val,train
20700,17,2,4,50,val,train
20701,17,2,5,1,test,train
20702,17,2,5,2,test,train
20703,17,2,5,3,test,train
20704,17,2,5,4,test,train
20705,17,2,5,5,test,train
20706,17,2,5,6,test,train
20707,17,2,5,7,test,train
20708,17,2,5,8,test,train
20709,17,2,5,9,test,train
20710,17,2,5,10,test,train
20711,17,2,5,11,test,train
20712,17,2,5,12,test,train
20713,17,2,5,13,test,train
20714,17,2,5,14,test,train
20715,17,2,5,15,test,train
20716,17,2,5,16,test,train
20717,17,2,5,17,test,train
20718,17,2,5,18,test,train
20719,17,2,5,19,test,train
20720,17,2,5,20,test,train
20721,17,2,5,21,test,train
20722,17,2,5,22,test,train
20723,17,2,5,23,test,train
20724,17,2,5,24,test,train
20725,17,2,5,25,test,train
20726,17,2,5,26,test,train
20727,17,2,5,27,test,train
20728,17,2,5,28,test,train
20729,17,2,5,29,test,train
20730,17,2,5,30,test,train
20731,17,2,5,31,test,train
20732,17,2,5,32,test,train
20733,17,2,5,33,test,train
20734,17,2,5,34,test,train
20735,17,2,5,35,test,train
20736,17,2,5,36,test,train
20737,17,2,5,37,test,train
20738,17,2,5,38,test,train
20739,17,2,5,39,test,train
20740,17,2,5,40,test,train
20741,17,2,5,41,test,train
20742,17,2,5,42,test,train
20743,17,2,5,43,test,train
20744,17,2,5,44,test,train
20745,17,2,5,45,test,train
20746,17,2,5,46,test,train
20747,17,2,5,47,test,train
20748,17,2,5,48,test,train
20749,17,2,5,49,test,train
20750,17,2,5,50,test,train
20751,17,3,1,1,train,train
20752,17,3,1,2,train,train
20753,17,3,1,3,train,train
20754,17,3,1,4,train,train
20755,17,3,1,5,train,train
20756,17,3,1,6,train,train
20757,17,3,1,7,train,train
20758,17,3,1,8,train,train
20759,17,3,1,9,train,train
20760,17,3,1,10,train,train
20761,17,3,1,11,train,train
20762,17,3,1,12,train,train
20763,17,3,1,13,train,train
20764,17,3,1,14,train,train
20765,17,3,1,15,train,train
20766,17,3,1,16,train,train
20767,17,3,1,17,train,train
20768,17,3,1,18,train,train
20769,17,3,1,19,train,train
20770,17,3,1,20,train,train
20771,17,3,1,21,train,train
20772,17,3,1,22,train,train
20773,17,3,1,23,train,train
20774,17,3,1,24,train,train
20775,17,3,1,25,train,train
20776,17,3,1,26,train,train
20777,17,3,1,27,train,train
20778,17,3,1,28,train,train
20779,17,3,1,29,train,train
20780,17,3,1,30,train,train
20781,17,3,1,31,train,train
20782,17,3,1,32,train,train
20783,17,3,1,33,train,train
20784,17,3,1,34,train,train
20785,17,3,1,35,train,train
20786,17,3,1,36,train,train
20787,17,3,1,37,train,train
20788,17,3,1,38,train,train
20789,17,3,1,39,train,train
20790,17,3,1,40,train,train
20791,17,3,1,41,train,train
20792,17,3,1,42,train,train
20793,17,3,1,43,train,train
20794,17,3,1,44,train,train
20795,17,3,1,45,train,train
20796,17,3,1,46,train,train
20797,17,3,1,47,train,train
20798,17,3,1,48,train,train
20799,17,3,1,49,train,train
20800,17,3,1,50,train,train
20801,17,3,2,1,train,train
20802,17,3,2,2,train,train
20803,17,3,2,3,train,train
20804,17,3,2,4,train,train
20805,17,3,2,5,train,train
20806,17,3,2,6,train,train
20807,17,3,2,7,train,train
20808,17,3,2,8,train,train
20809,17,3,2,9,train,train
20810,17,3,2,10,train,train
20811,17,3,2,11,train,train
20812,17,3,2,12,train,train
20813,17,3,2,13,train,train
20814,17,3,2,14,train,train
20815,17,3,2,15,train,train
20816,17,3,2,16,train,train
20817,17,3,2,17,train,train
20818,17,3,2,18,train,train
20819,17,3,2,19,train,train
20820,17,3,2,20,train,train
20821,17,3,2,21,train,train
20822,17,3,2,22,train,train
20823,17,3,2,23,train,train
20824,17,3,2,24,train,train
20825,17,3,2,25,train,train
20826,17,3,2,26,train,train
20827,17,3,2,27,train,train
20828,17,3,2,28,train,train
20829,17,3,2,29,train,train
20830,17,3,2,30,train,train
20831,17,3,2,31,train,train
20832,17,3,2,32,train,train
20833,17,3,2,33,train,train
20834,17,3,2,34,train,train
20835,17,3,2,35,train,train
20836,17,3,2,36,train,train
20837,17,3,2,37,train,train
20838,17,3,2,38,train,train
20839,17,3,2,39,train,train
20840,17,3,2,40,train,train
20841,17,3,2,41,train,train
20842,17,3,2,42,train,train
20843,17,3,2,43,train,train
20844,17,3,2,44,train,train
20845,17,3,2,45,train,train
20846,17,3,2,46,train,train
20847,17,3,2,47,train,train
20848,17,3,2,48,train,train
20849,17,3,2,49,train,train
20850,17,3,2,50,train,train
20851,17,3,3,1,train,train
20852,17,3,3,2,train,train
20853,17,3,3,3,train,train
20854,17,3,3,4,train,train
20855,17,3,3,5,train,train
20856,17,3,3,6,train,train
20857,17,3,3,7,train,train
20858,17,3,3,8,train,train
20859,17,3,3,9,train,train
20860,17,3,3,10,train,train
20861,17,3,3,11,train,train
20862,17,3,3,12,train,train
20863,17,3,3,13,train,train
20864,17,3,3,14,train,train
20865,17,3,3,15,train,train
20866,17,3,3,16,train,train
20867,17,3,3,17,train,train
20868,17,3,3,18,train,train
20869,17,3,3,19,train,train
20870,17,3,3,20,train,train
20871,17,3,3,21,train,train
20872,17,3,3,22,train,train
20873,17,3,3,23,train,train
20874,17,3,3,24,train,train
20875,17,3,3,25,train,train
20876,17,3,3,26,train,train
20877,17,3,3,27,train,train
20878,17,3,3,28,train,train
20879,17,3,3,29,train,train
20880,17,3,3,30,train,train
20881,17,3,3,31,train,train
20882,17,3,3,32,train,train
20883,17,3,3,33,train,train
20884,17,3,3,34,train,train
20885,17,3,3,35,train,train
20886,17,3,3,36,train,train
20887,17,3,3,37,train,train
20888,17,3,3,38,train,train
20889,17,3,3,39,train,train
20890,17,3,3,40,train,train
20891,17,3,3,41,train,train
20892,17,3,3,42,train,train
20893,17,3,3,43,train,train
20894,17,3,3,44,train,train
20895,17,3,3,45,train,train
20896,17,3,3,46,train,train
20897,17,3,3,47,train,train
20898,17,3,3,48,train,train
20899,17,3,3,49,train,train
20900,17,3,3,50,train,train
20901,17,3,4,1,val,train
20902,17,3,4,2,val,train
20903,17,3,4,3,val,train
20904,17,3,4,4,val,train
20905,17,3,4,5,val,train
20906,17,3,4,6,val,train
20907,17,3,4,7,val,train
20908,17,3,4,8,val,train
20909,17,3,4,9,val,train
20910,17,3,4,10,val,train
20911,17,3,4,11,val,train
20912,17,3,4,12,val,train
20913,17,3,4,13,val,train
20914,17,3,4,14,val,train
20915,17,3,4,15,val,train
20916,17,3,4,16,val,train
20917,17,3,4,17,val,train
20918,17,3,4,18,val,train
20919,17,3,4,19,val,train
20920,17,3,4,20,val,train
20921,17,3,4,21,val,train
20922,17,3,4,22,val,train
20923,17,3,4,23,val,train
20924,17,3,4,24,val,train
20925,17,3,4,25,val,train
20926,17,3,4,26,val,train
20927,17,3,4,27,val,train
20928,17,3,4,28,val,train
20929,17,3,4,29,val,train
20930,17,3,4,30,val,train
20931,17,3,4,31,val,train
20932,17,3,4,32,val,train
20933,17,3,4,33,val,train
20934,17,3,4,34,val,train
20935,17,3,4,35,val,train
20936,17,3,4,36,val,train
20937,17,3,4,37,val,train
20938,17,3,4,38,val,train
20939,17,3,4,39,val,train
20940,17,3,4,40,val,train
20941,17,3,4,41,val,train
20942,17,3,4,42,val,train
20943,17,3,4,43,val,train
20944,17,3,4,44,val,train
20945,17,3,4,45,val,train
20946,17,3,4,46,val,train
20947,17,3,4,47,val,train
20948,17,3,4,48,val,train
20949,17,3,4,49,val,train
20950,17,3,4,50,val,train
20951,17,3,5,1,test,train
20952,17,3,5,2,test,train
20953,17,3,5,3,test,train
20954,17,3,5,4,test,train
20955,17,3,5,5,test,train
20956,17,3,5,6,test,train
20957,17,3,5,7,test,train
20958,17,3,5,8,test,train
20959,17,3,5,9,test,train
20960,17,3,5,10,test,train
20961,17,3,5,11,test,train
20962,17,3,5,12,test,train
20963,17,3,5,13,test,train
20964,17,3,5,14,test,train
20965,17,3,5,15,test,train
20966,17,3,5,16,test,train
20967,17,3,5,17,test,train
20968,17,3,5,18,test,train
20969,17,3,5,19,test,train
20970,17,3,5,20,test,train
20971,17,3,5,21,test,train
20972,17,3,5,22,test,train
20973,17,3,5,23,test,train
20974,17,3,5,24,test,train
20975,17,3,5,25,test,train
20976,17,3,5,26,test,train
20977,17,3,5,27,test,train
20978,17,3,5,28,test,train
20979,17,3,5,29,test,train
20980,17,3,5,30,test,train
20981,17,3,5,31,test,train
20982,17,3,5,32,test,train
20983,17,3,5,33,test,train
20984,17,3,5,34,test,train
20985,17,3,5,35,test,train
20986,17,3,5,36,test,train
20987,17,3,5,37,test,train
20988,17,3,5,38,test,train
20989,17,3,5,39,test,train
20990,17,3,5,40,test,train
20991,17,3,5,41,test,train
20992,17,3,5,42,test,train
20993,17,3,5,43,test,train
20994,17,3,5,44,test,train
20995,17,3,5,45,test,train
20996,17,3,5,46,test,train
20997,17,3,5,47,test,train
20998,17,3,5,48,test,train
20999,17,3,5,49,test,train
21000,17,3,5,50,test,train
21001,17,4,1,1,train,train
21002,17,4,1,2,train,train
21003,17,4,1,3,train,train
21004,17,4,1,4,train,train
21005,17,4,1,5,train,train
21006,17,4,1,6,train,train
21007,17,4,1,7,train,train
21008,17,4,1,8,train,train
21009,17,4,1,9,train,train
21010,17,4,1,10,train,train
21011,17,4,1,11,train,train
21012,17,4,1,12,train,train
21013,17,4,1,13,train,train
21014,17,4,1,14,train,train
21015,17,4,1,15,train,train
21016,17,4,1,16,train,train
21017,17,4,1,17,train,train
21018,17,4,1,18,train,train
21019,17,4,1,19,train,train
21020,17,4,1,20,train,train
21021,17,4,1,21,train,train
21022,17,4,1,22,train,train
21023,17,4,1,23,train,train
21024,17,4,1,24,train,train
21025,17,4,1,25,train,train
21026,17,4,1,26,train,train
21027,17,4,1,27,train,train
21028,17,4,1,28,train,train
21029,17,4,1,29,train,train
21030,17,4,1,30,train,train
21031,17,4,1,31,train,train
21032,17,4,1,32,train,train
21033,17,4,1,33,train,train
21034,17,4,1,34,train,train
21035,17,4,1,35,train,train
21036,17,4,1,36,train,train
21037,17,4,1,37,train,train
21038,17,4,1,38,train,train
21039,17,4,1,39,train,train
21040,17,4,1,40,train,train
21041,17,4,1,41,train,train
21042,17,4,1,42,train,train
21043,17,4,1,43,train,train
21044,17,4,1,44,train,train
21045,17,4,1,45,train,train
21046,17,4,1,46,train,train
21047,17,4,1,47,train,train
21048,17,4,1,48,train,train
21049,17,4,1,49,train,train
21050,17,4,1,50,train,train
21051,17,4,2,1,train,train
21052,17,4,2,2,train,train
21053,17,4,2,3,train,train
21054,17,4,2,4,train,train
21055,17,4,2,5,train,train
21056,17,4,2,6,train,train
21057,17,4,2,7,train,train
21058,17,4,2,8,train,train
21059,17,4,2,9,train,train
21060,17,4,2,10,train,train
21061,17,4,2,11,train,train
21062,17,4,2,12,train,train
21063,17,4,2,13,train,train
21064,17,4,2,14,train,train
21065,17,4,2,15,train,train
21066,17,4,2,16,train,train
21067,17,4,2,17,train,train
21068,17,4,2,18,train,train
21069,17,4,2,19,train,train
21070,17,4,2,20,train,train
21071,17,4,2,21,train,train
21072,17,4,2,22,train,train
21073,17,4,2,23,train,train
21074,17,4,2,24,train,train
21075,17,4,2,25,train,train
21076,17,4,2,26,train,train
21077,17,4,2,27,train,train
21078,17,4,2,28,train,train
21079,17,4,2,29,train,train
21080,17,4,2,30,train,train
21081,17,4,2,31,train,train
21082,17,4,2,32,train,train
21083,17,4,2,33,train,train
21084,17,4,2,34,train,train
21085,17,4,2,35,train,train
21086,17,4,2,36,train,train
21087,17,4,2,37,train,train
21088,17,4,2,38,train,train
21089,17,4,2,39,train,train
21090,17,4,2,40,train,train
21091,17,4,2,41,train,train
21092,17,4,2,42,train,train
21093,17,4,2,43,train,train
21094,17,4,2,44,train,train
21095,17,4,2,45,train,train
21096,17,4,2,46,train,train
21097,17,4,2,47,train,train
21098,17,4,2,48,train,train
21099,17,4,2,49,train,train
21100,17,4,2,50,train,train
21101,17,4,3,1,train,train
21102,17,4,3,2,train,train
21103,17,4,3,3,train,train
21104,17,4,3,4,train,train
21105,17,4,3,5,train,train
21106,17,4,3,6,train,train
21107,17,4,3,7,train,train
21108,17,4,3,8,train,train
21109,17,4,3,9,train,train
21110,17,4,3,10,train,train
21111,17,4,3,11,train,train
21112,17,4,3,12,train,train
21113,17,4,3,13,train,train
21114,17,4,3,14,train,train
21115,17,4,3,15,train,train
21116,17,4,3,16,train,train
21117,17,4,3,17,train,train
21118,17,4,3,18,train,train
21119,17,4,3,19,train,train
21120,17,4,3,20,train,train
21121,17,4,3,21,train,train
21122,17,4,3,22,train,train
21123,17,4,3,23,train,train
21124,17,4,3,24,train,train
21125,17,4,3,25,train,train
21126,17,4,3,26,train,train
21127,17,4,3,27,train,train
21128,17,4,3,28,train,train
21129,17,4,3,29,train,train
21130,17,4,3,30,train,train
21131,17,4,3,31,train,train
21132,17,4,3,32,train,train
21133,17,4,3,33,train,train
21134,17,4,3,34,train,train
21135,17,4,3,35,train,train
21136,17,4,3,36,train,train
21137,17,4,3,37,train,train
21138,17,4,3,38,train,train
21139,17,4,3,39,train,train
21140,17,4,3,40,train,train
21141,17,4,3,41,train,train
21142,17,4,3,42,train,train
21143,17,4,3,43,train,train
21144,17,4,3,44,train,train
21145,17,4,3,45,train,train
21146,17,4,3,46,train,train
21147,17,4,3,47,train,train
21148,17,4,3,48,train,train
21149,17,4,3,49,train,train
21150,17,4,3,50,train,train
21151,17,4,4,1,val,train
21152,17,4,4,2,val,train
21153,17,4,4,3,val,train
21154,17,4,4,4,val,train
21155,17,4,4,5,val,train
21156,17,4,4,6,val,train
21157,17,4,4,7,val,train
21158,17,4,4,8,val,train
21159,17,4,4,9,val,train
21160,17,4,4,10,val,train
21161,17,4,4,11,val,train
21162,17,4,4,12,val,train
21163,17,4,4,13,val,train
21164,17,4,4,14,val,train
21165,17,4,4,15,val,train
21166,17,4,4,16,val,train
21167,17,4,4,17,val,train
21168,17,4,4,18,val,train
21169,17,4,4,19,val,train
21170,17,4,4,20,val,train
21171,17,4,4,21,val,train
21172,17,4,4,22,val,train
21173,17,4,4,23,val,train
21174,17,4,4,24,val,train
21175,17,4,4,25,val,train
21176,17,4,4,26,val,train
21177,17,4,4,27,val,train
21178,17,4,4,28,val,train
21179,17,4,4,29,val,train
21180,17,4,4,30,val,train
21181,17,4,4,31,val,train
21182,17,4,4,32,val,train
21183,17,4,4,33,val,train
21184,17,4,4,34,val,train
21185,17,4,4,35,val,train
21186,17,4,4,36,val,train
21187,17,4,4,37,val,train
21188,17,4,4,38,val,train
21189,17,4,4,39,val,train
21190,17,4,4,40,val,train
21191,17,4,4,41,val,train
21192,17,4,4,42,val,train
21193,17,4,4,43,val,train
21194,17,4,4,44,val,train
21195,17,4,4,45,val,train
21196,17,4,4,46,val,train
21197,17,4,4,47,val,train
21198,17,4,4,48,val,train
21199,17,4,4,49,val,train
21200,17,4,4,50,val,train
21201,17,4,5,1,test,train
21202,17,4,5,2,test,train
21203,17,4,5,3,test,train
21204,17,4,5,4,test,train
21205,17,4,5,5,test,train
21206,17,4,5,6,test,train
21207,17,4,5,7,test,train
21208,17,4,5,8,test,train
21209,17,4,5,9,test,train
21210,17,4,5,10,test,train
21211,17,4,5,11,test,train
21212,17,4,5,12,test,train
21213,17,4,5,13,test,train
21214,17,4,5,14,test,train
21215,17,4,5,15,test,train
21216,17,4,5,16,test,train
21217,17,4,5,17,test,train
21218,17,4,5,18,test,train
21219,17,4,5,19,test,train
21220,17,4,5,20,test,train
21221,17,4,5,21,test,train
21222,17,4,5,22,test,train
21223,17,4,5,23,test,train
21224,17,4,5,24,test,train
21225,17,4,5,25,test,train
21226,17,4,5,26,test,train
21227,17,4,5,27,test,train
21228,17,4,5,28,test,train
21229,17,4,5,29,test,train
21230,17,4,5,30,test,train
21231,17,4,5,31,test,train
21232,17,4,5,32,test,train
21233,17,4,5,33,test,train
21234,17,4,5,34,test,train
21235,17,4,5,35,test,train
21236,17,4,5,36,test,train
21237,17,4,5,37,test,train
21238,17,4,5,38,test,train
21239,17,4,5,39,test,train
21240,17,4,5,40,test,train
21241,17,4,5,41,test,train
21242,17,4,5,42,test,train
21243,17,4,5,43,test,train
21244,17,4,5,44,test,train
21245,17,4,5,45,test,train
21246,17,4,5,46,test,train
21247,17,4,5,47,test,train
21248,17,4,5,48,test,train
21249,17,4,5,49,test,train
21250,17,4,5,50,test,train
21251,18,0,1,1,train,val
21252,18,0,1,2,train,val
21253,18,0,1,3,train,val
21254,18,0,1,4,train,val
21255,18,0,1,5,train,val
21256,18,0,1,6,train,val
21257,18,0,1,7,train,val
21258,18,0,1,8,train,val
21259,18,0,1,9,train,val
21260,18,0,1,10,train,val
21261,18,0,1,11,train,val
21262,18,0,1,12,train,val
21263,18,0,1,13,train,val
21264,18,0,1,14,train,val
21265,18,0,1,15,train,val
21266,18,0,1,16,train,val
21267,18,0,1,17,train,val
21268,18,0,1,18,train,val
21269,18,0,1,19,train,val
21270,18,0,1,20,train,val
21271,18,0,1,21,train,val
21272,18,0,1,22,train,val
21273,18,0,1,23,train,val
21274,18,0,1,24,train,val
21275,18,0,1,25,train,val
21276,18,0,1,26,train,val
21277,18,0,1,27,train,val
21278,18,0,1,28,train,val
21279,18,0,1,29,train,val
21280,18,0,1,30,train,val
21281,18,0,1,31,train,val
21282,18,0,1,32,train,val
21283,18,0,1,33,train,val
21284,18,0,1,34,train,val
21285,18,0,1,35,train,val
21286,18,0,1,36,train,val
21287,18,0,1,37,train,val
21288,18,0,1,38,train,val
21289,18,0,1,39,train,val
21290,18,0,1,40,train,val
21291,18,0,1,41,train,val
21292,18,0,1,42,train,val
21293,18,0,1,43,train,val
21294,18,0,1,44,train,val
21295,18,0,1,45,train,val
21296,18,0,1,46,train,val
21297,18,0,1,47,train,val
21298,18,0,1,48,train,val
21299,18,0,1,49,train,val
21300,18,0,1,50,train,val
21301,18,0,2,1,train,val
21302,18,0,2,2,train,val
21303,18,0,2,3,train,val
21304,18,0,2,4,train,val
21305,18,0,2,5,train,val
21306,18,0,2,6,train,val
21307,18,0,2,7,train,val
21308,18,0,2,8,train,val
21309,18,0,2,9,train,val
21310,18,0,2,10,train,val
21311,18,0,2,11,train,val
21312,18,0,2,12,train,val
21313,18,0,2,13,train,val
21314,18,0,2,14,train,val
21315,18,0,2,15,train,val
21316,18,0,2,16,train,val
21317,18,0,2,17,train,val
21318,18,0,2,18,train,val
21319,18,0,2,19,train,val
21320,18,0,2,20,train,val
21321,18,0,2,21,train,val
21322,18,0,2,22,train,val
21323,18,0,2,23,train,val
21324,18,0,2,24,train,val
21325,18,0,2,25,train,val
21326,18,0,2,26,train,val
21327,18,0,2,27,train,val
21328,18,0,2,28,train,val
21329,18,0,2,29,train,val
21330,18,0,2,30,train,val
21331,18,0,2,31,train,val
21332,18,0,2,32,train,val
21333,18,0,2,33,train,val
21334,18,0,2,34,train,val
21335,18,0,2,35,train,val
21336,18,0,2,36,train,val
21337,18,0,2,37,train,val
21338,18,0,2,38,train,val
21339,18,0,2,39,train,val
21340,18,0,2,40,train,val
21341,18,0,2,41,train,val
21342,18,0,2,42,train,val
21343,18,0,2,43,train,val
21344,18,0,2,44,train,val
21345,18,0,2,45,train,val
21346,18,0,2,46,train,val
21347,18,0,2,47,train,val
21348,18,0,2,48,train,val
21349,18,0,2,49,train,val
21350,18,0,2,50,train,val
21351,18,0,3,1,train,val
21352,18,0,3,2,train,val
21353,18,0,3,3,train,val
21354,18,0,3,4,train,val
21355,18,0,3,5,train,val
21356,18,0,3,6,train,val
21357,18,0,3,7,train,val
21358,18,0,3,8,train,val
21359,18,0,3,9,train,val
21360,18,0,3,10,train,val
21361,18,0,3,11,train,val
21362,18,0,3,12,train,val
21363,18,0,3,13,train,val
21364,18,0,3,14,train,val
21365,18,0,3,15,train,val
21366,18,0,3,16,train,val
21367,18,0,3,17,train,val
21368,18,0,3,18,train,val
21369,18,0,3,19,train,val
21370,18,0,3,20,train,val
21371,18,0,3,21,train,val
21372,18,0,3,22,train,val
21373,18,0,3,23,train,val
21374,18,0,3,24,train,val
21375,18,0,3,25,train,val
21376,18,0,3,26,train,val
21377,18,0,3,27,train,val
21378,18,0,3,28,train,val
21379,18,0,3,29,train,val
21380,18,0,3,30,train,val
21381,18,0,3,31,train,val
21382,18,0,3,32,train,val
21383,18,0,3,33,train,val
21384,18,0,3,34,train,val
21385,18,0,3,35,train,val
21386,18,0,3,36,train,val
21387,18,0,3,37,train,val
21388,18,0,3,38,train,val
21389,18,0,3,39,train,val
21390,18,0,3,40,train,val
21391,18,0,3,41,train,val
21392,18,0,3,42,train,val
21393,18,0,3,43,train,val
21394,18,0,3,44,train,val
21395,18,0,3,45,train,val
21396,18,0,3,46,train,val
21397,18,0,3,47,train,val
21398,18,0,3,48,train,val
21399,18,0,3,49,train,val
21400,18,0,3,50,train,val
21401,18,0,4,1,val,val
21402,18,0,4,2,val,val
21403,18,0,4,3,val,val
21404,18,0,4,4,val,val
21405,18,0,4,5,val,val
21406,18,0,4,6,val,val
21407,18,0,4,7,val,val
21408,18,0,4,8,val,val
21409,18,0,4,9,val,val
21410,18,0,4,10,val,val
21411,18,0,4,11,val,val
21412,18,0,4,12,val,val
21413,18,0,4,13,val,val
21414,18,0,4,14,val,val
21415,18,0,4,15,val,val
21416,18,0,4,16,val,val
21417,18,0,4,17,val,val
21418,18,0,4,18,val,val
21419,18,0,4,19,val,val
21420,18,0,4,20,val,val
21421,18,0,4,21,val,val
21422,18,0,4,22,val,val
21423,18,0,4,23,val,val
21424,18,0,4,24,val,val
21425,18,0,4,25,val,val
21426,18,0,4,26,val,val
21427,18,0,4,27,val,val
21428,18,0,4,28,val,val
21429,18,0,4,29,val,val
21430,18,0,4,30,val,val
21431,18,0,4,31,val,val
21432,18,0,4,32,val,val
21433,18,0,4,33,val,val
21434,18,0,4,34,val,val
21435,18,0,4,35,val,val
21436,18,0,4,36,val,val
21437,18,0,4,37,val,val
21438,18,0,4,38,val,val
21439,18,0,4,39,val,val
21440,18,0,4,40,val,val
21441,18,0,4,41,val,val
21442,18,0,4,42,val,val
21443,18,0,4,43,val,val
21444,18,0,4,44,val,val
21445,18,0,4,45,val,val
21446,18,0,4,46,val,val
21447,18,0,4,47,val,val
21448,18,0,4,48,val,val
21449,18,0,4,49,val,val
21450,18,0,4,50,val,val
21451,18,0,5,1,test,val
21452,18,0,5,2,test,val
21453,18,0,5,3,test,val
21454,18,0,5,4,test,val
21455,18,0,5,5,test,val
21456,18,0,5,6,test,val
21457,18,0,5,7,test,val
21458,18,0,5,8,test,val
21459,18,0,5,9,test,val
21460,18,0,5,10,test,val
21461,18,0,5,11,test,val
21462,18,0,5,12,test,val
21463,18,0,5,13,test,val
21464,18,0,5,14,test,val
21465,18,0,5,15,test,val
21466,18,0,5,16,test,val
21467,18,0,5,17,test,val
21468,18,0,5,18,test,val
21469,18,0,5,19,test,val
21470,18,0,5,20,test,val
21471,18,0,5,21,test,val
21472,18,0,5,22,test,val
21473,18,0,5,23,test,val
21474,18,0,5,24,test,val
21475,18,0,5,25,test,val
21476,18,0,5,26,test,val
21477,18,0,5,27,test,val
21478,18,0,5,28,test,val
21479,18,0,5,29,test,val
21480,18,0,5,30,test,val
21481,18,0,5,31,test,val
21482,18,0,5,32,test,val
21483,18,0,5,33,test,val
21484,18,0,5,34,test,val
21485,18,0,5,35,test,val
21486,18,0,5,36,test,val
21487,18,0,5,37,test,val
21488,18,0,5,38,test,val
21489,18,0,5,39,test,val
21490,18,0,5,40,test,val
21491,18,0,5,41,test,val
21492,18,0,5,42,test,val
21493,18,0,5,43,test,val
21494,18,0,5,44,test,val
21495,18,0,5,45,test,val
21496,18,0,5,46,test,val
21497,18,0,5,47,test,val
21498,18,0,5,48,test,val
21499,18,0,5,49,test,val
21500,18,0,5,50,test,val
21501,18,1,1,1,train,val
21502,18,1,1,2,train,val
21503,18,1,1,3,train,val
21504,18,1,1,4,train,val
21505,18,1,1,5,train,val
21506,18,1,1,6,train,val
21507,18,1,1,7,train,val
21508,18,1,1,8,train,val
21509,18,1,1,9,train,val
21510,18,1,1,10,train,val
21511,18,1,1,11,train,val
21512,18,1,1,12,train,val
21513,18,1,1,13,train,val
21514,18,1,1,14,train,val
21515,18,1,1,15,train,val
21516,18,1,1,16,train,val
21517,18,1,1,17,train,val
21518,18,1,1,18,train,val
21519,18,1,1,19,train,val
21520,18,1,1,20,train,val
21521,18,1,1,21,train,val
21522,18,1,1,22,train,val
21523,18,1,1,23,train,val
21524,18,1,1,24,train,val
21525,18,1,1,25,train,val
21526,18,1,1,26,train,val
21527,18,1,1,27,train,val
21528,18,1,1,28,train,val
21529,18,1,1,29,train,val
21530,18,1,1,30,train,val
21531,18,1,1,31,train,val
21532,18,1,1,32,train,val
21533,18,1,1,33,train,val
21534,18,1,1,34,train,val
21535,18,1,1,35,train,val
21536,18,1,1,36,train,val
21537,18,1,1,37,train,val
21538,18,1,1,38,train,val
21539,18,1,1,39,train,val
21540,18,1,1,40,train,val
21541,18,1,1,41,train,val
21542,18,1,1,42,train,val
21543,18,1,1,43,train,val
21544,18,1,1,44,train,val
21545,18,1,1,45,train,val
21546,18,1,1,46,train,val
21547,18,1,1,47,train,val
21548,18,1,1,48,train,val
21549,18,1,1,49,train,val
21550,18,1,1,50,train,val
21551,18,1,2,1,train,val
21552,18,1,2,2,train,val
21553,18,1,2,3,train,val
21554,18,1,2,4,train,val
21555,18,1,2,5,train,val
21556,18,1,2,6,train,val
21557,18,1,2,7,train,val
21558,18,1,2,8,train,val
21559,18,1,2,9,train,val
21560,18,1,2,10,train,val
21561,18,1,2,11,train,val
21562,18,1,2,12,train,val
21563,18,1,2,13,train,val
21564,18,1,2,14,train,val
21565,18,1,2,15,train,val
21566,18,1,2,16,train,val
21567,18,1,2,17,train,val
21568,18,1,2,18,train,val
21569,18,1,2,19,train,val
21570,18,1,2,20,train,val
21571,18,1,2,21,train,val
21572,18,1,2,22,train,val
21573,18,1,2,23,train,val
21574,18,1,2,24,train,val
21575,18,1,2,25,train,val
21576,18,1,2,26,train,val
21577,18,1,2,27,train,val
21578,18,1,2,28,train,val
21579,18,1,2,29,train,val
21580,18,1,2,30,train,val
21581,18,1,2,31,train,val
21582,18,1,2,32,train,val
21583,18,1,2,33,train,val
21584,18,1,2,34,train,val
21585,18,1,2,35,train,val
21586,18,1,2,36,train,val
21587,18,1,2,37,train,val
21588,18,1,2,38,train,val
21589,18,1,2,39,train,val
21590,18,1,2,40,train,val
21591,18,1,2,41,train,val
21592,18,1,2,42,train,val
21593,18,1,2,43,train,val
21594,18,1,2,44,train,val
21595,18,1,2,45,train,val
21596,18,1,2,46,train,val
21597,18,1,2,47,train,val
21598,18,1,2,48,train,val
21599,18,1,2,49,train,val
21600,18,1,2,50,train,val
21601,18,1,3,1,train,val
21602,18,1,3,2,train,val
21603,18,1,3,3,train,val
21604,18,1,3,4,train,val
21605,18,1,3,5,train,val
21606,18,1,3,6,train,val
21607,18,1,3,7,train,val
21608,18,1,3,8,train,val
21609,18,1,3,9,train,val
21610,18,1,3,10,train,val
21611,18,1,3,11,train,val
21612,18,1,3,12,train,val
21613,18,1,3,13,train,val
21614,18,1,3,14,train,val
21615,18,1,3,15,train,val
21616,18,1,3,16,train,val
21617,18,1,3,17,train,val
21618,18,1,3,18,train,val
21619,18,1,3,19,train,val
21620,18,1,3,20,train,val
21621,18,1,3,21,train,val
21622,18,1,3,22,train,val
21623,18,1,3,23,train,val
21624,18,1,3,24,train,val
21625,18,1,3,25,train,val
21626,18,1,3,26,train,val
21627,18,1,3,27,train,val
21628,18,1,3,28,train,val
21629,18,1,3,29,train,val
21630,18,1,3,30,train,val
21631,18,1,3,31,train,val
21632,18,1,3,32,train,val
21633,18,1,3,33,train,val
21634,18,1,3,34,train,val
21635,18,1,3,35,train,val
21636,18,1,3,36,train,val
21637,18,1,3,37,train,val
21638,18,1,3,38,train,val
21639,18,1,3,39,train,val
21640,18,1,3,40,train,val
21641,18,1,3,41,train,val
21642,18,1,3,42,train,val
21643,18,1,3,43,train,val
21644,18,1,3,44,train,val
21645,18,1,3,45,train,val
21646,18,1,3,46,train,val
21647,18,1,3,47,train,val
21648,18,1,3,48,train,val
21649,18,1,3,49,train,val
21650,18,1,3,50,train,val
21651,18,1,4,1,val,val
21652,18,1,4,2,val,val
21653,18,1,4,3,val,val
21654,18,1,4,4,val,val
21655,18,1,4,5,val,val
21656,18,1,4,6,val,val
21657,18,1,4,7,val,val
21658,18,1,4,8,val,val
21659,18,1,4,9,val,val
21660,18,1,4,10,val,val
21661,18,1,4,11,val,val
21662,18,1,4,12,val,val
21663,18,1,4,13,val,val
21664,18,1,4,14,val,val
21665,18,1,4,15,val,val
21666,18,1,4,16,val,val
21667,18,1,4,17,val,val
21668,18,1,4,18,val,val
21669,18,1,4,19,val,val
21670,18,1,4,20,val,val
21671,18,1,4,21,val,val
21672,18,1,4,22,val,val
21673,18,1,4,23,val,val
21674,18,1,4,24,val,val
21675,18,1,4,25,val,val
21676,18,1,4,26,val,val
21677,18,1,4,27,val,val
21678,18,1,4,28,val,val
21679,18,1,4,29,val,val
21680,18,1,4,30,val,val
21681,18,1,4,31,val,val
21682,18,1,4,32,val,val
21683,18,1,4,33,val,val
21684,18,1,4,34,val,val
21685,18,1,4,35,val,val
21686,18,1,4,36,val,val
21687,18,1,4,37,val,val
21688,18,1,4,38,val,val
21689,18,1,4,39,val,val
21690,18,1,4,40,val,val
21691,18,1,4,41,val,val
21692,18,1,4,42,val,val
21693,18,1,4,43,val,val
21694,18,1,4,44,val,val
21695,18,1,4,45,val,val
21696,18,1,4,46,val,val
21697,18,1,4,47,val,val
21698,18,1,4,48,val,val
21699,18,1,4,49,val,val
21700,18,1,4,50,val,val
21701,18,1,5,1,test,val
21702,18,1,5,2,test,val
21703,18,1,5,3,test,val
21704,18,1,5,4,test,val
21705,18,1,5,5,test,val
21706,18,1,5,6,test,val
21707,18,1,5,7,test,val
21708,18,1,5,8,test,val
21709,18,1,5,9,test,val
21710,18,1,5,10,test,val
21711,18,1,5,11,test,val
21712,18,1,5,12,test,val
21713,18,1,5,13,test,val
21714,18,1,5,14,test,val
21715,18,1,5,15,test,val
21716,18,1,5,16,test,val
21717,18,1,5,17,test,val
21718,18,1,5,18,test,val
21719,18,1,5,19,test,val
21720,18,1,5,20,test,val
21721,18,1,5,21,test,val
21722,18,1,5,22,test,val
21723,18,1,5,23,test,val
21724,18,1,5,24,test,val
21725,18,1,5,25,test,val
21726,18,1,5,26,test,val
21727,18,1,5,27,test,val
21728,18,1,5,28,test,val
21729,18,1,5,29,test,val
21730,18,1,5,30,test,val
21731,18,1,5,31,test,val
21732,18,1,5,32,test,val
21733,18,1,5,33,test,val
21734,18,1,5,34,test,val
21735,18,1,5,35,test,val
21736,18,1,5,36,test,val
21737,18,1,5,37,test,val
21738,18,1,5,38,test,val
21739,18,1,5,39,test,val
21740,18,1,5,40,test,val
21741,18,1,5,41,test,val
21742,18,1,5,42,test,val
21743,18,1,5,43,test,val
21744,18,1,5,44,test,val
21745,18,1,5,45,test,val
21746,18,1,5,46,test,val
21747,18,1,5,47,test,val
21748,18,1,5,48,test,val
21749,18,1,5,49,test,val
21750,18,1,5,50,test,val
21751,18,2,1,1,train,val
21752,18,2,1,2,train,val
21753,18,2,1,3,train,val
21754,18,2,1,4,train,val
21755,18,2,1,5,train,val
21756,18,2,1,6,train,val
21757,18,2,1,7,train,val
21758,18,2,1,8,train,val
21759,18,2,1,9,train,val
21760,18,2,1,10,train,val
21761,18,2,1,11,train,val
21762,18,2,1,12,train,val
21763,18,2,1,13,train,val
21764,18,2,1,14,train,val
21765,18,2,1,15,train,val
21766,18,2,1,16,train,val
21767,18,2,1,17,train,val
21768,18,2,1,18,train,val
21769,18,2,1,19,train,val
21770,18,2,1,20,train,val
21771,18,2,1,21,train,val
21772,18,2,1,22,train,val
21773,18,2,1,23,train,val
21774,18,2,1,24,train,val
21775,18,2,1,25,train,val
21776,18,2,1,26,train,val
21777,18,2,1,27,train,val
21778,18,2,1,28,train,val
21779,18,2,1,29,train,val
21780,18,2,1,30,train,val
21781,18,2,1,31,train,val
21782,18,2,1,32,train,val
21783,18,2,1,33,train,val
21784,18,2,1,34,train,val
21785,18,2,1,35,train,val
21786,18,2,1,36,train,val
21787,18,2,1,37,train,val
21788,18,2,1,38,train,val
21789,18,2,1,39,train,val
21790,18,2,1,40,train,val
21791,18,2,1,41,train,val
21792,18,2,1,42,train,val
21793,18,2,1,43,train,val
21794,18,2,1,44,train,val
21795,18,2,1,45,train,val
21796,18,2,1,46,train,val
21797,18,2,1,47,train,val
21798,18,2,1,48,train,val
21799,18,2,1,49,train,val
21800,18,2,1,50,train,val
21801,18,2,2,1,train,val
21802,18,2,2,2,train,val
21803,18,2,2,3,train,val
21804,18,2,2,4,train,val
21805,18,2,2,5,train,val
21806,18,2,2,6,train,val
21807,18,2,2,7,train,val
21808,18,2,2,8,train,val
21809,18,2,2,9,train,val
21810,18,2,2,10,train,val
21811,18,2,2,11,train,val
21812,18,2,2,12,train,val
21813,18,2,2,13,train,val
21814,18,2,2,14,train,val
21815,18,2,2,15,train,val
21816,18,2,2,16,train,val
21817,18,2,2,17,train,val
21818,18,2,2,18,train,val
21819,18,2,2,19,train,val
21820,18,2,2,20,train,val
21821,18,2,2,21,train,val
21822,18,2,2,22,train,val
21823,18,2,2,23,train,val
21824,18,2,2,24,train,val
21825,18,2,2,25,train,val
21826,18,2,2,26,train,val
21827,18,2,2,27,train,val
21828,18,2,2,28,train,val
21829,18,2,2,29,train,val
21830,18,2,2,30,train,val
21831,18,2,2,31,train,val
21832,18,2,2,32,train,val
21833,18,2,2,33,train,val
21834,18,2,2,34,train,val
21835,18,2,2,35,train,val
21836,18,2,2,36,train,val
21837,18,2,2,37,train,val
21838,18,2,2,38,train,val
21839,18,2,2,39,train,val
21840,18,2,2,40,train,val
21841,18,2,2,41,train,val
21842,18,2,2,42,train,val
21843,18,2,2,43,train,val
21844,18,2,2,44,train,val
21845,18,2,2,45,train,val
21846,18,2,2,46,train,val
21847,18,2,2,47,train,val
21848,18,2,2,48,train,val
21849,18,2,2,49,train,val
21850,18,2,2,50,train,val
21851,18,2,3,1,train,val
21852,18,2,3,2,train,val
21853,18,2,3,3,train,val
21854,18,2,3,4,train,val
21855,18,2,3,5,train,val
21856,18,2,3,6,train,val
21857,18,2,3,7,train,val
21858,18,2,3,8,train,val
21859,18,2,3,9,train,val
21860,18,2,3,10,train,val
21861,18,2,3,11,train,val
21862,18,2,3,12,train,val
21863,18,2,3,13,train,val
21864,18,2,3,14,train,val
21865,18,2,3,15,train,val
21866,18,2,3,16,train,val
21867,18,2,3,17,train,val
21868,18,2,3,18,train,val
21869,18,2,3,19,train,val
21870,18,2,3,20,train,val
21871,18,2,3,21,train,val
21872,18,2,3,22,train,val
21873,18,2,3,23,train,val
21874,18,2,3,24,train,val
21875,18,2,3,25,train,val
21876,18,2,3,26,train,val
21877,18,2,3,27,train,val
21878,18,2,3,28,train,val
21879,18,2,3,29,train,val
21880,18,2,3,30,train,val
21881,18,2,3,31,train,val
21882,18,2,3,32,train,val
21883,18,2,3,33,train,val
21884,18,2,3,34,train,val
21885,18,2,3,35,train,val
21886,18,2,3,36,train,val
21887,18,2,3,37,train,val
21888,18,2,3,38,train,val
21889,18,2,3,39,train,val
21890,18,2,3,40,train,val
21891,18,2,3,41,train,val
21892,18,2,3,42,train,val
21893,18,2,3,43,train,val
21894,18,2,3,44,train,val
21895,18,2,3,45,train,val
21896,18,2,3,46,train,val
21897,18,2,3,47,train,val
21898,18,2,3,48,train,val
21899,18,2,3,49,train,val
21900,18,2,3,50,train,val
21901,18,2,4,1,val,val
21902,18,2,4,2,val,val
21903,18,2,4,3,val,val
21904,18,2,4,4,val,val
21905,18,2,4,5,val,val
21906,18,2,4,6,val,val
21907,18,2,4,7,val,val
21908,18,2,4,8,val,val
21909,18,2,4,9,val,val
21910,18,2,4,10,val,val
21911,18,2,4,11,val,val
21912,18,2,4,12,val,val
21913,18,2,4,13,val,val
21914,18,2,4,14,val,val
21915,18,2,4,15,val,val
21916,18,2,4,16,val,val
21917,18,2,4,17,val,val
21918,18,2,4,18,val,val
21919,18,2,4,19,val,val
21920,18,2,4,20,val,val
21921,18,2,4,21,val,val
21922,18,2,4,22,val,val
21923,18,2,4,23,val,val
21924,18,2,4,24,val,val
21925,18,2,4,25,val,val
21926,18,2,4,26,val,val
21927,18,2,4,27,val,val
21928,18,2,4,28,val,val
21929,18,2,4,29,val,val
21930,18,2,4,30,val,val
21931,18,2,4,31,val,val
21932,18,2,4,32,val,val
21933,18,2,4,33,val,val
21934,18,2,4,34,val,val
21935,18,2,4,35,val,val
21936,18,2,4,36,val,val
21937,18,2,4,37,val,val
21938,18,2,4,38,val,val
21939,18,2,4,39,val,val
21940,18,2,4,40,val,val
21941,18,2,4,41,val,val
21942,18,2,4,42,val,val
21943,18,2,4,43,val,val
21944,18,2,4,44,val,val
21945,18,2,4,45,val,val
21946,18,2,4,46,val,val
21947,18,2,4,47,val,val
21948,18,2,4,48,val,val
21949,18,2,4,49,val,val
21950,18,2,4,50,val,val
21951,18,2,5,1,test,val
21952,18,2,5,2,test,val
21953,18,2,5,3,test,val
21954,18,2,5,4,test,val
21955,18,2,5,5,test,val
21956,18,2,5,6,test,val
21957,18,2,5,7,test,val
21958,18,2,5,8,test,val
21959,18,2,5,9,test,val
21960,18,2,5,10,test,val
21961,18,2,5,11,test,val
21962,18,2,5,12,test,val
21963,18,2,5,13,test,val
21964,18,2,5,14,test,val
21965,18,2,5,15,test,val
21966,18,2,5,16,test,val
21967,18,2,5,17,test,val
21968,18,2,5,18,test,val
21969,18,2,5,19,test,val
21970,18,2,5,20,test,val
21971,18,2,5,21,test,val
21972,18,2,5,22,test,val
21973,18,2,5,23,test,val
21974,18,2,5,24,test,val
21975,18,2,5,25,test,val
21976,18,2,5,26,test,val
21977,18,2,5,27,test,val
21978,18,2,5,28,test,val
21979,18,2,5,29,test,val
21980,18,2,5,30,test,val
21981,18,2,5,31,test,val
21982,18,2,5,32,test,val
21983,18,2,5,33,test,val
21984,18,2,5,34,test,val
21985,18,2,5,35,test,val
21986,18,2,5,36,test,val
21987,18,2,5,37,test,val
21988,18,2,5,38,test,val
21989,18,2,5,39,test,val
21990,18,2,5,40,test,val
21991,18,2,5,41,test,val
21992,18,2,5,42,test,val
21993,18,2,5,43,test,val
21994,18,2,5,44,test,val
21995,18,2,5,45,test,val
21996,18,2,5,46,test,val
21997,18,2,5,47,test,val
21998,18,2,5,48,test,val
21999,18,2,5,49,test,val
22000,18,2,5,50,test,val
22001,18,3,1,1,train,val
22002,18,3,1,2,train,val
22003,18,3,1,3,train,val
22004,18,3,1,4,train,val
22005,18,3,1,5,train,val
22006,18,3,1,6,train,val
22007,18,3,1,7,train,val
22008,18,3,1,8,train,val
22009,18,3,1,9,train,val
22010,18,3,1,10,train,val
22011,18,3,1,11,train,val
22012,18,3,1,12,train,val
22013,18,3,1,13,train,val
22014,18,3,1,14,train,val
22015,18,3,1,15,train,val
22016,18,3,1,16,train,val
22017,18,3,1,17,train,val
22018,18,3,1,18,train,val
22019,18,3,1,19,train,val
22020,18,3,1,20,train,val
22021,18,3,1,21,train,val
22022,18,3,1,22,train,val
22023,18,3,1,23,train,val
22024,18,3,1,24,train,val
22025,18,3,1,25,train,val
22026,18,3,1,26,train,val
22027,18,3,1,27,train,val
22028,18,3,1,28,train,val
22029,18,3,1,29,train,val
22030,18,3,1,30,train,val
22031,18,3,1,31,train,val
22032,18,3,1,32,train,val
22033,18,3,1,33,train,val
22034,18,3,1,34,train,val
22035,18,3,1,35,train,val
22036,18,3,1,36,train,val
22037,18,3,1,37,train,val
22038,18,3,1,38,train,val
22039,18,3,1,39,train,val
22040,18,3,1,40,train,val
22041,18,3,1,41,train,val
22042,18,3,1,42,train,val
22043,18,3,1,43,train,val
22044,18,3,1,44,train,val
22045,18,3,1,45,train,val
22046,18,3,1,46,train,val
22047,18,3,1,47,train,val
22048,18,3,1,48,train,val
22049,18,3,1,49,train,val
22050,18,3,1,50,train,val
22051,18,3,2,1,train,val
22052,18,3,2,2,train,val
22053,18,3,2,3,train,val
22054,18,3,2,4,train,val
22055,18,3,2,5,train,val
22056,18,3,2,6,train,val
22057,18,3,2,7,train,val
22058,18,3,2,8,train,val
22059,18,3,2,9,train,val
22060,18,3,2,10,train,val
22061,18,3,2,11,train,val
22062,18,3,2,12,train,val
22063,18,3,2,13,train,val
22064,18,3,2,14,train,val
22065,18,3,2,15,train,val
22066,18,3,2,16,train,val
22067,18,3,2,17,train,val
22068,18,3,2,18,train,val
22069,18,3,2,19,train,val
22070,18,3,2,20,train,val
22071,18,3,2,21,train,val
22072,18,3,2,22,train,val
22073,18,3,2,23,train,val
22074,18,3,2,24,train,val
22075,18,3,2,25,train,val
22076,18,3,2,26,train,val
22077,18,3,2,27,train,val
22078,18,3,2,28,train,val
22079,18,3,2,29,train,val
22080,18,3,2,30,train,val
22081,18,3,2,31,train,val
22082,18,3,2,32,train,val
22083,18,3,2,33,train,val
22084,18,3,2,34,train,val
22085,18,3,2,35,train,val
22086,18,3,2,36,train,val
22087,18,3,2,37,train,val
22088,18,3,2,38,train,val
22089,18,3,2,39,train,val
22090,18,3,2,40,train,val
22091,18,3,2,41,train,val
22092,18,3,2,42,train,val
22093,18,3,2,43,train,val
22094,18,3,2,44,train,val
22095,18,3,2,45,train,val
22096,18,3,2,46,train,val
22097,18,3,2,47,train,val
22098,18,3,2,48,train,val
22099,18,3,2,49,train,val
22100,18,3,2,50,train,val
22101,18,3,3,1,train,val
22102,18,3,3,2,train,val
22103,18,3,3,3,train,val
22104,18,3,3,4,train,val
22105,18,3,3,5,train,val
22106,18,3,3,6,train,val
22107,18,3,3,7,train,val
22108,18,3,3,8,train,val
22109,18,3,3,9,train,val
22110,18,3,3,10,train,val
22111,18,3,3,11,train,val
22112,18,3,3,12,train,val
22113,18,3,3,13,train,val
22114,18,3,3,14,train,val
22115,18,3,3,15,train,val
22116,18,3,3,16,train,val
22117,18,3,3,17,train,val
22118,18,3,3,18,train,val
22119,18,3,3,19,train,val
22120,18,3,3,20,train,val
22121,18,3,3,21,train,val
22122,18,3,3,22,train,val
22123,18,3,3,23,train,val
22124,18,3,3,24,train,val
22125,18,3,3,25,train,val
22126,18,3,3,26,train,val
22127,18,3,3,27,train,val
22128,18,3,3,28,train,val
22129,18,3,3,29,train,val
22130,18,3,3,30,train,val
22131,18,3,3,31,train,val
22132,18,3,3,32,train,val
22133,18,3,3,33,train,val
22134,18,3,3,34,train,val
22135,18,3,3,35,train,val
22136,18,3,3,36,train,val
22137,18,3,3,37,train,val
22138,18,3,3,38,train,val
22139,18,3,3,39,train,val
22140,18,3,3,40,train,val
22141,18,3,3,41,train,val
22142,18,3,3,42,train,val
22143,18,3,3,43,train,val
22144,18,3,3,44,train,val
22145,18,3,3,45,train,val
22146,18,3,3,46,train,val
22147,18,3,3,47,train,val
22148,18,3,3,48,train,val
22149,18,3,3,49,train,val
22150,18,3,3,50,train,val
22151,18,3,4,1,val,val
22152,18,3,4,2,val,val
22153,18,3,4,3,val,val
22154,18,3,4,4,val,val
22155,18,3,4,5,val,val
22156,18,3,4,6,val,val
22157,18,3,4,7,val,val
22158,18,3,4,8,val,val
22159,18,3,4,9,val,val
22160,18,3,4,10,val,val
22161,18,3,4,11,val,val
22162,18,3,4,12,val,val
22163,18,3,4,13,val,val
22164,18,3,4,14,val,val
22165,18,3,4,15,val,val
22166,18,3,4,16,val,val
22167,18,3,4,17,val,val
22168,18,3,4,18,val,val
22169,18,3,4,19,val,val
22170,18,3,4,20,val,val
22171,18,3,4,21,val,val
22172,18,3,4,22,val,val
22173,18,3,4,23,val,val
22174,18,3,4,24,val,val
22175,18,3,4,25,val,val
22176,18,3,4,26,val,val
22177,18,3,4,27,val,val
22178,18,3,4,28,val,val
22179,18,3,4,29,val,val
22180,18,3,4,30,val,val
22181,18,3,4,31,val,val
22182,18,3,4,32,val,val
22183,18,3,4,33,val,val
22184,18,3,4,34,val,val
22185,18,3,4,35,val,val
22186,18,3,4,36,val,val
22187,18,3,4,37,val,val
22188,18,3,4,38,val,val
22189,18,3,4,39,val,val
22190,18,3,4,40,val,val
22191,18,3,4,41,val,val
22192,18,3,4,42,val,val
22193,18,3,4,43,val,val
22194,18,3,4,44,val,val
22195,18,3,4,45,val,val
22196,18,3,4,46,val,val
22197,18,3,4,47,val,val
22198,18,3,4,48,val,val
22199,18,3,4,49,val,val
22200,18,3,4,50,val,val
22201,18,3,5,1,test,val
22202,18,3,5,2,test,val
22203,18,3,5,3,test,val
22204,18,3,5,4,test,val
22205,18,3,5,5,test,val
22206,18,3,5,6,test,val
22207,18,3,5,7,test,val
22208,18,3,5,8,test,val
22209,18,3,5,9,test,val
22210,18,3,5,10,test,val
22211,18,3,5,11,test,val
22212,18,3,5,12,test,val
22213,18,3,5,13,test,val
22214,18,3,5,14,test,val
22215,18,3,5,15,test,val
22216,18,3,5,16,test,val
22217,18,3,5,17,test,val
22218,18,3,5,18,test,val
22219,18,3,5,19,test,val
22220,18,3,5,20,test,val
22221,18,3,5,21,test,val
22222,18,3,5,22,test,val
22223,18,3,5,23,test,val
22224,18,3,5,24,test,val
22225,18,3,5,25,test,val
22226,18,3,5,26,test,val
22227,18,3,5,27,test,val
22228,18,3,5,28,test,val
22229,18,3,5,29,test,val
22230,18,3,5,30,test,val
22231,18,3,5,31,test,val
22232,18,3,5,32,test,val
22233,18,3,5,33,test,val
22234,18,3,5,34,test,val
22235,18,3,5,35,test,val
22236,18,3,5,36,test,val
22237,18,3,5,37,test,val
22238,18,3,5,38,test,val
22239,18,3,5,39,test,val
22240,18,3,5,40,test,val
22241,18,3,5,41,test,val
22242,18,3,5,42,test,val
22243,18,3,5,43,test,val
22244,18,3,5,44,test,val
22245,18,3,5,45,test,val
22246,18,3,5,46,test,val
22247,18,3,5,47,test,val
22248,18,3,5,48,test,val
22249,18,3,5,49,test,val
22250,18,3,5,50,test,val
22251,18,4,1,1,train,val
22252,18,4,1,2,train,val
22253,18,4,1,3,train,val
22254,18,4,1,4,train,val
22255,18,4,1,5,train,val
22256,18,4,1,6,train,val
22257,18,4,1,7,train,val
22258,18,4,1,8,train,val
22259,18,4,1,9,train,val
22260,18,4,1,10,train,val
22261,18,4,1,11,train,val
22262,18,4,1,12,train,val
22263,18,4,1,13,train,val
22264,18,4,1,14,train,val
22265,18,4,1,15,train,val
22266,18,4,1,16,train,val
22267,18,4,1,17,train,val
22268,18,4,1,18,train,val
22269,18,4,1,19,train,val
22270,18,4,1,20,train,val
22271,18,4,1,21,train,val
22272,18,4,1,22,train,val
22273,18,4,1,23,train,val
22274,18,4,1,24,train,val
22275,18,4,1,25,train,val
22276,18,4,1,26,train,val
22277,18,4,1,27,train,val
22278,18,4,1,28,train,val
22279,18,4,1,29,train,val
22280,18,4,1,30,train,val
22281,18,4,1,31,train,val
22282,18,4,1,32,train,val
22283,18,4,1,33,train,val
22284,18,4,1,34,train,val
22285,18,4,1,35,train,val
22286,18,4,1,36,train,val
22287,18,4,1,37,train,val
22288,18,4,1,38,train,val
22289,18,4,1,39,train,val
22290,18,4,1,40,train,val
22291,18,4,1,41,train,val
22292,18,4,1,42,train,val
22293,18,4,1,43,train,val
22294,18,4,1,44,train,val
22295,18,4,1,45,train,val
22296,18,4,1,46,train,val
22297,18,4,1,47,train,val
22298,18,4,1,48,train,val
22299,18,4,1,49,train,val
22300,18,4,1,50,train,val
22301,18,4,2,1,train,val
22302,18,4,2,2,train,val
22303,18,4,2,3,train,val
22304,18,4,2,4,train,val
22305,18,4,2,5,train,val
22306,18,4,2,6,train,val
22307,18,4,2,7,train,val
22308,18,4,2,8,train,val
22309,18,4,2,9,train,val
22310,18,4,2,10,train,val
22311,18,4,2,11,train,val
22312,18,4,2,12,train,val
22313,18,4,2,13,train,val
22314,18,4,2,14,train,val
22315,18,4,2,15,train,val
22316,18,4,2,16,train,val
22317,18,4,2,17,train,val
22318,18,4,2,18,train,val
22319,18,4,2,19,train,val
22320,18,4,2,20,train,val
22321,18,4,2,21,train,val
22322,18,4,2,22,train,val
22323,18,4,2,23,train,val
22324,18,4,2,24,train,val
22325,18,4,2,25,train,val
22326,18,4,2,26,train,val
22327,18,4,2,27,train,val
22328,18,4,2,28,train,val
22329,18,4,2,29,train,val
22330,18,4,2,30,train,val
22331,18,4,2,31,train,val
22332,18,4,2,32,train,val
22333,18,4,2,33,train,val
22334,18,4,2,34,train,val
22335,18,4,2,35,train,val
22336,18,4,2,36,train,val
22337,18,4,2,37,train,val
22338,18,4,2,38,train,val
22339,18,4,2,39,train,val
22340,18,4,2,40,train,val
22341,18,4,2,41,train,val
22342,18,4,2,42,train,val
22343,18,4,2,43,train,val
22344,18,4,2,44,train,val
22345,18,4,2,45,train,val
22346,18,4,2,46,train,val
22347,18,4,2,47,train,val
22348,18,4,2,48,train,val
22349,18,4,2,49,train,val
22350,18,4,2,50,train,val
22351,18,4,3,1,train,val
22352,18,4,3,2,train,val
22353,18,4,3,3,train,val
22354,18,4,3,4,train,val
22355,18,4,3,5,train,val
22356,18,4,3,6,train,val
22357,18,4,3,7,train,val
22358,18,4,3,8,train,val
22359,18,4,3,9,train,val
22360,18,4,3,10,train,val
22361,18,4,3,11,train,val
22362,18,4,3,12,train,val
22363,18,4,3,13,train,val
22364,18,4,3,14,train,val
22365,18,4,3,15,train,val
22366,18,4,3,16,train,val
22367,18,4,3,17,train,val
22368,18,4,3,18,train,val
22369,18,4,3,19,train,val
22370,18,4,3,20,train,val
22371,18,4,3,21,train,val
22372,18,4,3,22,train,val
22373,18,4,3,23,train,val
22374,18,4,3,24,train,val
22375,18,4,3,25,train,val
22376,18,4,3,26,train,val
22377,18,4,3,27,train,val
22378,18,4,3,28,train,val
22379,18,4,3,29,train,val
22380,18,4,3,30,train,val
22381,18,4,3,31,train,val
22382,18,4,3,32,train,val
22383,18,4,3,33,train,val
22384,18,4,3,34,train,val
22385,18,4,3,35,train,val
22386,18,4,3,36,train,val
22387,18,4,3,37,train,val
22388,18,4,3,38,train,val
22389,18,4,3,39,train,val
22390,18,4,3,40,train,val
22391,18,4,3,41,train,val
22392,18,4,3,42,train,val
22393,18,4,3,43,train,val
22394,18,4,3,44,train,val
22395,18,4,3,45,train,val
22396,18,4,3,46,train,val
22397,18,4,3,47,train,val
22398,18,4,3,48,train,val
22399,18,4,3,49,train,val
22400,18,4,3,50,train,val
22401,18,4,4,1,val,val
22402,18,4,4,2,val,val
22403,18,4,4,3,val,val
22404,18,4,4,4,val,val
22405,18,4,4,5,val,val
22406,18,4,4,6,val,val
22407,18,4,4,7,val,val
22408,18,4,4,8,val,val
22409,18,4,4,9,val,val
22410,18,4,4,10,val,val
22411,18,4,4,11,val,val
22412,18,4,4,12,val,val
22413,18,4,4,13,val,val
22414,18,4,4,14,val,val
22415,18,4,4,15,val,val
22416,18,4,4,16,val,val
22417,18,4,4,17,val,val
22418,18,4,4,18,val,val
22419,18,4,4,19,val,val
22420,18,4,4,20,val,val
22421,18,4,4,21,val,val
22422,18,4,4,22,val,val
22423,18,4,4,23,val,val
22424,18,4,4,24,val,val
22425,18,4,4,25,val,val
22426,18,4,4,26,val,val
22427,18,4,4,27,val,val
22428,18,4,4,28,val,val
22429,18,4,4,29,val,val
22430,18,4,4,30,val,val
22431,18,4,4,31,val,val
22432,18,4,4,32,val,val
22433,18,4,4,33,val,val
22434,18,4,4,34,val,val
22435,18,4,4,35,val,val
22436,18,4,4,36,val,val
22437,18,4,4,37,val,val
22438,18,4,4,38,val,val
22439,18,4,4,39,val,val
22440,18,4,4,40,val,val
22441,18,4,4,41,val,val
22442,18,4,4,42,val,val
22443,18,4,4,43,val,val
22444,18,4,4,44,val,val
22445,18,4,4,45,val,val
22446,18,4,4,46,val,val
22447,18,4,4,47,val,val
22448,18,4,4,48,val,val
22449,18,4,4,49,val,val
22450,18,4,4,50,val,val
22451,18,4,5,1,test,val
22452,18,4,5,2,test,val
22453,18,4,5,3,test,val
22454,18,4,5,4,test,val
22455,18,4,5,5,test,val
22456,18,4,5,6,test,val
22457,18,4,5,7,test,val
22458,18,4,5,8,test,val
22459,18,4,5,9,test,val
22460,18,4,5,10,test,val
22461,18,4,5,11,test,val
22462,18,4,5,12,test,val
22463,18,4,5,13,test,val
22464,18,4,5,14,test,val
22465,18,4,5,15,test,val
22466,18,4,5,16,test,val
22467,18,4,5,17,test,val
22468,18,4,5,18,test,val
22469,18,4,5,19,test,val
22470,18,4,5,20,test,val
22471,18,4,5,21,test,val
22472,18,4,5,22,test,val
22473,18,4,5,23,test,val
22474,18,4,5,24,test,val
22475,18,4,5,25,test,val
22476,18,4,5,26,test,val
22477,18,4,5,27,test,val
22478,18,4,5,28,test,val
22479,18,4,5,29,test,val
22480,18,4,5,30,test,val
22481,18,4,5,31,test,val
22482,18,4,5,32,test,val
22483,18,4,5,33,test,val
22484,18,4,5,34,test,val
22485,18,4,5,35,test,val
22486,18,4,5,36,test,val
22487,18,4,5,37,test,val
22488,18,4,5,38,test,val
22489,18,4,5,39,test,val
22490,18,4,5,40,test,val
22491,18,4,5,41,test,val
22492,18,4,5,42,test,val
22493,18,4,5,43,test,val
22494,18,4,5,44,test,val
22495,18,4,5,45,test,val
22496,18,4,5,46,test,val
22497,18,4,5,47,test,val
22498,18,4,5,48,test,val
22499,18,4,5,49,test,val
22500,18,4,5,50,test,val
22501,19,0,1,1,train,test
22502,19,0,1,2,train,test
22503,19,0,1,3,train,test
22504,19,0,1,4,train,test
22505,19,0,1,5,train,test
22506,19,0,1,6,train,test
22507,19,0,1,7,train,test
22508,19,0,1,8,train,test
22509,19,0,1,9,train,test
22510,19,0,1,10,train,test
22511,19,0,1,11,train,test
22512,19,0,1,12,train,test
22513,19,0,1,13,train,test
22514,19,0,1,14,train,test
22515,19,0,1,15,train,test
22516,19,0,1,16,train,test
22517,19,0,1,17,train,test
22518,19,0,1,18,train,test
22519,19,0,1,19,train,test
22520,19,0,1,20,train,test
22521,19,0,1,21,train,test
22522,19,0,1,22,train,test
22523,19,0,1,23,train,test
22524,19,0,1,24,train,test
22525,19,0,1,25,train,test
22526,19,0,1,26,train,test
22527,19,0,1,27,train,test
22528,19,0,1,28,train,test
22529,19,0,1,29,train,test
22530,19,0,1,30,train,test
22531,19,0,1,31,train,test
22532,19,0,1,32,train,test
22533,19,0,1,33,train,test
22534,19,0,1,34,train,test
22535,19,0,1,35,train,test
22536,19,0,1,36,train,test
22537,19,0,1,37,train,test
22538,19,0,1,38,train,test
22539,19,0,1,39,train,test
22540,19,0,1,40,train,test
22541,19,0,1,41,train,test
22542,19,0,1,42,train,test
22543,19,0,1,43,train,test
22544,19,0,1,44,train,test
22545,19,0,1,45,train,test
22546,19,0,1,46,train,test
22547,19,0,1,47,train,test
22548,19,0,1,48,train,test
22549,19,0,1,49,train,test
22550,19,0,1,50,train,test
22551,19,0,2,1,train,test
22552,19,0,2,2,train,test
22553,19,0,2,3,train,test
22554,19,0,2,4,train,test
22555,19,0,2,5,train,test
22556,19,0,2,6,train,test
22557,19,0,2,7,train,test
22558,19,0,2,8,train,test
22559,19,0,2,9,train,test
22560,19,0,2,10,train,test
22561,19,0,2,11,train,test
22562,19,0,2,12,train,test
22563,19,0,2,13,train,test
22564,19,0,2,14,train,test
22565,19,0,2,15,train,test
22566,19,0,2,16,train,test
22567,19,0,2,17,train,test
22568,19,0,2,18,train,test
22569,19,0,2,19,train,test
22570,19,0,2,20,train,test
22571,19,0,2,21,train,test
22572,19,0,2,22,train,test
22573,19,0,2,23,train,test
22574,19,0,2,24,train,test
22575,19,0,2,25,train,test
22576,19,0,2,26,train,test
22577,19,0,2,27,train,test
22578,19,0,2,28,train,test
22579,19,0,2,29,train,test
22580,19,0,2,30,train,test
22581,19,0,2,31,train,test
22582,19,0,2,32,train,test
22583,19,0,2,33,train,test
22584,19,0,2,34,train,test
22585,19,0,2,35,train,test
22586,19,0,2,36,train,test
22587,19,0,2,37,train,test
22588,19,0,2,38,train,test
22589,19,0,2,39,train,test
22590,19,0,2,40,train,test
22591,19,0,2,41,train,test
22592,19,0,2,42,train,test
22593,19,0,2,43,train,test
22594,19,0,2,44,train,test
22595,19,0,2,45,train,test
22596,19,0,2,46,train,test
22597,19,0,2,47,train,test
22598,19,0,2,48,train,test
22599,19,0,2,49,train,test
22600,19,0,2,50,train,test
22601,19,0,3,1,train,test
22602,19,0,3,2,train,test
22603,19,0,3,3,train,test
22604,19,0,3,4,train,test
22605,19,0,3,5,train,test
22606,19,0,3,6,train,test
22607,19,0,3,7,train,test
22608,19,0,3,8,train,test
22609,19,0,3,9,train,test
22610,19,0,3,10,train,test
22611,19,0,3,11,train,test
22612,19,0,3,12,train,test
22613,19,0,3,13,train,test
22614,19,0,3,14,train,test
22615,19,0,3,15,train,test
22616,19,0,3,16,train,test
22617,19,0,3,17,train,test
22618,19,0,3,18,train,test
22619,19,0,3,19,train,test
22620,19,0,3,20,train,test
22621,19,0,3,21,train,test
22622,19,0,3,22,train,test
22623,19,0,3,23,train,test
22624,19,0,3,24,train,test
22625,19,0,3,25,train,test
22626,19,0,3,26,train,test
22627,19,0,3,27,train,test
22628,19,0,3,28,train,test
22629,19,0,3,29,train,test
22630,19,0,3,30,train,test
22631,19,0,3,31,train,test
22632,19,0,3,32,train,test
22633,19,0,3,33,train,test
22634,19,0,3,34,train,test
22635,19,0,3,35,train,test
22636,19,0,3,36,train,test
22637,19,0,3,37,train,test
22638,19,0,3,38,train,test
22639,19,0,3,39,train,test
22640,19,0,3,40,train,test
22641,19,0,3,41,train,test
22642,19,0,3,42,train,test
22643,19,0,3,43,train,test
22644,19,0,3,44,train,test
22645,19,0,3,45,train,test
22646,19,0,3,46,train,test
22647,19,0,3,47,train,test
22648,19,0,3,48,train,test
22649,19,0,3,49,train,test
22650,19,0,3,50,train,test
22651,19,0,4,1,val,test
22652,19,0,4,2,val,test
22653,19,0,4,3,val,test
22654,19,0,4,4,val,test
22655,19,0,4,5,val,test
22656,19,0,4,6,val,test
22657,19,0,4,7,val,test
22658,19,0,4,8,val,test
22659,19,0,4,9,val,test
22660,19,0,4,10,val,test
22661,19,0,4,11,val,test
22662,19,0,4,12,val,test
22663,19,0,4,13,val,test
22664,19,0,4,14,val,test
22665,19,0,4,15,val,test
22666,19,0,4,16,val,test
22667,19,0,4,17,val,test
22668,19,0,4,18,val,test
22669,19,0,4,19,val,test
22670,19,0,4,20,val,test
22671,19,0,4,21,val,test
22672,19,0,4,22,val,test
22673,19,0,4,23,val,test
22674,19,0,4,24,val,test
22675,19,0,4,25,val,test
22676,19,0,4,26,val,test
22677,19,0,4,27,val,test
22678,19,0,4,28,val,test
22679,19,0,4,29,val,test
22680,19,0,4,30,val,test
22681,19,0,4,31,val,test
22682,19,0,4,32,val,test
22683,19,0,4,33,val,test
22684,19,0,4,34,val,test
22685,19,0,4,35,val,test
22686,19,0,4,36,val,test
22687,19,0,4,37,val,test
22688,19,0,4,38,val,test
22689,19,0,4,39,val,test
22690,19,0,4,40,val,test
22691,19,0,4,41,val,test
22692,19,0,4,42,val,test
22693,19,0,4,43,val,test
22694,19,0,4,44,val,test
22695,19,0,4,45,val,test
22696,19,0,4,46,val,test
22697,19,0,4,47,val,test
22698,19,0,4,48,val,test
22699,19,0,4,49,val,test
22700,19,0,4,50,val,test
22701,19,0,5,1,test,test
22702,19,0,5,2,test,test
22703,19,0,5,3,test,test
22704,19,0,5,4,test,test
22705,19,0,5,5,test,test
22706,19,0,5,6,test,test
22707,19,0,5,7,test,test
22708,19,0,5,8,test,test
22709,19,0,5,9,test,test
22710,19,0,5,10,test,test
22711,19,0,5,11,test,test
22712,19,0,5,12,test,test
22713,19,0,5,13,test,test
22714,19,0,5,14,test,test
22715,19,0,5,15,test,test
22716,19,0,5,16,test,test
22717,19,0,5,17,test,test
22718,19,0,5,18,test,test
22719,19,0,5,19,test,test
22720,19,0,5,20,test,test
22721,19,0,5,21,test,test
22722,19,0,5,22,test,test
22723,19,0,5,23,test,test
22724,19,0,5,24,test,test
22725,19,0,5,25,test,test
22726,19,0,5,26,test,test
22727,19,0,5,27,test,test
22728,19,0,5,28,test,test
22729,19,0,5,29,test,test
22730,19,0,5,30,test,test
22731,19,0,5,31,test,test
22732,19,0,5,32,test,test
22733,19,0,5,33,test,test
22734,19,0,5,34,test,test
22735,19,0,5,35,test,test
22736,19,0,5,36,test,test
22737,19,0,5,37,test,test
22738,19,0,5,38,test,test
22739,19,0,5,39,test,test
22740,19,0,5,40,test,test
22741,19,0,5,41,test,test
22742,19,0,5,42,test,test
22743,19,0,5,43,test,test
22744,19,0,5,44,test,test
22745,19,0,5,45,test,test
22746,19,0,5,46,test,test
22747,19,0,5,47,test,test
22748,19,0,5,48,test,test
22749,19,0,5,49,test,test
22750,19,0,5,50,test,test
22751,19,1,1,1,train,test
22752,19,1,1,2,train,test
22753,19,1,1,3,train,test
22754,19,1,1,4,train,test
22755,19,1,1,5,train,test
22756,19,1,1,6,train,test
22757,19,1,1,7,train,test
22758,19,1,1,8,train,test
22759,19,1,1,9,train,test
22760,19,1,1,10,train,test
22761,19,1,1,11,train,test
22762,19,1,1,12,train,test
22763,19,1,1,13,train,test
22764,19,1,1,14,train,test
22765,19,1,1,15,train,test
22766,19,1,1,16,train,test
22767,19,1,1,17,train,test
22768,19,1,1,18,train,test
22769,19,1,1,19,train,test
22770,19,1,1,20,train,test
22771,19,1,1,21,train,test
22772,19,1,1,22,train,test
22773,19,1,1,23,train,test
22774,19,1,1,24,train,test
22775,19,1,1,25,train,test
22776,19,1,1,26,train,test
22777,19,1,1,27,train,test
22778,19,1,1,28,train,test
22779,19,1,1,29,train,test
22780,19,1,1,30,train,test
22781,19,1,1,31,train,test
22782,19,1,1,32,train,test
22783,19,1,1,33,train,test
22784,19,1,1,34,train,test
22785,19,1,1,35,train,test
22786,19,1,1,36,train,test
22787,19,1,1,37,train,test
22788,19,1,1,38,train,test
22789,19,1,1,39,train,test
22790,19,1,1,40,train,test
22791,19,1,1,41,train,test
22792,19,1,1,42,train,test
22793,19,1,1,43,train,test
22794,19,1,1,44,train,test
22795,19,1,1,45,train,test
22796,19,1,1,46,train,test
22797,19,1,1,47,train,test
22798,19,1,1,48,train,test
22799,19,1,1,49,train,test
22800,19,1,1,50,train,test
22801,19,1,2,1,train,test
22802,19,1,2,2,train,test
22803,19,1,2,3,train,test
22804,19,1,2,4,train,test
22805,19,1,2,5,train,test
22806,19,1,2,6,train,test
22807,19,1,2,7,train,test
22808,19,1,2,8,train,test
22809,19,1,2,9,train,test
22810,19,1,2,10,train,test
22811,19,1,2,11,train,test
22812,19,1,2,12,train,test
22813,19,1,2,13,train,test
22814,19,1,2,14,train,test
22815,19,1,2,15,train,test
22816,19,1,2,16,train,test
22817,19,1,2,17,train,test
22818,19,1,2,18,train,test
22819,19,1,2,19,train,test
22820,19,1,2,20,train,test
22821,19,1,2,21,train,test
22822,19,1,2,22,train,test
22823,19,1,2,23,train,test
22824,19,1,2,24,train,test
22825,19,1,2,25,train,test
22826,19,1,2,26,train,test
22827,19,1,2,27,train,test
22828,19,1,2,28,train,test
22829,19,1,2,29,train,test
22830,19,1,2,30,train,test
22831,19,1,2,31,train,test
22832,19,1,2,32,train,test
22833,19,1,2,33,train,test
22834,19,1,2,34,train,test
22835,19,1,2,35,train,test
22836,19,1,2,36,train,test
22837,19,1,2,37,train,test
22838,19,1,2,38,train,test
22839,19,1,2,39,train,test
22840,19,1,2,40,train,test
22841,19,1,2,41,train,test
22842,19,1,2,42,train,test
22843,19,1,2,43,train,test
22844,19,1,2,44,train,test
22845,19,1,2,45,train,test
22846,19,1,2,46,train,test
22847,19,1,2,47,train,test
22848,19,1,2,48,train,test
22849,19,1,2,49,train,test
22850,19,1,2,50,train,test
22851,19,1,3,1,train,test
22852,19,1,3,2,train,test
22853,19,1,3,3,train,test
22854,19,1,3,4,train,test
22855,19,1,3,5,train,test
22856,19,1,3,6,train,test
22857,19,1,3,7,train,test
22858,19,1,3,8,train,test
22859,19,1,3,9,train,test
22860,19,1,3,10,train,test
22861,19,1,3,11,train,test
22862,19,1,3,12,train,test
22863,19,1,3,13,train,test
22864,19,1,3,14,train,test
22865,19,1,3,15,train,test
22866,19,1,3,16,train,test
22867,19,1,3,17,train,test
22868,19,1,3,18,train,test
22869,19,1,3,19,train,test
22870,19,1,3,20,train,test
22871,19,1,3,21,train,test
22872,19,1,3,22,train,test
22873,19,1,3,23,train,test
22874,19,1,3,24,train,test
22875,19,1,3,25,train,test
22876,19,1,3,26,train,test
22877,19,1,3,27,train,test
22878,19,1,3,28,train,test
22879,19,1,3,29,train,test
22880,19,1,3,30,train,test
22881,19,1,3,31,train,test
22882,19,1,3,32,train,test
22883,19,1,3,33,train,test
22884,19,1,3,34,train,test
22885,19,1,3,35,train,test
22886,19,1,3,36,train,test
22887,19,1,3,37,train,test
22888,19,1,3,38,train,test
22889,19,1,3,39,train,test
22890,19,1,3,40,train,test
22891,19,1,3,41,train,test
22892,19,1,3,42,train,test
22893,19,1,3,43,train,test
22894,19,1,3,44,train,test
22895,19,1,3,45,train,test
22896,19,1,3,46,train,test
22897,19,1,3,47,train,test
22898,19,1,3,48,train,test
22899,19,1,3,49,train,test
22900,19,1,3,50,train,test
22901,19,1,4,1,val,test
22902,19,1,4,2,val,test
22903,19,1,4,3,val,test
22904,19,1,4,4,val,test
22905,19,1,4,5,val,test
22906,19,1,4,6,val,test
22907,19,1,4,7,val,test
22908,19,1,4,8,val,test
22909,19,1,4,9,val,test
22910,19,1,4,10,val,test
22911,19,1,4,11,val,test
22912,19,1,4,12,val,test
22913,19,1,4,13,val,test
22914,19,1,4,14,val,test
22915,19,1,4,15,val,test
22916,19,1,4,16,val,test
22917,19,1,4,17,val,test
22918,19,1,4,18,val,test
22919,19,1,4,19,val,test
22920,19,1,4,20,val,test
22921,19,1,4,21,val,test
22922,19,1,4,22,val,test
22923,19,1,4,23,val,test
22924,19,1,4,24,val,test
22925,19,1,4,25,val,test
22926,19,1,4,26,val,test
22927,19,1,4,27,val,test
22928,19,1,4,28,val,test
22929,19,1,4,29,val,test
22930,19,1,4,30,val,test
22931,19,1,4,31,val,test
22932,19,1,4,32,val,test
22933,19,1,4,33,val,test
22934,19,1,4,34,val,test
22935,19,1,4,35,val,test
22936,19,1,4,36,val,test
22937,19,1,4,37,val,test
22938,19,1,4,38,val,test
22939,19,1,4,39,val,test
22940,19,1,4,40,val,test
22941,19,1,4,41,val,test
22942,19,1,4,42,val,test
22943,19,1,4,43,val,test
22944,19,1,4,44,val,test
22945,19,1,4,45,val,test
22946,19,1,4,46,val,test
22947,19,1,4,47,val,test
22948,19,1,4,48,val,test
22949,19,1,4,49,val,test
22950,19,1,4,50,val,test
22951,19,1,5,1,test,test
22952,19,1,5,2,test,test
22953,19,1,5,3,test,test
22954,19,1,5,4,test,test
22955,19,1,5,5,test,test
22956,19,1,5,6,test,test
22957,19,1,5,7,test,test
22958,19,1,5,8,test,test
22959,19,1,5,9,test,test
22960,19,1,5,10,test,test
22961,19,1,5,11,test,test
22962,19,1,5,12,test,test
22963,19,1,5,13,test,test
22964,19,1,5,14,test,test
22965,19,1,5,15,test,test
22966,19,1,5,16,test,test
22967,19,1,5,17,test,test
22968,19,1,5,18,test,test
22969,19,1,5,19,test,test
22970,19,1,5,20,test,test
22971,19,1,5,21,test,test
22972,19,1,5,22,test,test
22973,19,1,5,23,test,test
22974,19,1,5,24,test,test
22975,19,1,5,25,test,test
22976,19,1,5,26,test,test
22977,19,1,5,27,test,test
22978,19,1,5,28,test,test
22979,19,1,5,29,test,test
22980,19,1,5,30,test,test
22981,19,1,5,31,test,test
22982,19,1,5,32,test,test
22983,19,1,5,33,test,test
22984,19,1,5,34,test,test
22985,19,1,5,35,test,test
22986,19,1,5,36,test,test
22987,19,1,5,37,test,test
22988,19,1,5,38,test,test
22989,19,1,5,39,test,test
22990,19,1,5,40,test,test
22991,19,1,5,41,test,test
22992,19,1,5,42,test,test
22993,19,1,5,43,test,test
22994,19,1,5,44,test,test
22995,19,1,5,45,test,test
22996,19,1,5,46,test,test
22997,19,1,5,47,test,test
22998,19,1,5,48,test,test
22999,19,1,5,49,test,test
23000,19,1,5,50,test,test
23001,19,2,1,1,train,test
23002,19,2,1,2,train,test
23003,19,2,1,3,train,test
23004,19,2,1,4,train,test
23005,19,2,1,5,train,test
23006,19,2,1,6,train,test
23007,19,2,1,7,train,test
23008,19,2,1,8,train,test
23009,19,2,1,9,train,test
23010,19,2,1,10,train,test
23011,19,2,1,11,train,test
23012,19,2,1,12,train,test
23013,19,2,1,13,train,test
23014,19,2,1,14,train,test
23015,19,2,1,15,train,test
23016,19,2,1,16,train,test
23017,19,2,1,17,train,test
23018,19,2,1,18,train,test
23019,19,2,1,19,train,test
23020,19,2,1,20,train,test
23021,19,2,1,21,train,test
23022,19,2,1,22,train,test
23023,19,2,1,23,train,test
23024,19,2,1,24,train,test
23025,19,2,1,25,train,test
23026,19,2,1,26,train,test
23027,19,2,1,27,train,test
23028,19,2,1,28,train,test
23029,19,2,1,29,train,test
23030,19,2,1,30,train,test
23031,19,2,1,31,train,test
23032,19,2,1,32,train,test
23033,19,2,1,33,train,test
23034,19,2,1,34,train,test
23035,19,2,1,35,train,test
23036,19,2,1,36,train,test
23037,19,2,1,37,train,test
23038,19,2,1,38,train,test
23039,19,2,1,39,train,test
23040,19,2,1,40,train,test
23041,19,2,1,41,train,test
23042,19,2,1,42,train,test
23043,19,2,1,43,train,test
23044,19,2,1,44,train,test
23045,19,2,1,45,train,test
23046,19,2,1,46,train,test
23047,19,2,1,47,train,test
23048,19,2,1,48,train,test
23049,19,2,1,49,train,test
23050,19,2,1,50,train,test
23051,19,2,2,1,train,test
23052,19,2,2,2,train,test
23053,19,2,2,3,train,test
23054,19,2,2,4,train,test
23055,19,2,2,5,train,test
23056,19,2,2,6,train,test
23057,19,2,2,7,train,test
23058,19,2,2,8,train,test
23059,19,2,2,9,train,test
23060,19,2,2,10,train,test
23061,19,2,2,11,train,test
23062,19,2,2,12,train,test
23063,19,2,2,13,train,test
23064,19,2,2,14,train,test
23065,19,2,2,15,train,test
23066,19,2,2,16,train,test
23067,19,2,2,17,train,test
23068,19,2,2,18,train,test
23069,19,2,2,19,train,test
23070,19,2,2,20,train,test
23071,19,2,2,21,train,test
23072,19,2,2,22,train,test
23073,19,2,2,23,train,test
23074,19,2,2,24,train,test
23075,19,2,2,25,train,test
23076,19,2,2,26,train,test
23077,19,2,2,27,train,test
23078,19,2,2,28,train,test
23079,19,2,2,29,train,test
23080,19,2,2,30,train,test
23081,19,2,2,31,train,test
23082,19,2,2,32,train,test
23083,19,2,2,33,train,test
23084,19,2,2,34,train,test
23085,19,2,2,35,train,test
23086,19,2,2,36,train,test
23087,19,2,2,37,train,test
23088,19,2,2,38,train,test
23089,19,2,2,39,train,test
23090,19,2,2,40,train,test
23091,19,2,2,41,train,test
23092,19,2,2,42,train,test
23093,19,2,2,43,train,test
23094,19,2,2,44,train,test
23095,19,2,2,45,train,test
23096,19,2,2,46,train,test
23097,19,2,2,47,train,test
23098,19,2,2,48,train,test
23099,19,2,2,49,train,test
23100,19,2,2,50,train,test
23101,19,2,3,1,train,test
23102,19,2,3,2,train,test
23103,19,2,3,3,train,test
23104,19,2,3,4,train,test
23105,19,2,3,5,train,test
23106,19,2,3,6,train,test
23107,19,2,3,7,train,test
23108,19,2,3,8,train,test
23109,19,2,3,9,train,test
23110,19,2,3,10,train,test
23111,19,2,3,11,train,test
23112,19,2,3,12,train,test
23113,19,2,3,13,train,test
23114,19,2,3,14,train,test
23115,19,2,3,15,train,test
23116,19,2,3,16,train,test
23117,19,2,3,17,train,test
23118,19,2,3,18,train,test
23119,19,2,3,19,train,test
23120,19,2,3,20,train,test
23121,19,2,3,21,train,test
23122,19,2,3,22,train,test
23123,19,2,3,23,train,test
23124,19,2,3,24,train,test
23125,19,2,3,25,train,test
23126,19,2,3,26,train,test
23127,19,2,3,27,train,test
23128,19,2,3,28,train,test
23129,19,2,3,29,train,test
23130,19,2,3,30,train,test
23131,19,2,3,31,train,test
23132,19,2,3,32,train,test
23133,19,2,3,33,train,test
23134,19,2,3,34,train,test
23135,19,2,3,35,train,test
23136,19,2,3,36,train,test
23137,19,2,3,37,train,test
23138,19,2,3,38,train,test
23139,19,2,3,39,train,test
23140,19,2,3,40,train,test
23141,19,2,3,41,train,test
23142,19,2,3,42,train,test
23143,19,2,3,43,train,test
23144,19,2,3,44,train,test
23145,19,2,3,45,train,test
23146,19,2,3,46,train,test
23147,19,2,3,47,train,test
23148,19,2,3,48,train,test
23149,19,2,3,49,train,test
23150,19,2,3,50,train,test
23151,19,2,4,1,val,test
23152,19,2,4,2,val,test
23153,19,2,4,3,val,test
23154,19,2,4,4,val,test
23155,19,2,4,5,val,test
23156,19,2,4,6,val,test
23157,19,2,4,7,val,test
23158,19,2,4,8,val,test
23159,19,2,4,9,val,test
23160,19,2,4,10,val,test
23161,19,2,4,11,val,test
23162,19,2,4,12,val,test
23163,19,2,4,13,val,test
23164,19,2,4,14,val,test
23165,19,2,4,15,val,test
23166,19,2,4,16,val,test
23167,19,2,4,17,val,test
23168,19,2,4,18,val,test
23169,19,2,4,19,val,test
23170,19,2,4,20,val,test
23171,19,2,4,21,val,test
23172,19,2,4,22,val,test
23173,19,2,4,23,val,test
23174,19,2,4,24,val,test
23175,19,2,4,25,val,test
23176,19,2,4,26,val,test
23177,19,2,4,27,val,test
23178,19,2,4,28,val,test
23179,19,2,4,29,val,test
23180,19,2,4,30,val,test
23181,19,2,4,31,val,test
23182,19,2,4,32,val,test
23183,19,2,4,33,val,test
23184,19,2,4,34,val,test
23185,19,2,4,35,val,test
23186,19,2,4,36,val,test
23187,19,2,4,37,val,test
23188,19,2,4,38,val,test
23189,19,2,4,39,val,test
23190,19,2,4,40,val,test
23191,19,2,4,41,val,test
23192,19,2,4,42,val,test
23193,19,2,4,43,val,test
23194,19,2,4,44,val,test
23195,19,2,4,45,val,test
23196,19,2,4,46,val,test
23197,19,2,4,47,val,test
23198,19,2,4,48,val,test
23199,19,2,4,49,val,test
23200,19,2,4,50,val,test
23201,19,2,5,1,test,test
23202,19,2,5,2,test,test
23203,19,2,5,3,test,test
23204,19,2,5,4,test,test
23205,19,2,5,5,test,test
23206,19,2,5,6,test,test
23207,19,2,5,7,test,test
23208,19,2,5,8,test,test
23209,19,2,5,9,test,test
23210,19,2,5,10,test,test
23211,19,2,5,11,test,test
23212,19,2,5,12,test,test
23213,19,2,5,13,test,test
23214,19,2,5,14,test,test
23215,19,2,5,15,test,test
23216,19,2,5,16,test,test
23217,19,2,5,17,test,test
23218,19,2,5,18,test,test
23219,19,2,5,19,test,test
23220,19,2,5,20,test,test
23221,19,2,5,21,test,test
23222,19,2,5,22,test,test
23223,19,2,5,23,test,test
23224,19,2,5,24,test,test
23225,19,2,5,25,test,test
23226,19,2,5,26,test,test
23227,19,2,5,27,test,test
23228,19,2,5,28,test,test
23229,19,2,5,29,test,test
23230,19,2,5,30,test,test
23231,19,2,5,31,test,test
23232,19,2,5,32,test,test
23233,19,2,5,33,test,test
23234,19,2,5,34,test,test
23235,19,2,5,35,test,test
23236,19,2,5,36,test,test
23237,19,2,5,37,test,test
23238,19,2,5,38,test,test
23239,19,2,5,39,test,test
23240,19,2,5,40,test,test
23241,19,2,5,41,test,test
23242,19,2,5,42,test,test
23243,19,2,5,43,test,test
23244,19,2,5,44,test,test
23245,19,2,5,45,test,test
23246,19,2,5,46,test,test
23247,19,2,5,47,test,test
23248,19,2,5,48,test,test
23249,19,2,5,49,test,test
23250,19,2,5,50,test,test
23251,19,3,1,1,train,test
23252,19,3,1,2,train,test
23253,19,3,1,3,train,test
23254,19,3,1,4,train,test
23255,19,3,1,5,train,test
23256,19,3,1,6,train,test
23257,19,3,1,7,train,test
23258,19,3,1,8,train,test
23259,19,3,1,9,train,test
23260,19,3,1,10,train,test
23261,19,3,1,11,train,test
23262,19,3,1,12,train,test
23263,19,3,1,13,train,test
23264,19,3,1,14,train,test
23265,19,3,1,15,train,test
23266,19,3,1,16,train,test
23267,19,3,1,17,train,test
23268,19,3,1,18,train,test
23269,19,3,1,19,train,test
23270,19,3,1,20,train,test
23271,19,3,1,21,train,test
23272,19,3,1,22,train,test
23273,19,3,1,23,train,test
23274,19,3,1,24,train,test
23275,19,3,1,25,train,test
23276,19,3,1,26,train,test
23277,19,3,1,27,train,test
23278,19,3,1,28,train,test
23279,19,3,1,29,train,test
23280,19,3,1,30,train,test
23281,19,3,1,31,train,test
23282,19,3,1,32,train,test
23283,19,3,1,33,train,test
23284,19,3,1,34,train,test
23285,19,3,1,35,train,test
23286,19,3,1,36,train,test
23287,19,3,1,37,train,test
23288,19,3,1,38,train,test
23289,19,3,1,39,train,test
23290,19,3,1,40,train,test
23291,19,3,1,41,train,test
23292,19,3,1,42,train,test
23293,19,3,1,43,train,test
23294,19,3,1,44,train,test
23295,19,3,1,45,train,test
23296,19,3,1,46,train,test
23297,19,3,1,47,train,test
23298,19,3,1,48,train,test
23299,19,3,1,49,train,test
23300,19,3,1,50,train,test
23301,19,3,2,1,train,test
23302,19,3,2,2,train,test
23303,19,3,2,3,train,test
23304,19,3,2,4,train,test
23305,19,3,2,5,train,test
23306,19,3,2,6,train,test
23307,19,3,2,7,train,test
23308,19,3,2,8,train,test
23309,19,3,2,9,train,test
23310,19,3,2,10,train,test
23311,19,3,2,11,train,test
23312,19,3,2,12,train,test
23313,19,3,2,13,train,test
23314,19,3,2,14,train,test
23315,19,3,2,15,train,test
23316,19,3,2,16,train,test
23317,19,3,2,17,train,test
23318,19,3,2,18,train,test
23319,19,3,2,19,train,test
23320,19,3,2,20,train,test
23321,19,3,2,21,train,test
23322,19,3,2,22,train,test
23323,19,3,2,23,train,test
23324,19,3,2,24,train,test
23325,19,3,2,25,train,test
23326,19,3,2,26,train,test
23327,19,3,2,27,train,test
23328,19,3,2,28,train,test
23329,19,3,2,29,train,test
23330,19,3,2,30,train,test
23331,19,3,2,31,train,test
23332,19,3,2,32,train,test
23333,19,3,2,33,train,test
23334,19,3,2,34,train,test
23335,19,3,2,35,train,test
23336,19,3,2,36,train,test
23337,19,3,2,37,train,test
23338,19,3,2,38,train,test
23339,19,3,2,39,train,test
23340,19,3,2,40,train,test
23341,19,3,2,41,train,test
23342,19,3,2,42,train,test
23343,19,3,2,43,train,test
23344,19,3,2,44,train,test
23345,19,3,2,45,train,test
23346,19,3,2,46,train,test
23347,19,3,2,47,train,test
23348,19,3,2,48,train,test
23349,19,3,2,49,train,test
23350,19,3,2,50,train,test
23351,19,3,3,1,train,test
23352,19,3,3,2,train,test
23353,19,3,3,3,train,test
23354,19,3,3,4,train,test
23355,19,3,3,5,train,test
23356,19,3,3,6,train,test
23357,19,3,3,7,train,test
23358,19,3,3,8,train,test
23359,19,3,3,9,train,test
23360,19,3,3,10,train,test
23361,19,3,3,11,train,test
23362,19,3,3,12,train,test
23363,19,3,3,13,train,test
23364,19,3,3,14,train,test
23365,19,3,3,15,train,test
23366,19,3,3,16,train,test
23367,19,3,3,17,train,test
23368,19,3,3,18,train,test
23369,19,3,3,19,train,test
23370,19,3,3,20,train,test
23371,19,3,3,21,train,test
23372,19,3,3,22,train,test
23373,19,3,3,23,train,test
23374,19,3,3,24,train,test
23375,19,3,3,25,train,test
23376,19,3,3,26,train,test
23377,19,3,3,27,train,test
23378,19,3,3,28,train,test
23379,19,3,3,29,train,test
23380,19,3,3,30,train,test
23381,19,3,3,31,train,test
23382,19,3,3,32,train,test
23383,19,3,3,33,train,test
23384,19,3,3,34,train,test
23385,19,3,3,35,train,test
23386,19,3,3,36,train,test
23387,19,3,3,37,train,test
23388,19,3,3,38,train,test
23389,19,3,3,39,train,test
23390,19,3,3,40,train,test
23391,19,3,3,41,train,test
23392,19,3,3,42,train,test
23393,19,3,3,43,train,test
23394,19,3,3,44,train,test
23395,19,3,3,45,train,test
23396,19,3,3,46,train,test
23397,19,3,3,47,train,test
23398,19,3,3,48,train,test
23399,19,3,3,49,train,test
23400,19,3,3,50,train,test
23401,19,3,4,1,val,test
23402,19,3,4,2,val,test
23403,19,3,4,3,val,test
23404,19,3,4,4,val,test
23405,19,3,4,5,val,test
23406,19,3,4,6,val,test
23407,19,3,4,7,val,test
23408,19,3,4,8,val,test
23409,19,3,4,9,val,test
23410,19,3,4,10,val,test
23411,19,3,4,11,val,test
23412,19,3,4,12,val,test
23413,19,3,4,13,val,test
23414,19,3,4,14,val,test
23415,19,3,4,15,val,test
23416,19,3,4,16,val,test
23417,19,3,4,17,val,test
23418,19,3,4,18,val,test
23419,19,3,4,19,val,test
23420,19,3,4,20,val,test
23421,19,3,4,21,val,test
23422,19,3,4,22,val,test
23423,19,3,4,23,val,test
23424,19,3,4,24,val,test
23425,19,3,4,25,val,test
23426,19,3,4,26,val,test
23427,19,3,4,27,val,test
23428,19,3,4,28,val,test
23429,19,3,4,29,val,test
23430,19,3,4,30,val,test
23431,19,3,4,31,val,test
23432,19,3,4,32,val,test
23433,19,3,4,33,val,test
23434,19,3,4,34,val,test
23435,19,3,4,35,val,test
23436,19,3,4,36,val,test
23437,19,3,4,37,val,test
23438,19,3,4,38,val,test
23439,19,3,4,39,val,test
23440,19,3,4,40,val,test
23441,19,3,4,41,val,test
23442,19,3,4,42,val,test
23443,19,3,4,43,val,test
23444,19,3,4,44,val,test
23445,19,3,4,45,val,test
23446,19,3,4,46,val,test
23447,19,3,4,47,val,test
23448,19,3,4,48,val,test
23449,19,3,4,49,val,test
23450,19,3,4,50,val,test
23451,19,3,5,1,test,test
23452,19,3,5,2,test,test
23453,19,3,5,3,test,test
23454,19,3,5,4,test,test
23455,19,3,5,5,test,test
23456,19,3,5,6,test,test
23457,19,3,5,7,test,test
23458,19,3,5,8,test,test
23459,19,3,5,9,test,test
23460,19,3,5,10,test,test
23461,19,3,5,11,test,test
23462,19,3,5,12,test,test
23463,19,3,5,13,test,test
23464,19,3,5,14,test,test
23465,19,3,5,15,test,test
23466,19,3,5,16,test,test
23467,19,3,5,17,test,test
23468,19,3,5,18,test,test
23469,19,3,5,19,test,test
23470,19,3,5,20,test,test
23471,19,3,5,21,test,test
23472,19,3,5,22,test,test
23473,19,3,5,23,test,test
23474,19,3,5,24,test,test
23475,19,3,5,25,test,test
23476,19,3,5,26,test,test
23477,19,3,5,27,test,test
23478,19,3,5,28,test,test
23479,19,3,5,29,test,test
23480,19,3,5,30,test,test
23481,19,3,5,31,test,test
23482,19,3,5,32,test,test
23483,19,3,5,33,test,test
23484,19,3,5,34,test,test
23485,19,3,5,35,test,test
23486,19,3,5,36,test,test
23487,19,3,5,37,test,test
23488,19,3,5,38,test,test
23489,19,3,5,39,test,test
23490,19,3,5,40,test,test
23491,19,3,5,41,test,test
23492,19,3,5,42,test,test
23493,19,3,5,43,test,test
23494,19,3,5,44,test,test
23495,19,3,5,45,test,test
23496,19,3,5,46,test,test
23497,19,3,5,47,test,test
23498,19,3,5,48,test,test
23499,19,3,5,49,test,test
23500,19,3,5,50,test,test
23501,19,4,1,1,train,test
23502,19,4,1,2,train,test
23503,19,4,1,3,train,test
23504,19,4,1,4,train,test
23505,19,4,1,5,train,test
23506,19,4,1,6,train,test
23507,19,4,1,7,train,test
23508,19,4,1,8,train,test
23509,19,4,1,9,train,test
23510,19,4,1,10,train,test
23511,19,4,1,11,train,test
23512,19,4,1,12,train,test
23513,19,4,1,13,train,test
23514,19,4,1,14,train,test
23515,19,4,1,15,train,test
23516,19,4,1,16,train,test
23517,19,4,1,17,train,test
23518,19,4,1,18,train,test
23519,19,4,1,19,train,test
23520,19,4,1,20,train,test
23521,19,4,1,21,train,test
23522,19,4,1,22,train,test
23523,19,4,1,23,train,test
23524,19,4,1,24,train,test
23525,19,4,1,25,train,test
23526,19,4,1,26,train,test
23527,19,4,1,27,train,test
23528,19,4,1,28,train,test
23529,19,4,1,29,train,test
23530,19,4,1,30,train,test
23531,19,4,1,31,train,test
23532,19,4,1,32,train,test
23533,19,4,1,33,train,test
23534,19,4,1,34,train,test
23535,19,4,1,35,train,test
23536,19,4,1,36,train,test
23537,19,4,1,37,train,test
23538,19,4,1,38,train,test
23539,19,4,1,39,train,test
23540,19,4,1,40,train,test
23541,19,4,1,41,train,test
23542,19,4,1,42,train,test
23543,19,4,1,43,train,test
23544,19,4,1,44,train,test
23545,19,4,1,45,train,test
23546,19,4,1,46,train,test
23547,19,4,1,47,train,test
23548,19,4,1,48,train,test
23549,19,4,1,49,train,test
23550,19,4,1,50,train,test
23551,19,4,2,1,train,test
23552,19,4,2,2,train,test
23553,19,4,2,3,train,test
23554,19,4,2,4,train,test
23555,19,4,2,5,train,test
23556,19,4,2,6,train,test
23557,19,4,2,7,train,test
23558,19,4,2,8,train,test
23559,19,4,2,9,train,test
23560,19,4,2,10,train,test
23561,19,4,2,11,train,test
23562,19,4,2,12,train,test
23563,19,4,2,13,train,test
23564,19,4,2,14,train,test
23565,19,4,2,15,train,test
23566,19,4,2,16,train,test
23567,19,4,2,17,train,test
23568,19,4,2,18,train,test
23569,19,4,2,19,train,test
23570,19,4,2,20,train,test
23571,19,4,2,21,train,test
23572,19,4,2,22,train,test
23573,19,4,2,23,train,test
23574,19,4,2,24,train,test
23575,19,4,2,25,train,test
23576,19,4,2,26,train,test
23577,19,4,2,27,train,test
23578,19,4,2,28,train,test
23579,19,4,2,29,train,test
23580,19,4,2,30,train,test
23581,19,4,2,31,train,test
23582,19,4,2,32,train,test
23583,19,4,2,33,train,test
23584,19,4,2,34,train,test
23585,19,4,2,35,train,test
23586,19,4,2,36,train,test
23587,19,4,2,37,train,test
23588,19,4,2,38,train,test
23589,19,4,2,39,train,test
23590,19,4,2,40,train,test
23591,19,4,2,41,train,test
23592,19,4,2,42,train,test
23593,19,4,2,43,train,test
23594,19,4,2,44,train,test
23595,19,4,2,45,train,test
23596,19,4,2,46,train,test
23597,19,4,2,47,train,test
23598,19,4,2,48,train,test
23599,19,4,2,49,train,test
23600,19,4,2,50,train,test
23601,19,4,3,1,train,test
23602,19,4,3,2,train,test
23603,19,4,3,3,train,test
23604,19,4,3,4,train,test
23605,19,4,3,5,train,test
23606,19,4,3,6,train,test
23607,19,4,3,7,train,test
23608,19,4,3,8,train,test
23609,19,4,3,9,train,test
23610,19,4,3,10,train,test
23611,19,4,3,11,train,test
23612,19,4,3,12,train,test
23613,19,4,3,13,train,test
23614,19,4,3,14,train,test
23615,19,4,3,15,train,test
23616,19,4,3,16,train,test
23617,19,4,3,17,train,test
23618,19,4,3,18,train,test
23619,19,4,3,19,train,test
23620,19,4,3,20,train,test
23621,19,4,3,21,train,test
23622,19,4,3,22,train,test
23623,19,4,3,23,train,test
23624,19,4,3,24,train,test
23625,19,4,3,25,train,test
23626,19,4,3,26,train,test
23627,19,4,3,27,train,test
23628,19,4,3,28,train,test
23629,19,4,3,29,train,test
23630,19,4,3,30,train,test
23631,19,4,3,31,train,test
23632,19,4,3,32,train,test
23633,19,4,3,33,train,test
23634,19,4,3,34,train,test
23635,19,4,3,35,train,test
23636,19,4,3,36,train,test
23637,19,4,3,37,train,test
23638,19,4,3,38,train,test
23639,19,4,3,39,train,test
23640,19,4,3,40,train,test
23641,19,4,3,41,train,test
23642,19,4,3,42,train,test
23643,19,4,3,43,train,test
23644,19,4,3,44,train,test
23645,19,4,3,45,train,test
23646,19,4,3,46,train,test
23647,19,4,3,47,train,test
23648,19,4,3,48,train,test
23649,19,4,3,49,train,test
23650,19,4,3,50,train,test
23651,19,4,4,1,val,test
23652,19,4,4,2,val,test
23653,19,4,4,3,val,test
23654,19,4,4,4,val,test
23655,19,4,4,5,val,test
23656,19,4,4,6,val,test
23657,19,4,4,7,val,test
23658,19,4,4,8,val,test
23659,19,4,4,9,val,test
23660,19,4,4,10,val,test
23661,19,4,4,11,val,test
23662,19,4,4,12,val,test
23663,19,4,4,13,val,test
23664,19,4,4,14,val,test
23665,19,4,4,15,val,test
23666,19,4,4,16,val,test
23667,19,4,4,17,val,test
23668,19,4,4,18,val,test
23669,19,4,4,19,val,test
23670,19,4,4,20,val,test
23671,19,4,4,21,val,test
23672,19,4,4,22,val,test
23673,19,4,4,23,val,test
23674,19,4,4,24,val,test
23675,19,4,4,25,val,test
23676,19,4,4,26,val,test
23677,19,4,4,27,val,test
23678,19,4,4,28,val,test
23679,19,4,4,29,val,test
23680,19,4,4,30,val,test
23681,19,4,4,31,val,test
23682,19,4,4,32,val,test
23683,19,4,4,33,val,test
23684,19,4,4,34,val,test
23685,19,4,4,35,val,test
23686,19,4,4,36,val,test
23687,19,4,4,37,val,test
23688,19,4,4,38,val,test
23689,19,4,4,39,val,test
23690,19,4,4,40,val,test
23691,19,4,4,41,val,test
23692,19,4,4,42,val,test
23693,19,4,4,43,val,test
23694,19,4,4,44,val,test
23695,19,4,4,45,val,test
23696,19,4,4,46,val,test
23697,19,4,4,47,val,test
23698,19,4,4,48,val,test
23699,19,4,4,49,val,test
23700,19,4,4,50,val,test
23701,19,4,5,1,test,test
23702,19,4,5,2,test,test
23703,19,4,5,3,test,test
23704,19,4,5,4,test,test
23705,19,4,5,5,test,test
23706,19,4,5,6,test,test
23707,19,4,5,7,test,test
23708,19,4,5,8,test,test
23709,19,4,5,9,test,test
23710,19,4,5,10,test,test
23711,19,4,5,11,test,test
23712,19,4,5,12,test,test
23713,19,4,5,13,test,test
23714,19,4,5,14,test,test
23715,19,4,5,15,test,test
23716,19,4,5,16,test,test
23717,19,4,5,17,test,test
23718,19,4,5,18,test,test
23719,19,4,5,19,test,test
23720,19,4,5,20,test,test
23721,19,4,5,21,test,test
23722,19,4,5,22,test,test
23723,19,4,5,23,test,test
23724,19,4,5,24,test,test
23725,19,4,5,25,test,test
23726,19,4,5,26,test,test
23727,19,4,5,27,test,test
23728,19,4,5,28,test,test
23729,19,4,5,29,test,test
23730,19,4,5,30,test,test
23731,19,4,5,31,test,test
23732,19,4,5,32,test,test
23733,19,4,5,33,test,test
23734,19,4,5,34,test,test
23735,19,4,5,35,test,test
23736,19,4,5,36,test,test
23737,19,4,5,37,test,test
23738,19,4,5,38,test,test
23739,19,4,5,39,test,test
23740,19,4,5,40,test,test
23741,19,4,5,41,test,test
23742,19,4,5,42,test,test
23743,19,4,5,43,test,test
23744,19,4,5,44,test,test
23745,19,4,5,45,test,test
23746,19,4,5,46,test,test
23747,19,4,5,47,test,test
23748,19,4,5,48,test,test
23749,19,4,5,49,test,test
23750,19,4,5,50,test,test
23751,20,0,1,1,train,val
23752,20,0,1,2,train,val
23753,20,0,1,3,train,val
23754,20,0,1,4,train,val
23755,20,0,1,5,train,val
23756,20,0,1,6,train,val
23757,20,0,1,7,train,val
23758,20,0,1,8,train,val
23759,20,0,1,9,train,val
23760,20,0,1,10,train,val
23761,20,0,1,11,train,val
23762,20,0,1,12,train,val
23763,20,0,1,13,train,val
23764,20,0,1,14,train,val
23765,20,0,1,15,train,val
23766,20,0,1,16,train,val
23767,20,0,1,17,train,val
23768,20,0,1,18,train,val
23769,20,0,1,19,train,val
23770,20,0,1,20,train,val
23771,20,0,1,21,train,val
23772,20,0,1,22,train,val
23773,20,0,1,23,train,val
23774,20,0,1,24,train,val
23775,20,0,1,25,train,val
23776,20,0,1,26,train,val
23777,20,0,1,27,train,val
23778,20,0,1,28,train,val
23779,20,0,1,29,train,val
23780,20,0,1,30,train,val
23781,20,0,1,31,train,val
23782,20,0,1,32,train,val
23783,20,0,1,33,train,val
23784,20,0,1,34,train,val
23785,20,0,1,35,train,val
23786,20,0,1,36,train,val
23787,20,0,1,37,train,val
23788,20,0,1,38,train,val
23789,20,0,1,39,train,val
23790,20,0,1,40,train,val
23791,20,0,1,41,train,val
23792,20,0,1,42,train,val
23793,20,0,1,43,train,val
23794,20,0,1,44,train,val
23795,20,0,1,45,train,val
23796,20,0,1,46,train,val
23797,20,0,1,47,train,val
23798,20,0,1,48,train,val
23799,20,0,1,49,train,val
23800,20,0,1,50,train,val
23801,20,0,2,1,train,val
23802,20,0,2,2,train,val
23803,20,0,2,3,train,val
23804,20,0,2,4,train,val
23805,20,0,2,5,train,val
23806,20,0,2,6,train,val
23807,20,0,2,7,train,val
23808,20,0,2,8,train,val
23809,20,0,2,9,train,val
23810,20,0,2,10,train,val
23811,20,0,2,11,train,val
23812,20,0,2,12,train,val
23813,20,0,2,13,train,val
23814,20,0,2,14,train,val
23815,20,0,2,15,train,val
23816,20,0,2,16,train,val
23817,20,0,2,17,train,val
23818,20,0,2,18,train,val
23819,20,0,2,19,train,val
23820,20,0,2,20,train,val
23821,20,0,2,21,train,val
23822,20,0,2,22,train,val
23823,20,0,2,23,train,val
23824,20,0,2,24,train,val
23825,20,0,2,25,train,val
23826,20,0,2,26,train,val
23827,20,0,2,27,train,val
23828,20,0,2,28,train,val
23829,20,0,2,29,train,val
23830,20,0,2,30,train,val
23831,20,0,2,31,train,val
23832,20,0,2,32,train,val
23833,20,0,2,33,train,val
23834,20,0,2,34,train,val
23835,20,0,2,35,train,val
23836,20,0,2,36,train,val
23837,20,0,2,37,train,val
23838,20,0,2,38,train,val
23839,20,0,2,39,train,val
23840,20,0,2,40,train,val
23841,20,0,2,41,train,val
23842,20,0,2,42,train,val
23843,20,0,2,43,train,val
23844,20,0,2,44,train,val
23845,20,0,2,45,train,val
23846,20,0,2,46,train,val
23847,20,0,2,47,train,val
23848,20,0,2,48,train,val
23849,20,0,2,49,train,val
23850,20,0,2,50,train,val
23851,20,0,3,1,train,val
23852,20,0,3,2,train,val
23853,20,0,3,3,train,val
23854,20,0,3,4,train,val
23855,20,0,3,5,train,val
23856,20,0,3,6,train,val
23857,20,0,3,7,train,val
23858,20,0,3,8,train,val
23859,20,0,3,9,train,val
23860,20,0,3,10,train,val
23861,20,0,3,11,train,val
23862,20,0,3,12,train,val
23863,20,0,3,13,train,val
23864,20,0,3,14,train,val
23865,20,0,3,15,train,val
23866,20,0,3,16,train,val
23867,20,0,3,17,train,val
23868,20,0,3,18,train,val
23869,20,0,3,19,train,val
23870,20,0,3,20,train,val
23871,20,0,3,21,train,val
23872,20,0,3,22,train,val
23873,20,0,3,23,train,val
23874,20,0,3,24,train,val
23875,20,0,3,25,train,val
23876,20,0,3,26,train,val
23877,20,0,3,27,train,val
23878,20,0,3,28,train,val
23879,20,0,3,29,train,val
23880,20,0,3,30,train,val
23881,20,0,3,31,train,val
23882,20,0,3,32,train,val
23883,20,0,3,33,train,val
23884,20,0,3,34,train,val
23885,20,0,3,35,train,val
23886,20,0,3,36,train,val
23887,20,0,3,37,train,val
23888,20,0,3,38,train,val
23889,20,0,3,39,train,val
23890,20,0,3,40,train,val
23891,20,0,3,41,train,val
23892,20,0,3,42,train,val
23893,20,0,3,43,train,val
23894,20,0,3,44,train,val
23895,20,0,3,45,train,val
23896,20,0,3,46,train,val
23897,20,0,3,47,train,val
23898,20,0,3,48,train,val
23899,20,0,3,49,train,val
23900,20,0,3,50,train,val
23901,20,0,4,1,val,val
23902,20,0,4,2,val,val
23903,20,0,4,3,val,val
23904,20,0,4,4,val,val
23905,20,0,4,5,val,val
23906,20,0,4,6,val,val
23907,20,0,4,7,val,val
23908,20,0,4,8,val,val
23909,20,0,4,9,val,val
23910,20,0,4,10,val,val
23911,20,0,4,11,val,val
23912,20,0,4,12,val,val
23913,20,0,4,13,val,val
23914,20,0,4,14,val,val
23915,20,0,4,15,val,val
23916,20,0,4,16,val,val
23917,20,0,4,17,val,val
23918,20,0,4,18,val,val
23919,20,0,4,19,val,val
23920,20,0,4,20,val,val
23921,20,0,4,21,val,val
23922,20,0,4,22,val,val
23923,20,0,4,23,val,val
23924,20,0,4,24,val,val
23925,20,0,4,25,val,val
23926,20,0,4,26,val,val
23927,20,0,4,27,val,val
23928,20,0,4,28,val,val
23929,20,0,4,29,val,val
23930,20,0,4,30,val,val
23931,20,0,4,31,val,val
23932,20,0,4,32,val,val
23933,20,0,4,33,val,val
23934,20,0,4,34,val,val
23935,20,0,4,35,val,val
23936,20,0,4,36,val,val
23937,20,0,4,37,val,val
23938,20,0,4,38,val,val
23939,20,0,4,39,val,val
23940,20,0,4,40,val,val
23941,20,0,4,41,val,val
23942,20,0,4,42,val,val
23943,20,0,4,43,val,val
23944,20,0,4,44,val,val
23945,20,0,4,45,val,val
23946,20,0,4,46,val,val
23947,20,0,4,47,val,val
23948,20,0,4,48,val,val
23949,20,0,4,49,val,val
23950,20,0,4,50,val,val
23951,20,0,5,1,test,val
23952,20,0,5,2,test,val
23953,20,0,5,3,test,val
23954,20,0,5,4,test,val
23955,20,0,5,5,test,val
23956,20,0,5,6,test,val
23957,20,0,5,7,test,val
23958,20,0,5,8,test,val
23959,20,0,5,9,test,val
23960,20,0,5,10,test,val
23961,20,0,5,11,test,val
23962,20,0,5,12,test,val
23963,20,0,5,13,test,val
23964,20,0,5,14,test,val
23965,20,0,5,15,test,val
23966,20,0,5,16,test,val
23967,20,0,5,17,test,val
23968,20,0,5,18,test,val
23969,20,0,5,19,test,val
23970,20,0,5,20,test,val
23971,20,0,5,21,test,val
23972,20,0,5,22,test,val
23973,20,0,5,23,test,val
23974,20,0,5,24,test,val
23975,20,0,5,25,test,val
23976,20,0,5,26,test,val
23977,20,0,5,27,test,val
23978,20,0,5,28,test,val
23979,20,0,5,29,test,val
23980,20,0,5,30,test,val
23981,20,0,5,31,test,val
23982,20,0,5,32,test,val
23983,20,0,5,33,test,val
23984,20,0,5,34,test,val
23985,20,0,5,35,test,val
23986,20,0,5,36,test,val
23987,20,0,5,37,test,val
23988,20,0,5,38,test,val
23989,20,0,5,39,test,val
23990,20,0,5,40,test,val
23991,20,0,5,41,test,val
23992,20,0,5,42,test,val
23993,20,0,5,43,test,val
23994,20,0,5,44,test,val
23995,20,0,5,45,test,val
23996,20,0,5,46,test,val
23997,20,0,5,47,test,val
23998,20,0,5,48,test,val
23999,20,0,5,49,test,val
24000,20,0,5,50,test,val
24001,20,1,1,1,train,val
24002,20,1,1,2,train,val
24003,20,1,1,3,train,val
24004,20,1,1,4,train,val
24005,20,1,1,5,train,val
24006,20,1,1,6,train,val
24007,20,1,1,7,train,val
24008,20,1,1,8,train,val
24009,20,1,1,9,train,val
24010,20,1,1,10,train,val
24011,20,1,1,11,train,val
24012,20,1,1,12,train,val
24013,20,1,1,13,train,val
24014,20,1,1,14,train,val
24015,20,1,1,15,train,val
24016,20,1,1,16,train,val
24017,20,1,1,17,train,val
24018,20,1,1,18,train,val
24019,20,1,1,19,train,val
24020,20,1,1,20,train,val
24021,20,1,1,21,train,val
24022,20,1,1,22,train,val
24023,20,1,1,23,train,val
24024,20,1,1,24,train,val
24025,20,1,1,25,train,val
24026,20,1,1,26,train,val
24027,20,1,1,27,train,val
24028,20,1,1,28,train,val
24029,20,1,1,29,train,val
24030,20,1,1,30,train,val
24031,20,1,1,31,train,val
24032,20,1,1,32,train,val
24033,20,1,1,33,train,val
24034,20,1,1,34,train,val
24035,20,1,1,35,train,val
24036,20,1,1,36,train,val
24037,20,1,1,37,train,val
24038,20,1,1,38,train,val
24039,20,1,1,39,train,val
24040,20,1,1,40,train,val
24041,20,1,1,41,train,val
24042,20,1,1,42,train,val
24043,20,1,1,43,train,val
24044,20,1,1,44,train,val
24045,20,1,1,45,train,val
24046,20,1,1,46,train,val
24047,20,1,1,47,train,val
24048,20,1,1,48,train,val
24049,20,1,1,49,train,val
24050,20,1,1,50,train,val
24051,20,1,2,1,train,val
24052,20,1,2,2,train,val
24053,20,1,2,3,train,val
24054,20,1,2,4,train,val
24055,20,1,2,5,train,val
24056,20,1,2,6,train,val
24057,20,1,2,7,train,val
24058,20,1,2,8,train,val
24059,20,1,2,9,train,val
24060,20,1,2,10,train,val
24061,20,1,2,11,train,val
24062,20,1,2,12,train,val
24063,20,1,2,13,train,val
24064,20,1,2,14,train,val
24065,20,1,2,15,train,val
24066,20,1,2,16,train,val
24067,20,1,2,17,train,val
24068,20,1,2,18,train,val
24069,20,1,2,19,train,val
24070,20,1,2,20,train,val
24071,20,1,2,21,train,val
24072,20,1,2,22,train,val
24073,20,1,2,23,train,val
24074,20,1,2,24,train,val
24075,20,1,2,25,train,val
24076,20,1,2,26,train,val
24077,20,1,2,27,train,val
24078,20,1,2,28,train,val
24079,20,1,2,29,train,val
24080,20,1,2,30,train,val
24081,20,1,2,31,train,val
24082,20,1,2,32,train,val
24083,20,1,2,33,train,val
24084,20,1,2,34,train,val
24085,20,1,2,35,train,val
24086,20,1,2,36,train,val
24087,20,1,2,37,train,val
24088,20,1,2,38,train,val
24089,20,1,2,39,train,val
24090,20,1,2,40,train,val
24091,20,1,2,41,train,val
24092,20,1,2,42,train,val
24093,20,1,2,43,train,val
24094,20,1,2,44,train,val
24095,20,1,2,45,train,val
24096,20,1,2,46,train,val
24097,20,1,2,47,train,val
24098,20,1,2,48,train,val
24099,20,1,2,49,train,val
24100,20,1,2,50,train,val
24101,20,1,3,1,train,val
24102,20,1,3,2,train,val
24103,20,1,3,3,train,val
24104,20,1,3,4,train,val
24105,20,1,3,5,train,val
24106,20,1,3,6,train,val
24107,20,1,3,7,train,val
24108,20,1,3,8,train,val
24109,20,1,3,9,train,val
24110,20,1,3,10,train,val
24111,20,1,3,11,train,val
24112,20,1,3,12,train,val
24113,20,1,3,13,train,val
24114,20,1,3,14,train,val
24115,20,1,3,15,train,val
24116,20,1,3,16,train,val
24117,20,1,3,17,train,val
24118,20,1,3,18,train,val
24119,20,1,3,19,train,val
24120,20,1,3,20,train,val
24121,20,1,3,21,train,val
24122,20,1,3,22,train,val
24123,20,1,3,23,train,val
24124,20,1,3,24,train,val
24125,20,1,3,25,train,val
24126,20,1,3,26,train,val
24127,20,1,3,27,train,val
24128,20,1,3,28,train,val
24129,20,1,3,29,train,val
24130,20,1,3,30,train,val
24131,20,1,3,31,train,val
24132,20,1,3,32,train,val
24133,20,1,3,33,train,val
24134,20,1,3,34,train,val
24135,20,1,3,35,train,val
24136,20,1,3,36,train,val
24137,20,1,3,37,train,val
24138,20,1,3,38,train,val
24139,20,1,3,39,train,val
24140,20,1,3,40,train,val
24141,20,1,3,41,train,val
24142,20,1,3,42,train,val
24143,20,1,3,43,train,val
24144,20,1,3,44,train,val
24145,20,1,3,45,train,val
24146,20,1,3,46,train,val
24147,20,1,3,47,train,val
24148,20,1,3,48,train,val
24149,20,1,3,49,train,val
24150,20,1,3,50,train,val
24151,20,1,4,1,val,val
24152,20,1,4,2,val,val
24153,20,1,4,3,val,val
24154,20,1,4,4,val,val
24155,20,1,4,5,val,val
24156,20,1,4,6,val,val
24157,20,1,4,7,val,val
24158,20,1,4,8,val,val
24159,20,1,4,9,val,val
24160,20,1,4,10,val,val
24161,20,1,4,11,val,val
24162,20,1,4,12,val,val
24163,20,1,4,13,val,val
24164,20,1,4,14,val,val
24165,20,1,4,15,val,val
24166,20,1,4,16,val,val
24167,20,1,4,17,val,val
24168,20,1,4,18,val,val
24169,20,1,4,19,val,val
24170,20,1,4,20,val,val
24171,20,1,4,21,val,val
24172,20,1,4,22,val,val
24173,20,1,4,23,val,val
24174,20,1,4,24,val,val
24175,20,1,4,25,val,val
24176,20,1,4,26,val,val
24177,20,1,4,27,val,val
24178,20,1,4,28,val,val
24179,20,1,4,29,val,val
24180,20,1,4,30,val,val
24181,20,1,4,31,val,val
24182,20,1,4,32,val,val
24183,20,1,4,33,val,val
24184,20,1,4,34,val,val
24185,20,1,4,35,val,val
24186,20,1,4,36,val,val
24187,20,1,4,37,val,val
24188,20,1,4,38,val,val
24189,20,1,4,39,val,val
24190,20,1,4,40,val,val
24191,20,1,4,41,val,val
24192,20,1,4,42,val,val
24193,20,1,4,43,val,val
24194,20,1,4,44,val,val
24195,20,1,4,45,val,val
24196,20,1,4,46,val,val
24197,20,1,4,47,val,val
24198,20,1,4,48,val,val
24199,20,1,4,49,val,val
24200,20,1,4,50,val,val
24201,20,1,5,1,test,val
24202,20,1,5,2,test,val
24203,20,1,5,3,test,val
24204,20,1,5,4,test,val
24205,20,1,5,5,test,val
24206,20,1,5,6,test,val
24207,20,1,5,7,test,val
24208,20,1,5,8,test,val
24209,20,1,5,9,test,val
24210,20,1,5,10,test,val
24211,20,1,5,11,test,val
24212,20,1,5,12,test,val
24213,20,1,5,13,test,val
24214,20,1,5,14,test,val
24215,20,1,5,15,test,val
24216,20,1,5,16,test,val
24217,20,1,5,17,test,val
24218,20,1,5,18,test,val
24219,20,1,5,19,test,val
24220,20,1,5,20,test,val
24221,20,1,5,21,test,val
24222,20,1,5,22,test,val
24223,20,1,5,23,test,val
24224,20,1,5,24,test,val
24225,20,1,5,25,test,val
24226,20,1,5,26,test,val
24227,20,1,5,27,test,val
24228,20,1,5,28,test,val
24229,20,1,5,29,test,val
24230,20,1,5,30,test,val
24231,20,1,5,31,test,val
24232,20,1,5,32,test,val
24233,20,1,5,33,test,val
24234,20,1,5,34,test,val
24235,20,1,5,35,test,val
24236,20,1,5,36,test,val
24237,20,1,5,37,test,val
24238,20,1,5,38,test,val
24239,20,1,5,39,test,val
24240,20,1,5,40,test,val
24241,20,1,5,41,test,val
24242,20,1,5,42,test,val
24243,20,1,5,43,test,val
24244,20,1,5,44,test,val
24245,20,1,5,45,test,val
24246,20,1,5,46,test,val
24247,20,1,5,47,test,val
24248,20,1,5,48,test,val
24249,20,1,5,49,test,val
24250,20,1,5,50,test,val
24251,20,2,1,1,train,val
24252,20,2,1,2,train,val
24253,20,2,1,3,train,val
24254,20,2,1,4,train,val
24255,20,2,1,5,train,val
24256,20,2,1,6,train,val
24257,20,2,1,7,train,val
24258,20,2,1,8,train,val
24259,20,2,1,9,train,val
24260,20,2,1,10,train,val
24261,20,2,1,11,train,val
24262,20,2,1,12,train,val
24263,20,2,1,13,train,val
24264,20,2,1,14,train,val
24265,20,2,1,15,train,val
24266,20,2,1,16,train,val
24267,20,2,1,17,train,val
24268,20,2,1,18,train,val
24269,20,2,1,19,train,val
24270,20,2,1,20,train,val
24271,20,2,1,21,train,val
24272,20,2,1,22,train,val
24273,20,2,1,23,train,val
24274,20,2,1,24,train,val
24275,20,2,1,25,train,val
24276,20,2,1,26,train,val
24277,20,2,1,27,train,val
24278,20,2,1,28,train,val
24279,20,2,1,29,train,val
24280,20,2,1,30,train,val
24281,20,2,1,31,train,val
24282,20,2,1,32,train,val
24283,20,2,1,33,train,val
24284,20,2,1,34,train,val
24285,20,2,1,35,train,val
24286,20,2,1,36,train,val
24287,20,2,1,37,train,val
24288,20,2,1,38,train,val
24289,20,2,1,39,train,val
24290,20,2,1,40,train,val
24291,20,2,1,41,train,val
24292,20,2,1,42,train,val
24293,20,2,1,43,train,val
24294,20,2,1,44,train,val
24295,20,2,1,45,train,val
24296,20,2,1,46,train,val
24297,20,2,1,47,train,val
24298,20,2,1,48,train,val
24299,20,2,1,49,train,val
24300,20,2,1,50,train,val
24301,20,2,2,1,train,val
24302,20,2,2,2,train,val
24303,20,2,2,3,train,val
24304,20,2,2,4,train,val
24305,20,2,2,5,train,val
24306,20,2,2,6,train,val
24307,20,2,2,7,train,val
24308,20,2,2,8,train,val
24309,20,2,2,9,train,val
24310,20,2,2,10,train,val
24311,20,2,2,11,train,val
24312,20,2,2,12,train,val
24313,20,2,2,13,train,val
24314,20,2,2,14,train,val
24315,20,2,2,15,train,val
24316,20,2,2,16,train,val
24317,20,2,2,17,train,val
24318,20,2,2,18,train,val
24319,20,2,2,19,train,val
24320,20,2,2,20,train,val
24321,20,2,2,21,train,val
24322,20,2,2,22,train,val
24323,20,2,2,23,train,val
24324,20,2,2,24,train,val
24325,20,2,2,25,train,val
24326,20,2,2,26,train,val
24327,20,2,2,27,train,val
24328,20,2,2,28,train,val
24329,20,2,2,29,train,val
24330,20,2,2,30,train,val
24331,20,2,2,31,train,val
24332,20,2,2,32,train,val
24333,20,2,2,33,train,val
24334,20,2,2,34,train,val
24335,20,2,2,35,train,val
24336,20,2,2,36,train,val
24337,20,2,2,37,train,val
24338,20,2,2,38,train,val
24339,20,2,2,39,train,val
24340,20,2,2,40,train,val
24341,20,2,2,41,train,val
24342,20,2,2,42,train,val
24343,20,2,2,43,train,val
24344,20,2,2,44,train,val
24345,20,2,2,45,train,val
24346,20,2,2,46,train,val
24347,20,2,2,47,train,val
24348,20,2,2,48,train,val
24349,20,2,2,49,train,val
24350,20,2,2,50,train,val
24351,20,2,3,1,train,val
24352,20,2,3,2,train,val
24353,20,2,3,3,train,val
24354,20,2,3,4,train,val
24355,20,2,3,5,train,val
24356,20,2,3,6,train,val
24357,20,2,3,7,train,val
24358,20,2,3,8,train,val
24359,20,2,3,9,train,val
24360,20,2,3,10,train,val
24361,20,2,3,11,train,val
24362,20,2,3,12,train,val
24363,20,2,3,13,train,val
24364,20,2,3,14,train,val
24365,20,2,3,15,train,val
24366,20,2,3,16,train,val
24367,20,2,3,17,train,val
24368,20,2,3,18,train,val
24369,20,2,3,19,train,val
24370,20,2,3,20,train,val
24371,20,2,3,21,train,val
24372,20,2,3,22,train,val
24373,20,2,3,23,train,val
24374,20,2,3,24,train,val
24375,20,2,3,25,train,val
24376,20,2,3,26,train,val
24377,20,2,3,27,train,val
24378,20,2,3,28,train,val
24379,20,2,3,29,train,val
24380,20,2,3,30,train,val
24381,20,2,3,31,train,val
24382,20,2,3,32,train,val
24383,20,2,3,33,train,val
24384,20,2,3,34,train,val
24385,20,2,3,35,train,val
24386,20,2,3,36,train,val
24387,20,2,3,37,train,val
24388,20,2,3,38,train,val
24389,20,2,3,39,train,val
24390,20,2,3,40,train,val
24391,20,2,3,41,train,val
24392,20,2,3,42,train,val
24393,20,2,3,43,train,val
24394,20,2,3,44,train,val
24395,20,2,3,45,train,val
24396,20,2,3,46,train,val
24397,20,2,3,47,train,val
24398,20,2,3,48,train,val
24399,20,2,3,49,train,val
24400,20,2,3,50,train,val
24401,20,2,4,1,val,val
24402,20,2,4,2,val,val
24403,20,2,4,3,val,val
24404,20,2,4,4,val,val
24405,20,2,4,5,val,val
24406,20,2,4,6,val,val
24407,20,2,4,7,val,val
24408,20,2,4,8,val,val
24409,20,2,4,9,val,val
24410,20,2,4,10,val,val
24411,20,2,4,11,val,val
24412,20,2,4,12,val,val
24413,20,2,4,13,val,val
24414,20,2,4,14,val,val
24415,20,2,4,15,val,val
24416,20,2,4,16,val,val
24417,20,2,4,17,val,val
24418,20,2,4,18,val,val
24419,20,2,4,19,val,val
24420,20,2,4,20,val,val
24421,20,2,4,21,val,val
24422,20,2,4,22,val,val
24423,20,2,4,23,val,val
24424,20,2,4,24,val,val
24425,20,2,4,25,val,val
24426,20,2,4,26,val,val
24427,20,2,4,27,val,val
24428,20,2,4,28,val,val
24429,20,2,4,29,val,val
24430,20,2,4,30,val,val
24431,20,2,4,31,val,val
24432,20,2,4,32,val,val
24433,20,2,4,33,val,val
24434,20,2,4,34,val,val
24435,20,2,4,35,val,val
24436,20,2,4,36,val,val
24437,20,2,4,37,val,val
24438,20,2,4,38,val,val
24439,20,2,4,39,val,val
24440,20,2,4,40,val,val
24441,20,2,4,41,val,val
24442,20,2,4,42,val,val
24443,20,2,4,43,val,val
24444,20,2,4,44,val,val
24445,20,2,4,45,val,val
24446,20,2,4,46,val,val
24447,20,2,4,47,val,val
24448,20,2,4,48,val,val
24449,20,2,4,49,val,val
24450,20,2,4,50,val,val
24451,20,2,5,1,test,val
24452,20,2,5,2,test,val
24453,20,2,5,3,test,val
24454,20,2,5,4,test,val
24455,20,2,5,5,test,val
24456,20,2,5,6,test,val
24457,20,2,5,7,test,val
24458,20,2,5,8,test,val
24459,20,2,5,9,test,val
24460,20,2,5,10,test,val
24461,20,2,5,11,test,val
24462,20,2,5,12,test,val
24463,20,2,5,13,test,val
24464,20,2,5,14,test,val
24465,20,2,5,15,test,val
24466,20,2,5,16,test,val
24467,20,2,5,17,test,val
24468,20,2,5,18,test,val
24469,20,2,5,19,test,val
24470,20,2,5,20,test,val
24471,20,2,5,21,test,val
24472,20,2,5,22,test,val
24473,20,2,5,23,test,val
24474,20,2,5,24,test,val
24475,20,2,5,25,test,val
24476,20,2,5,26,test,val
24477,20,2,5,27,test,val
24478,20,2,5,28,test,val
24479,20,2,5,29,test,val
24480,20,2,5,30,test,val
24481,20,2,5,31,test,val
24482,20,2,5,32,test,val
24483,20,2,5,33,test,val
24484,20,2,5,34,test,val
24485,20,2,5,35,test,val
24486,20,2,5,36,test,val
24487,20,2,5,37,test,val
24488,20,2,5,38,test,val
24489,20,2,5,39,test,val
24490,20,2,5,40,test,val
24491,20,2,5,41,test,val
24492,20,2,5,42,test,val
24493,20,2,5,43,test,val
24494,20,2,5,44,test,val
24495,20,2,5,45,test,val
24496,20,2,5,46,test,val
24497,20,2,5,47,test,val
24498,20,2,5,48,test,val
24499,20,2,5,49,test,val
24500,20,2,5,50,test,val
24501,20,3,1,1,train,val
24502,20,3,1,2,train,val
24503,20,3,1,3,train,val
24504,20,3,1,4,train,val
24505,20,3,1,5,train,val
24506,20,3,1,6,train,val
24507,20,3,1,7,train,val
24508,20,3,1,8,train,val
24509,20,3,1,9,train,val
24510,20,3,1,10,train,val
24511,20,3,1,11,train,val
24512,20,3,1,12,train,val
24513,20,3,1,13,train,val
24514,20,3,1,14,train,val
24515,20,3,1,15,train,val
24516,20,3,1,16,train,val
24517,20,3,1,17,train,val
24518,20,3,1,18,train,val
24519,20,3,1,19,train,val
24520,20,3,1,20,train,val
24521,20,3,1,21,train,val
24522,20,3,1,22,train,val
24523,20,3,1,23,train,val
24524,20,3,1,24,train,val
24525,20,3,1,25,train,val
24526,20,3,1,26,train,val
24527,20,3,1,27,train,val
24528,20,3,1,28,train,val
24529,20,3,1,29,train,val
24530,20,3,1,30,train,val
24531,20,3,1,31,train,val
24532,20,3,1,32,train,val
24533,20,3,1,33,train,val
24534,20,3,1,34,train,val
24535,20,3,1,35,train,val
24536,20,3,1,36,train,val
24537,20,3,1,37,train,val
24538,20,3,1,38,train,val
24539,20,3,1,39,train,val
24540,20,3,1,40,train,val
24541,20,3,1,41,train,val
24542,20,3,1,42,train,val
24543,20,3,1,43,train,val
24544,20,3,1,44,train,val
24545,20,3,1,45,train,val
24546,20,3,1,46,train,val
24547,20,3,1,47,train,val
24548,20,3,1,48,train,val
24549,20,3,1,49,train,val
24550,20,3,1,50,train,val
24551,20,3,2,1,train,val
24552,20,3,2,2,train,val
24553,20,3,2,3,train,val
24554,20,3,2,4,train,val
24555,20,3,2,5,train,val
24556,20,3,2,6,train,val
24557,20,3,2,7,train,val
24558,20,3,2,8,train,val
24559,20,3,2,9,train,val
24560,20,3,2,10,train,val
24561,20,3,2,11,train,val
24562,20,3,2,12,train,val
24563,20,3,2,13,train,val
24564,20,3,2,14,train,val
24565,20,3,2,15,train,val
24566,20,3,2,16,train,val
24567,20,3,2,17,train,val
24568,20,3,2,18,train,val
24569,20,3,2,19,train,val
24570,20,3,2,20,train,val
24571,20,3,2,21,train,val
24572,20,3,2,22,train,val
24573,20,3,2,23,train,val
24574,20,3,2,24,train,val
24575,20,3,2,25,train,val
24576,20,3,2,26,train,val
24577,20,3,2,27,train,val
24578,20,3,2,28,train,val
24579,20,3,2,29,train,val
24580,20,3,2,30,train,val
24581,20,3,2,31,train,val
24582,20,3,2,32,train,val
24583,20,3,2,33,train,val
24584,20,3,2,34,train,val
24585,20,3,2,35,train,val
24586,20,3,2,36,train,val
24587,20,3,2,37,train,val
24588,20,3,2,38,train,val
24589,20,3,2,39,train,val
24590,20,3,2,40,train,val
24591,20,3,2,41,train,val
24592,20,3,2,42,train,val
24593,20,3,2,43,train,val
24594,20,3,2,44,train,val
24595,20,3,2,45,train,val
24596,20,3,2,46,train,val
24597,20,3,2,47,train,val
24598,20,3,2,48,train,val
24599,20,3,2,49,train,val
24600,20,3,2,50,train,val
24601,20,3,3,1,train,val
24602,20,3,3,2,train,val
24603,20,3,3,3,train,val
24604,20,3,3,4,train,val
24605,20,3,3,5,train,val
24606,20,3,3,6,train,val
24607,20,3,3,7,train,val
24608,20,3,3,8,train,val
24609,20,3,3,9,train,val
24610,20,3,3,10,train,val
24611,20,3,3,11,train,val
24612,20,3,3,12,train,val
24613,20,3,3,13,train,val
24614,20,3,3,14,train,val
24615,20,3,3,15,train,val
24616,20,3,3,16,train,val
24617,20,3,3,17,train,val
24618,20,3,3,18,train,val
24619,20,3,3,19,train,val
24620,20,3,3,20,train,val
24621,20,3,3,21,train,val
24622,20,3,3,22,train,val
24623,20,3,3,23,train,val
24624,20,3,3,24,train,val
24625,20,3,3,25,train,val
24626,20,3,3,26,train,val
24627,20,3,3,27,train,val
24628,20,3,3,28,train,val
24629,20,3,3,29,train,val
24630,20,3,3,30,train,val
24631,20,3,3,31,train,val
24632,20,3,3,32,train,val
24633,20,3,3,33,train,val
24634,20,3,3,34,train,val
24635,20,3,3,35,train,val
24636,20,3,3,36,train,val
24637,20,3,3,37,train,val
24638,20,3,3,38,train,val
24639,20,3,3,39,train,val
24640,20,3,3,40,train,val
24641,20,3,3,41,train,val
24642,20,3,3,42,train,val
24643,20,3,3,43,train,val
24644,20,3,3,44,train,val
24645,20,3,3,45,train,val
24646,20,3,3,46,train,val
24647,20,3,3,47,train,val
24648,20,3,3,48,train,val
24649,20,3,3,49,train,val
24650,20,3,3,50,train,val
24651,20,3,4,1,val,val
24652,20,3,4,2,val,val
24653,20,3,4,3,val,val
24654,20,3,4,4,val,val
24655,20,3,4,5,val,val
24656,20,3,4,6,val,val
24657,20,3,4,7,val,val
24658,20,3,4,8,val,val
24659,20,3,4,9,val,val
24660,20,3,4,10,val,val
24661,20,3,4,11,val,val
24662,20,3,4,12,val,val
24663,20,3,4,13,val,val
24664,20,3,4,14,val,val
24665,20,3,4,15,val,val
24666,20,3,4,16,val,val
24667,20,3,4,17,val,val
24668,20,3,4,18,val,val
24669,20,3,4,19,val,val
24670,20,3,4,20,val,val
24671,20,3,4,21,val,val
24672,20,3,4,22,val,val
24673,20,3,4,23,val,val
24674,20,3,4,24,val,val
24675,20,3,4,25,val,val
24676,20,3,4,26,val,val
24677,20,3,4,27,val,val
24678,20,3,4,28,val,val
24679,20,3,4,29,val,val
24680,20,3,4,30,val,val
24681,20,3,4,31,val,val
24682,20,3,4,32,val,val
24683,20,3,4,33,val,val
24684,20,3,4,34,val,val
24685,20,3,4,35,val,val
24686,20,3,4,36,val,val
24687,20,3,4,37,val,val
24688,20,3,4,38,val,val
24689,20,3,4,39,val,val
24690,20,3,4,40,val,val
24691,20,3,4,41,val,val
24692,20,3,4,42,val,val
24693,20,3,4,43,val,val
24694,20,3,4,44,val,val
24695,20,3,4,45,val,val
24696,20,3,4,46,val,val
24697,20,3,4,47,val,val
24698,20,3,4,48,val,val
24699,20,3,4,49,val,val
24700,20,3,4,50,val,val
24701,20,3,5,1,test,val
24702,20,3,5,2,test,val
24703,20,3,5,3,test,val
24704,20,3,5,4,test,val
24705,20,3,5,5,test,val
24706,20,3,5,6,test,val
24707,20,3,5,7,test,val
24708,20,3,5,8,test,val
24709,20,3,5,9,test,val
24710,20,3,5,10,test,val
24711,20,3,5,11,test,val
24712,20,3,5,12,test,val
24713,20,3,5,13,test,val
24714,20,3,5,14,test,val
24715,20,3,5,15,test,val
24716,20,3,5,16,test,val
24717,20,3,5,17,test,val
24718,20,3,5,18,test,val
24719,20,3,5,19,test,val
24720,20,3,5,20,test,val
24721,20,3,5,21,test,val
24722,20,3,5,22,test,val
24723,20,3,5,23,test,val
24724,20,3,5,24,test,val
24725,20,3,5,25,test,val
24726,20,3,5,26,test,val
24727,20,3,5,27,test,val
24728,20,3,5,28,test,val
24729,20,3,5,29,test,val
24730,20,3,5,30,test,val
24731,20,3,5,31,test,val
24732,20,3,5,32,test,val
24733,20,3,5,33,test,val
24734,20,3,5,34,test,val
24735,20,3,5,35,test,val
24736,20,3,5,36,test,val
24737,20,3,5,37,test,val
24738,20,3,5,38,test,val
24739,20,3,5,39,test,val
24740,20,3,5,40,test,val
24741,20,3,5,41,test,val
24742,20,3,5,42,test,val
24743,20,3,5,43,test,val
24744,20,3,5,44,test,val
24745,20,3,5,45,test,val
24746,20,3,5,46,test,val
24747,20,3,5,47,test,val
24748,20,3,5,48,test,val
24749,20,3,5,49,test,val
24750,20,3,5,50,test,val
24751,20,4,1,1,train,val
24752,20,4,1,2,train,val
24753,20,4,1,3,train,val
24754,20,4,1,4,train,val
24755,20,4,1,5,train,val
24756,20,4,1,6,train,val
24757,20,4,1,7,train,val
24758,20,4,1,8,train,val
24759,20,4,1,9,train,val
24760,20,4,1,10,train,val
24761,20,4,1,11,train,val
24762,20,4,1,12,train,val
24763,20,4,1,13,train,val
24764,20,4,1,14,train,val
24765,20,4,1,15,train,val
24766,20,4,1,16,train,val
24767,20,4,1,17,train,val
24768,20,4,1,18,train,val
24769,20,4,1,19,train,val
24770,20,4,1,20,train,val
24771,20,4,1,21,train,val
24772,20,4,1,22,train,val
24773,20,4,1,23,train,val
24774,20,4,1,24,train,val
24775,20,4,1,25,train,val
24776,20,4,1,26,train,val
24777,20,4,1,27,train,val
24778,20,4,1,28,train,val
24779,20,4,1,29,train,val
24780,20,4,1,30,train,val
24781,20,4,1,31,train,val
24782,20,4,1,32,train,val
24783,20,4,1,33,train,val
24784,20,4,1,34,train,val
24785,20,4,1,35,train,val
24786,20,4,1,36,train,val
24787,20,4,1,37,train,val
24788,20,4,1,38,train,val
24789,20,4,1,39,train,val
24790,20,4,1,40,train,val
24791,20,4,1,41,train,val
24792,20,4,1,42,train,val
24793,20,4,1,43,train,val
24794,20,4,1,44,train,val
24795,20,4,1,45,train,val
24796,20,4,1,46,train,val
24797,20,4,1,47,train,val
24798,20,4,1,48,train,val
24799,20,4,1,49,train,val
24800,20,4,1,50,train,val
24801,20,4,2,1,train,val
24802,20,4,2,2,train,val
24803,20,4,2,3,train,val
24804,20,4,2,4,train,val
24805,20,4,2,5,train,val
24806,20,4,2,6,train,val
24807,20,4,2,7,train,val
24808,20,4,2,8,train,val
24809,20,4,2,9,train,val
24810,20,4,2,10,train,val
24811,20,4,2,11,train,val
24812,20,4,2,12,train,val
24813,20,4,2,13,train,val
24814,20,4,2,14,train,val
24815,20,4,2,15,train,val
24816,20,4,2,16,train,val
24817,20,4,2,17,train,val
24818,20,4,2,18,train,val
24819,20,4,2,19,train,val
24820,20,4,2,20,train,val
24821,20,4,2,21,train,val
24822,20,4,2,22,train,val
24823,20,4,2,23,train,val
24824,20,4,2,24,train,val
24825,20,4,2,25,train,val
24826,20,4,2,26,train,val
24827,20,4,2,27,train,val
24828,20,4,2,28,train,val
24829,20,4,2,29,train,val
24830,20,4,2,30,train,val
24831,20,4,2,31,train,val
24832,20,4,2,32,train,val
24833,20,4,2,33,train,val
24834,20,4,2,34,train,val
24835,20,4,2,35,train,val
24836,20,4,2,36,train,val
24837,20,4,2,37,train,val
24838,20,4,2,38,train,val
24839,20,4,2,39,train,val
24840,20,4,2,40,train,val
24841,20,4,2,41,train,val
24842,20,4,2,42,train,val
24843,20,4,2,43,train,val
24844,20,4,2,44,train,val
24845,20,4,2,45,train,val
24846,20,4,2,46,train,val
24847,20,4,2,47,train,val
24848,20,4,2,48,train,val
24849,20,4,2,49,train,val
24850,20,4,2,50,train,val
24851,20,4,3,1,train,val
24852,20,4,3,2,train,val
24853,20,4,3,3,train,val
24854,20,4,3,4,train,val
24855,20,4,3,5,train,val
24856,20,4,3,6,train,val
24857,20,4,3,7,train,val
24858,20,4,3,8,train,val
24859,20,4,3,9,train,val
24860,20,4,3,10,train,val
24861,20,4,3,11,train,val
24862,20,4,3,12,train,val
24863,20,4,3,13,train,val
24864,20,4,3,14,train,val
24865,20,4,3,15,train,val
24866,20,4,3,16,train,val
24867,20,4,3,17,train,val
24868,20,4,3,18,train,val
24869,20,4,3,19,train,val
24870,20,4,3,20,train,val
24871,20,4,3,21,train,val
24872,20,4,3,22,train,val
24873,20,4,3,23,train,val
24874,20,4,3,24,train,val
24875,20,4,3,25,train,val
24876,20,4,3,26,train,val
24877,20,4,3,27,train,val
24878,20,4,3,28,train,val
24879,20,4,3,29,train,val
24880,20,4,3,30,train,val
24881,20,4,3,31,train,val
24882,20,4,3,32,train,val
24883,20,4,3,33,train,val
24884,20,4,3,34,train,val
24885,20,4,3,35,train,val
24886,20,4,3,36,train,val
24887,20,4,3,37,train,val
24888,20,4,3,38,train,val
24889,20,4,3,39,train,val
24890,20,4,3,40,train,val
24891,20,4,3,41,train,val
24892,20,4,3,42,train,val
24893,20,4,3,43,train,val
24894,20,4,3,44,train,val
24895,20,4,3,45,train,val
24896,20,4,3,46,train,val
24897,20,4,3,47,train,val
24898,20,4,3,48,train,val
24899,20,4,3,49,train,val
24900,20,4,3,50,train,val
24901,20,4,4,1,val,val
24902,20,4,4,2,val,val
24903,20,4,4,3,val,val
24904,20,4,4,4,val,val
24905,20,4,4,5,val,val
24906,20,4,4,6,val,val
24907,20,4,4,7,val,val
24908,20,4,4,8,val,val
24909,20,4,4,9,val,val
24910,20,4,4,10,val,val
24911,20,4,4,11,val,val
24912,20,4,4,12,val,val
24913,20,4,4,13,val,val
24914,20,4,4,14,val,val
24915,20,4,4,15,val,val
24916,20,4,4,16,val,val
24917,20,4,4,17,val,val
24918,20,4,4,18,val,val
24919,20,4,4,19,val,val
24920,20,4,4,20,val,val
24921,20,4,4,21,val,val
24922,20,4,4,22,val,val
24923,20,4,4,23,val,val
24924,20,4,4,24,val,val
24925,20,4,4,25,val,val
24926,20,4,4,26,val,val
24927,20,4,4,27,val,val
24928,20,4,4,28,val,val
24929,20,4,4,29,val,val
24930,20,4,4,30,val,val
24931,20,4,4,31,val,val
24932,20,4,4,32,val,val
24933,20,4,4,33,val,val
24934,20,4,4,34,val,val
24935,20,4,4,35,val,val
24936,20,4,4,36,val,val
24937,20,4,4,37,val,val
24938,20,4,4,38,val,val
24939,20,4,4,39,val,val
24940,20,4,4,40,val,val
24941,20,4,4,41,val,val
24942,20,4,4,42,val,val
24943,20,4,4,43,val,val
24944,20,4,4,44,val,val
24945,20,4,4,45,val,val
24946,20,4,4,46,val,val
24947,20,4,4,47,val,val
24948,20,4,4,48,val,val
24949,20,4,4,49,val,val
24950,20,4,4,50,val,val
24951,20,4,5,1,test,val
24952,20,4,5,2,test,val
24953,20,4,5,3,test,val
24954,20,4,5,4,test,val
24955,20,4,5,5,test,val
24956,20,4,5,6,test,val
24957,20,4,5,7,test,val
24958,20,4,5,8,test,val
24959,20,4,5,9,test,val
24960,20,4,5,10,test,val
24961,20,4,5,11,test,val
24962,20,4,5,12,test,val
24963,20,4,5,13,test,val
24964,20,4,5,14,test,val
24965,20,4,5,15,test,val
24966,20,4,5,16,test,val
24967,20,4,5,17,test,val
24968,20,4,5,18,test,val
24969,20,4,5,19,test,val
24970,20,4,5,20,test,val
24971,20,4,5,21,test,val
24972,20,4,5,22,test,val
24973,20,4,5,23,test,val
24974,20,4,5,24,test,val
24975,20,4,5,25,test,val
24976,20,4,5,26,test,val
24977,20,4,5,27,test,val
24978,20,4,5,28,test,val
24979,20,4,5,29,test,val
24980,20,4,5,30,test,val
24981,20,4,5,31,test,val
24982,20,4,5,32,test,val
24983,20,4,5,33,test,val
24984,20,4,5,34,test,val
24985,20,4,5,35,test,val
24986,20,4,5,36,test,val
24987,20,4,5,37,test,val
24988,20,4,5,38,test,val
24989,20,4,5,39,test,val
24990,20,4,5,40,test,val
24991,20,4,5,41,test,val
24992,20,4,5,42,test,val
24993,20,4,5,43,test,val
24994,20,4,5,44,test,val
24995,20,4,5,45,test,val
24996,20,4,5,46,test,val
24997,20,4,5,47,test,val
24998,20,4,5,48,test,val
24999,20,4,5,49,test,val
25000,20,4,5,50,test,val
